0.06520793738455062
0.10281954847731153
-0.08152759648194298
0.01007780143030765
0.17904527556919220
0.05778615167313361
-0.03909851006161371
0.12779330499195621
-0.03961859408816436
0.07889831926472794
-0.03250902110242769
-0.00359716775371005
0.03946555648402141
-0.04095805985090007
-0.16708461552573750
0.12685149116422798
-0.04586058779079457
-0.17076500492459407
0.13740807952994860
-0.07646718949131683
0.02495639036121087
-0.08729490878363794
-0.11377651411074846
0.07184090729694981
-0.01590906823153936
-0.06211470091960994
0.16797327446741120
0.05603140852282849
-0.03487911167420216
0.04703284283986667
0.01425785513636888
-0.08316531543984074
-0.08659663435491104
0.02651185845095131
-0.12075096504617651
-0.09294373878872673
0.05492039237612963
0.13548336690645954
-0.01144606734877642
-0.01037262361788295
0.02770861961846669
-0.03066004727653711
0.05280382889857117
0.08454464760298082
0.02384665160591977
0.04207779745617442
0.04418044430805495
-0.19202194303719256
0.16414638350072799
-0.03459501625333128
-0.02249225340997808
-0.03430285756798698
-0.03396787378888468
-0.00620080668781049
0.07299189250469049
0.07284129413171955
0.05369032600639397
-0.09370097054769484
0.11649145043393107
-0.02657221437426369
-0.10571951078116874
-0.07896603050163491
0.03235615060546269
0.14470924828278120
0.06853469964068444
0.06939388722162390
-0.09019539500287624
0.14695489369131057
0.07611815543706220
-0.00326225367593379
0.00008073686750533
0.11638826373502753
0.02561526523508347
-0.05357630760867755
-0.21887717368488982
-0.05012420428776633
0.02078302739591954
-0.04037263992318531
0.01848286076337615
0.03477049022509542
0.05752034239325189
0.01696642033092868
-0.13478631176911057
-0.06821370801290495
-0.01009004155720178
-0.04123244565610632
-0.11433761952316367
0.00581557418177522
-0.01944715063866035
0.10809447228836984
-0.04283685533235113
0.05100288539142022
0.06103033721730579
0.06554672216318540
0.19298878935808578
-0.04576333771319258
0.16677592421855303
0.08925931326179525
-0.01443933387021179
0.10215730906819438
0.00545650461638044
0.02380141570108923
0.05796009806024410
0.15190239415036888
-0.09301544798324722
0.04787021171598872
-0.01053803421828098
0.05870143507952809
0.19787156660794519
-0.12223730914502512
-0.07211699554161421
-0.03309173739873093
0.06585082019619103
0.13242225489302320
-0.04400720359573724
-0.10466294955482473
0.03923478988256777
-0.12737178162303134
-0.15134282640335078
0.04174498198372761
0.12832171283259697
0.01410474388287465
0.02090413337584964
-0.10160833805114290
-0.08269101918405743
0.09914524961697938
0.07157936744315457
-0.05639844516702414
-0.12513841422901767
-0.05747446849197949
-0.13933477021980359
-0.07925186469728843
0.03176863076528180
-0.00152953701284945
0.05976174260831114
0.01909375026417192
-0.03786596465337357
0.04948588508211736
-0.12325479383877966
0.02030987662197446
0.10242363407341770
0.07649988379660910
-0.04027219850463489
0.07526384126815962
0.03911987947617553
-0.01700763060629861
-0.17729697442958745
0.15722702086313134
-0.04322157297075138
0.00059708688652237
-0.00291298548736570
-0.06301703676639299
-0.05400363736326075
-0.04046166823660358
0.06975449690968030
0.05296343661024987
-0.01436985781202762
0.05281103949939010
0.05661178591475357
-0.03100985869822470
-0.08219459426579666
-0.00194253684425341
0.12744580698769148
-0.00930002938702059
-0.07806166646427980
0.23407285739663969
-0.05742051220416799
0.01747220466993913
0.09508814044175229
0.08959720753365985
-0.02420419689084815
0.03927589009136653
0.04151197589412821
-0.07699337406705314
-0.17758640420670954
-0.10389181089244429
0.01228586220101164
-0.00344669596703734
-0.00427828282682884
-0.07199277724516093
0.13487722020494666
0.09998967091971435
-0.11313771894485242
0.01885287795773413
-0.00272923654061139
0.00663210453346313
0.04447262415692450
-0.04445568469203360
-0.04547760305130460
-0.00204783718915400
-0.12077486357689086
-0.10138504631560426
-0.08076179772212855
-0.08683005208553447
-0.06577431086888628
-0.03693728467210518
-0.01267358611685151
-0.04409333618886871
0.10672076513356878
-0.00784712829530244
0.09738540152501114
-0.05121398548291618
0.03927788223540714
0.17860108869410274
0.06655027100914046
-0.00918601564653630
0.00134677876952891
0.00792276113538668
-0.08631835245955920
-0.05164035978624545
0.05081273854662021
0.07355081026105759
0.02908555861029581
0.01211031353122442
0.02251311184943379
-0.14439224770611661
0.03312085899094315
-0.10529603125218293
0.00795489426230707
-0.01736643582069317
0.02917753744118109
-0.09672778092502986
0.16468459773059149
0.17629432598247241
-0.13436164153973204
-0.05372616200270152
0.08639887830528410
0.01647794523868682
-0.03686162222792948
-0.04411828798600742
0.14981760843685757
0.00143570691652358
0.20733658515736533
0.05322996054661402
-0.03139128489486587
-0.11078814906174929
0.00149755554763335
0.01190571151221824
-0.07873414516441604
0.12225085471423446
-0.02182065105582933
-0.11917217403605050
0.05239348663615923
0.12554831986034076
-0.04006457677540816
-0.04998524944586058
0.05832079984218373
-0.04498674042547527
-0.01007433618998391
-0.12482948547427970
0.14303123482324717
-0.07872227755727583
0.00232052301901146
-0.01915297727002371
0.09054308835484014
0.05431676429805586
0.16201293556122098
-0.01993636995373828
-0.01608572182385942
-0.04540232743942882
-0.05334641799308543
0.20671761515182088
0.10241105343166709
0.04133266764974106
0.04605237008336469
-0.07148241775980135
0.07354746639568188
-0.02984653033425951
0.05831265327162900
0.05691385086698167
0.03610234776664718
-0.16440704135772125
-0.06100661030976157
0.02907626373603927
0.06811424170645898
-0.23724575002001103
-0.01575044143850594
0.00493997186915827
-0.06531636835708012
-0.10853328967890812
0.00644178415003135
-0.19767582178402046
0.10578002489996130
0.09118242267412197
-0.02185705981160260
0.16496329764538101
-0.00069700448429627
0.10385590498892655
0.12638699148637242
0.07071414148567333
0.12336594759459088
0.05386035664696293
0.03729455558360981
0.07743723316875861
-0.02376774719883384
0.01240000462810103
0.04564408555277002
0.08710848761531122
-0.05514519829866622
0.12494389170181616
0.03571261467735146
0.01185096739283780
-0.12996431212142265
-0.14255662422822113
0.09082135849502448
0.01289360017255890
0.02520208995538424
-0.04414918280764035
-0.04245452049009434
0.09096056258734693
0.02861769590122781
0.10928938747168518
0.01007705228491737
-0.05497794409889850
0.07620966660024257
-0.07243324460551821
0.04282087744265747
0.06909748942315458
-0.03090867752822689
0.10617943042006182
-0.07648336617695072
-0.13548231971297472
0.02903543673455104
-0.02279846977013964
0.07803952259244074
-0.27960043177151628
-0.03713206575242646
-0.12353381595389908
-0.09404692465470006
-0.10263235397957517
0.06710438959478210
0.02114179989551758
0.08125115837119297
0.03297830573164266
-0.14434460357992879
-0.02907302336703957
0.04666412702461717
0.02407089585493620
-0.02126416544395261
-0.10572051234316111
0.08532424087533380
-0.00078071556404977
0.01605271731391130
-0.00317949297714135
-0.09381681990578529
0.12607414407167097
0.02885994246195592
0.03883096411617160
-0.07814635960223969
-0.17490416234536404
-0.01993971770825598
0.06801274268490085
0.11213767099391590
-0.11428699695276551
0.14617412951143491
0.06684457783263305
-0.06941276535060271
-0.06704850811968420
0.06873133840881755
0.05868973345785879
0.01447252712642533
0.05268562535732521
0.04156974909539266
-0.02949861054990192
0.18838832503647215
0.12118323366411911
0.00992939462017114
-0.00493061962215185
-0.00185058303592545
0.06588695564573091
-0.04560475678561192
-0.08373929504090408
-0.02579793839395816
0.01317007109952410
-0.01791369585797909
0.04862964873220834
-0.11765829432892974
-0.06673807542683480
0.09868675664788343
0.19045097807979777
0.01369205614406603
-0.04488269383928244
-0.02700359284542958
-0.01230247603329352
-0.10652029208342977
-0.04414979007746309
0.13451951172063076
0.00515543370455815
0.11845139346826811
0.11588352760470760
0.05104993546835330
0.05164832422957498
0.00573831674983854
0.05764275963180322
0.06235670860303014
0.16829646160869680
-0.01934953137520933
-0.00847913571822884
-0.13585414900954981
-0.10904311324016390
-0.10560574124368385
-0.14906653034641748
-0.04067553829682052
0.01587899746705221
-0.08386568769205829
0.02384566136792649
0.13557803299498916
0.01187187259717489
0.00906476815276647
-0.05591679413988559
0.04851816200357445
-0.02582719224479722
0.10974309430542263
-0.00029745311440137
-0.02705374426778029
0.09270641384514959
0.00016255867490622
-0.00508838966075328
-0.06466486993137709
-0.03513390198847044
-0.03661635387929254
-0.05807794520578113
0.11902397441585341
0.00487669248816289
-0.04837154892431021
0.09655325967648182
0.05187044039887998
0.02462112318034856
0.14061376673418544
0.10865027485965567
0.13576014493605140
-0.07336345831459194
0.06227474505281076
-0.13222035362850690
-0.01222148350406141
-0.00488670046369664
-0.12105596679772145
-0.01584500172754457
-0.05377064322907495
-0.02445120867948763
0.03217303520157191
0.19346092356765904
-0.03687695899413949
0.13163730436209911
-0.11978191768666013
-0.01216093616978851
0.09445207784924067
0.14072060204688525
-0.07269068702016546
0.15220151022466413
-0.10460036326070128
0.05323629081763381
0.00419904317467707
-0.09589533771199685
-0.06604760961353472
-0.01048280235798792
0.10298096081791261
0.03264446994275162
0.06210207702941889
0.07005041513604883
-0.08789017317200690
0.10069821919560500
0.08943686461868300
0.01551666648643652
0.02687353418960431
-0.19440568328146074
-0.00207998185196643
0.11383151388446065
0.03896477015865071
-0.15240161685648046
0.17120274417341436
-0.13462427615977635
-0.01200026093366768
-0.07994931385002126
0.11386259120608827
0.00226833421974701
0.01743719033819635
0.01444823608981190
-0.00246753707244599
0.05419417968271761
-0.00725264826177848
-0.04765168513748649
0.11505800166426872
-0.02876512560193246
0.04666304443772525
-0.05344846247634710
-0.02873591125602849
-0.04641878757512334
0.06286351110937030
-0.06005850140611146
0.06134909736554561
0.04501841306689644
0.07269293331960640
0.01690137440948709
0.10161483338504652
-0.03273130579900622
-0.01854283110802834
0.00508985398994964
-0.07561671926939743
-0.08039325166401623
-0.03046877878244223
0.01767766467804580
0.08290150617539198
0.12676247951934735
-0.09375596948478235
-0.02970500414003246
0.07231785130961604
-0.05719823749466142
0.00073388591115227
-0.03041676968900752
0.15654710568843752
0.13381173801339294
0.07737949452121533
-0.10155429769907619
0.11813629186281784
-0.12109574293870291
-0.17332598445879399
0.17342538523224629
-0.16571792920227058
-0.00339093958491603
-0.02945898482449934
0.03250721145387821
0.02885428940479422
0.02810505387702871
0.03208897772715859
-0.18651721131636043
-0.05000924963146039
-0.14084079647052652
-0.05970711294648227
-0.01834285640954269
0.05885018349828018
0.04426445367945520
0.07816966849603521
-0.10455852013632123
-0.05268168595703745
0.09864692987565291
-0.02801623510309265
0.07456120217000088
0.07706392495187085
0.09158308317118087
0.07635126936374921
0.01727772456614295
-0.07705078979608748
-0.03690585831650189
0.04180733966643835
-0.11251269178202467
-0.11110260974734001
0.05771901841524279
0.10147059113927030
-0.04351542126773400
0.02952662412348248
0.08218018478872845
-0.01122793183316987
-0.00142966954543967
0.25000541767554768
0.03608225254074233
-0.14847379751824458
0.03460079146812232
-0.01964563290056537
-0.12149421203640412
0.00945920151878070
-0.07718156939465315
-0.08080554796423739
0.04113151774918923
-0.04514473808130435
0.08062834301922471
-0.02850952771479245
-0.16207823221535664
-0.10606741341972967
0.01826556416599472
0.09137711938953672
0.07812421299284360
-0.09397577879929021
-0.03374705641067707
-0.04647749510571874
-0.08918306674787244
-0.00020011353695035
0.22402955070792518
0.07443909072203746
-0.06267405708411725
-0.14173729605688151
-0.01445426805776685
-0.12804441189248666
0.14057859212661811
-0.12050937334603094
-0.00769131421091857
0.01626206539964994
-0.01190875917059035
-0.13085140948775958
0.00078948861793471
0.02915737925632118
-0.00741858910596594
-0.02155522402396577
0.10335236680429701
-0.06547594941084516
-0.00768690373126719
-0.02066055781907248
-0.05221613427965549
-0.00859625332410199
-0.04460170719467597
0.00256716547556826
0.01992309438419777
-0.10591911212126316
-0.16608346067597796
0.05542186516710999
-0.01333127310845827
0.01485613533337378
0.05822240263805599
0.04238542083285225
0.13352868632790965
-0.03193375981808143
0.06024691637823899
0.06727186648475418
0.05738467892154600
0.00740597329322597
-0.06108119128598238
-0.17097349008151802
0.01857700421742647
-0.08490137998296535
0.15692877425273172
-0.06636029923707944
-0.03217153780848853
0.02750909085678492
0.00743073337044006
-0.11347881565876830
0.16919192739801531
-0.07460142865416856
0.12278863326439521
0.08970231501937530
-0.04187487876921765
0.03166196023073608
-0.09300523883464470
0.06046454978915413
0.02121497487196297
0.07280995473731054
0.16462371443763021
-0.09431325887427004
-0.09615013547512517
0.10955008066431929
0.16318460552821942
0.07221111336585603
-0.08266955776135605
-0.15571457559674298
-0.02939645352479055
0.01541733287026168
-0.00983557863206027
0.04967213065489090
0.09589542723152787
0.08326020168844137
-0.03483780987642953
0.03077587606933082
-0.07665634189547124
0.02746049370565475
-0.01861219022733655
0.02678702717355792
0.02405117396575011
-0.05987320449455710
0.08876788910943016
0.11672965747332111
-0.01682591089560730
0.09922446922327352
-0.00853013674374842
0.02737025860404512
0.05643181479809920
0.13148360586203189
-0.14451268204346110
-0.03739951384644208
-0.06948271493500380
0.15597728349218579
-0.06645195375700688
-0.00218621317411303
-0.20894860077519814
0.06028686511518317
0.04678355732554172
0.09422051304527276
0.05668971229273860
0.01118165012538769
-0.02262105806785687
-0.07690836323336968
-0.15201886635639428
0.05639029368658162
-0.05808538406117431
-0.14617180548656813
0.11249017808894904
-0.11028366416757458
-0.08298497566774304
-0.01671678539503589
0.18364039566222684
0.07855396027675195
-0.13735675051529345
-0.10366990785966769
0.11170683037877129
0.10872412581045328
-0.21520087198733326
-0.12047885467605245
0.05660532047662429
-0.08727321631805703
-0.03189509440428195
0.06725334802423449
0.11069416960814063
0.18341064528120887
-0.08182508146268319
0.20633795274035471
-0.01337671557124711
-0.19539050143372122
0.07236252262678960
-0.09899705729075030
0.02094384887922738
0.01621098802588182
0.01783889717674964
-0.07833324195676557
0.11698164767681617
0.10227764047316457
0.04182027393563031
0.08765645708953063
-0.05710979986598844
0.12416359689839097
0.06448112030149823
0.05178105131517078
0.02097454704558544
0.10701366682921400
-0.09915497741765114
-0.03166077156469767
-0.02947201054723671
-0.01903460205980076
0.02634525659333294
0.07079151536188524
-0.00066176459247432
0.18065131095681730
0.06202635412135421
0.08830195098141079
0.03417415356347131
0.04405420958329270
-0.02704079499458471
0.13184712531112788
-0.26992105912036884
0.08705432670311022
0.02559477598557706
0.05658330527331931
0.11496959752851840
0.03105065289892914
-0.04631578864976708
0.05434731505592613
0.04436937613702951
0.05516754487213548
0.01783991242518944
0.00495256257248176
0.14346510669280665
0.12814447544082194
-0.14199547539383742
-0.05979798559413074
0.03734764686267325
0.01136344103439150
0.19789745316535362
0.09878118864467071
-0.07727751310814139
-0.03860914596850381
-0.27163981561939904
-0.04612015685469598
-0.00274325429552145
-0.06372206577730744
-0.01486893425490724
-0.04147799789057947
-0.03595661344138745
0.00225124846219401
-0.07451716838021176
-0.08099959996825799
0.00684469709541410
-0.09459235983781239
0.04604507011927035
-0.17408568281354417
0.07119397534467785
0.05968564516746388
0.22235830679285890
-0.03440038860473614
-0.06581636492295151
0.05823904019920236
0.11695977840190321
-0.13949397854522100
-0.08663456080498284
0.11030064402542614
0.18314318367615043
0.04729533491504381
0.09351792020165124
-0.02844627054066277
-0.01811671942477668
0.04570137306645859
0.15249505130882615
-0.10116321593443069
0.12434216018494079
0.00702885913537715
0.07331581394096304
-0.16058341438608509
-0.11657958711027874
0.15098798607856981
0.00021304254787434
-0.07849221075769065
0.13335419823142225
0.02219139746117041
0.06564905487181361
-0.00399522952249638
-0.09354361370951848
0.05892312311454062
-0.05323291106094330
0.14586492266483425
-0.04043606377966232
-0.02189175767048453
0.09277263405040430
-0.07486500186844429
-0.07904354910614962
0.08656919808137101
-0.20237231511387996
0.04079096689992248
0.07666613896461003
0.01877912508328064
-0.03740970802922035
0.07564893675762317
-0.16710431345585999
0.04277921236316387
0.00708214296316776
0.05037744386252077
-0.03204528438944491
0.07759729192212490
0.06613938169700415
0.04844028318682401
0.02213183237162247
0.17849287459345844
-0.11491866318394994
-0.01748032882094580
-0.05007085898185065
-0.08928123355126932
-0.03398997766908528
0.06262298482035877
-0.05531870619337859
0.01573498670747330
-0.06587778227372926
-0.05358222387326955
-0.04542291862630241
-0.12671761683551155
0.02295388617349169
-0.10423668114861191
-0.01118518482985608
-0.03712891715936271
-0.06288354162530486
0.04593010318918708
-0.08782955100191019
0.07288889473661898
0.08993095507982074
0.11288035642871383
0.13471232596234017
0.18295372356371345
0.06982636945454659
-0.04152470379375812
0.02689371141817385
0.09625463228129395
0.01735434632540635
-0.10766679979761443
-0.06094544502209875
0.01303560862942720
0.02499383497598918
-0.01564488921750330
-0.12914859297432035
-0.15629277878038222
0.01383971963995645
-0.00372600849264349
-0.15031387331744867
-0.03975975640975587
0.08062579081115778
0.04203328647411401
-0.16959782102681262
0.14395049151074138
-0.11967871953796082
-0.15596716102303046
0.04515843702623295
0.03855388305111747
-0.05742096203095670
-0.18090380459149485
-0.08854796262741725
-0.03648296357770830
0.01091404504312454
-0.10029369144381439
0.12700961679743433
0.02517531340065064
-0.05754226941493312
-0.01218250947592264
-0.01524064616132418
-0.09192908510071174
0.11652650162026831
-0.01233177285062687
-0.06988846658169395
0.07821215389914919
0.03244037698995892
-0.12072105125577552
-0.00845179721363107
0.03547397563324790
-0.11652007662916318
0.01907828349573448
0.02313951753049636
-0.04924312179587186
0.05617225515842580
0.01402726674578911
0.07144109308526936
0.08532960673638162
0.04590152928521750
0.14329437761378619
0.03805236565741976
-0.16116262813574159
0.07270256927794538
0.07709049995847675
-0.10521378710815645
-0.06493190246258106
0.07316779686622334
0.09461969850553890
-0.07711991075191323
0.03272925753358953
-0.01288930453694366
0.07487102920461128
-0.05058590693990250
-0.09541432103745923
0.09810012718449065
0.05371186410166325
0.00677110849823125
-0.07292890739316214
-0.03552201631744498
0.03168878278260147
-0.00059165947674309
-0.05301433065242987
0.02133200083667269
-0.08814120833348664
0.06558701526490537
0.26765746943608371
-0.00694531595335495
0.04743267127559476
-0.06151611050258571
0.06460255497655393
0.09076220567239134
0.04880473411189377
-0.09663205390134080
-0.00552044780011298
-0.09862687653044401
-0.15257554610949473
-0.10281859101539788
0.16360082555357819
0.03835199381157010
0.09703478131904500
-0.11171507726439593
-0.18243108151388279
-0.14148996701359340
-0.04754253654853171
0.04641428749128097
0.22499336631504874
0.01202745586805101
0.04617861251991987
0.01605892507047238
0.02634519211551284
-0.18981737757555953
0.10477746689096046
0.05163380899375325
-0.23888228472034001
0.04129591289137224
0.07544817492053701
0.06792277919020338
-0.01414691509107492
0.03248326571488660
-0.07311392467807895
0.04860544555281714
0.10861779479489954
-0.14463416777834678
-0.02245493587777253
-0.02316506808813919
0.12639918697508284
0.03125127480236863
-0.00409875037021285
0.11221198406543224
-0.06176307002947058
0.06174177792865933
-0.07869607205974262
-0.00442021609015695
0.31959523759534536
0.05584568991995953
-0.16388070544727198
-0.18215882921776322
-0.09843932347069446
-0.05408706262955067
-0.10200205381812834
0.06064977122696975
0.10713884013529286
-0.05666067062499777
-0.20324282568495758
-0.01319007746078938
-0.17247081473116413
0.07585946782944490
0.05350310363273100
-0.12508963889382188
0.01552334707458172
0.12440979597596449
-0.13705527308839927
-0.03754705421537217
0.00539150059915146
-0.12164973553813792
-0.22301229250609886
-0.04107676025125360
-0.10255057794617109
0.00891416216532824
0.03599944221739291
-0.09896589967554059
-0.05139569525176151
0.06586980382175545
-0.02914932806079200
-0.07821976524990204
0.04424318983765455
0.05679362997090399
0.07610980629666936
-0.04888203125835693
-0.04222160180855268
0.01314959151941218
0.12894359427889368
0.12663893558527942
-0.13686100338814183
0.04137255557372300
0.02524640646591837
0.06327527219427360
0.08907225864652771
-0.17662244744195804
0.07680210813906047
-0.07362770156763754
-0.01476904470733309
-0.10241757489043211
-0.01964495619470424
0.04249488674954386
-0.08454017756332036
0.05671901985026048
0.00563247516741570
0.23054194417228999
0.05393499372524001
0.06982889791633946
0.06469157199402539
0.00178766690562502
-0.00756949836642089
-0.14075001503440510
0.01021918646031256
-0.01487030793602170
0.13123627841463914
0.19192500174958521
-0.03903867720373935
-0.00841631544920105
-0.10238405476917910
0.01580768240055284
-0.16820584164002125
-0.00664408948787143
-0.04431056393558933
-0.01876790561768900
-0.07492648782916117
0.02641033211430219
-0.05751024944723653
-0.16099334042534785
0.01343052057464821
-0.09315691324749359
0.00051561091574970
-0.11666633957762942
0.02179961883610169
0.09793801088747708
0.00157853518807371
0.12588575698651475
0.07632014419285653
0.04163214347549961
-0.10435843875934164
-0.15798956896088845
-0.01228529506293056
0.02228290852184606
0.07049068543029083
-0.05127433173741264
-0.18425751045783650
0.00716844314005366
-0.06834887729174015
-0.00302089733700410
0.00669341762732671
0.01939459200083090
0.01827434162449801
0.03792412278850310
-0.04174426774977225
0.03891016727581521
-0.16499734599732610
-0.17147388221351562
-0.02013119703373595
0.12465197585093120
0.01275203032571845
-0.02572606546107705
-0.01638219814167374
0.00049418964022071
0.03164938371845718
-0.11099918883336667
-0.06484323140903100
-0.05164187790370611
0.08906763963484576
-0.02341575475894626
-0.08670746723989489
-0.04932831850053496
0.15827373125633809
-0.09265343556949347
-0.08525145114370919
0.06653345611214148
0.04495520213072324
-0.12392577079067532
-0.11119233871097368
-0.04260071362741916
-0.08139440150539631
-0.02469856740742372
0.06180728974898878
0.11545911114564028
-0.03299539620694687
0.05279160710349066
0.02389773030592714
-0.04941416118144817
0.03096253011657279
0.00109665758182341
0.03031283684354506
0.08425224313470439
0.05606888193688910
0.00085068736668195
0.20707165139600001
0.05101446832987652
-0.12504223733440198
0.01116956854102459
0.15037960800595088
0.09936208178062120
-0.01495733060798347
-0.07493063536575648
-0.00489276304991429
-0.05691792558268572
-0.05562618489106125
0.18121908774016912
-0.08315018295945564
-0.11141169391223731
-0.00560821906177648
0.11045125804348564
-0.05022412077657566
0.05031426436678441
-0.07019070418007484
-0.11709724661794010
-0.04317156465549641
0.20411140830702876
0.05894111344067538
0.12442065110204345
-0.08027418573077445
-0.04035522981147752
0.07082027653118590
0.03787125824879762
-0.01123747103513050
-0.03169083937747016
0.06428280441308355
-0.04708290341992988
0.01906790724203184
0.04720305536316453
-0.11943221489437482
0.10737700900934642
-0.02313590212543681
-0.00690926402892139
-0.03940892345202378
-0.06714701427129011
0.01495953100789476
-0.01977652135237223
-0.11660294377431901
0.04195454144183088
-0.01732689983434900
-0.07232536213496067
0.11052148130059662
-0.05349828976035213
-0.06706715626954683
-0.06480704464977829
-0.01549041675607567
0.10717560693438424
0.08285763646870352
-0.17069031015994682
0.05142709229048689
-0.04106666614594778
-0.03549884367247920
0.06024972792301880
-0.00310077109012748
-0.09836123154031254
0.14003332914852226
-0.08427171257132815
0.01967858457289005
0.02350479086290512
0.08781321005690942
0.00178147813435276
0.04463663441156878
0.01535934762849216
-0.01945778887422634
0.02993919275819356
0.11029449840314287
-0.05598473113037120
0.04843979303741974
-0.11597727490921486
0.06996896770478631
0.09524369434494154
0.09010954329979211
-0.03752559721408601
-0.02500238653162162
0.11317831547123038
-0.12094497562428666
-0.00634971556210922
-0.06379208574896451
-0.04256545696106231
-0.05693407561402034
-0.05216844378913563
0.00991697394485697
0.13608446328106380
0.08545128276140779
0.06441602666154750
-0.02433363209724777
0.13186266600159396
0.14434991518883711
-0.03618659585062158
0.00947649084189390
0.03203032170852132
-0.06913241210691796
0.00092219118668248
-0.03628489140026660
-0.07865073645553966
0.03459330527723811
0.20235311438353840
0.00436064206171949
-0.07200064560137552
0.05404297778650893
0.01843158606651708
-0.06046642840224828
-0.08037236935932525
-0.00686676394471147
-0.15277925954181731
0.03371473440023408
0.16483333862101260
-0.08263974651017791
0.00798153601025254
-0.03593846575475013
-0.00864866461024019
0.12063500454913489
-0.06596138368687422
0.00132994187628718
0.14578055005065146
0.00866488265810138
-0.04963601748739542
-0.01734659928843773
-0.03677213245567689
0.00442955251209187
0.04941118712970691
-0.00579020329901912
-0.01400141222902384
-0.08038912586548243
0.01337979081730544
-0.03044382990255102
0.12669129368329379
-0.05479026215344913
-0.03167298381728378
0.04132599469327159
0.14330972571746040
0.02420488058134288
-0.08763018656593337
0.11950890760685307
-0.11998289890819372
0.02156691622944469
-0.09115249618319357
-0.02790591696764176
-0.01822941464847880
0.01048186589568106
-0.04941350237782427
0.14085807261369299
-0.23726678348596811
-0.03512513978587358
-0.00080591723590029
0.10413161847196388
-0.08608826448072647
0.05519074096123412
0.01933088140799748
0.00646454331469280
0.02952663752760596
0.06010402852422024
0.03774792159662312
-0.00223812346133669
0.06630763811262776
-0.08896858826506705
-0.03218209082406156
0.11893300867398636
0.07748646873444621
0.00366536741519157
-0.08873017602432284
0.03931984993425911
-0.09735984079830320
0.15463617612509095
0.08046906322314946
0.13768224355472558
0.10433760005403171
0.05671095856799008
-0.05194665970587842
0.14516641767299590
-0.07188727872331002
-0.09350214232809244
0.06758907705717508
0.07365554758403522
0.04282428893172848
-0.08638084932041905
-0.04200698969087425
0.02237480967189825
0.08554898658523180
0.01506808646417962
0.08310132684294262
0.17501537684712459
0.19217753525009404
0.09551607324214147
0.06527171007251413
-0.00256827198313893
-0.07028531944000960
-0.03486394835937139
0.03622328018768414
0.04914680159466264
0.04123052107725229
0.03691796443076216
-0.11103818918380430
0.15679949595163301
0.02438336928142653
0.02753937665548413
-0.03347084739458245
-0.04143567245924679
-0.04488252528155361
0.10148609193084537
0.07400600247868823
-0.02048121876185399
0.09013728433811219
-0.15058914614256097
-0.09703558447693961
-0.02409364370362301
0.07890923759482631
0.05316474869698303
0.07320384404831488
-0.20666320796692736
0.06580297579145264
0.05101160924924539
-0.02448714237925250
-0.05663092203490890
0.07529395826599786
0.10343171919564224
0.02455080432197040
0.03504481771857893
-0.16263978060770060
0.03998108004832583
-0.04810048110759661
0.10605668778515777
-0.06422905572060821
0.06254629706131183
0.01613725180137043
-0.04089978050901224
0.04420518455698721
0.00002161277404329
0.03520052385949367
0.07252435223295056
-0.04059491045106482
0.06388429597505534
0.05869953364116512
-0.15980122838048805
-0.05528684804682485
0.03026889474448183
0.00946651893203405
-0.10406197559360726
0.09769311061965032
0.02189065151761367
0.16259419613321369
0.08057680987455290
-0.18184692291337545
-0.18807840704984610
-0.12868613817812680
0.01355000920864574
0.11712977096945930
-0.01676155799219432
0.06316411240592819
-0.01995202254576613
-0.06999879472271900
0.05993522450867204
0.04172169027629721
-0.00071059902163309
0.07682495359458043
0.04208616679971280
0.00155609186345871
-0.03656078849920685
-0.07764422084606525
-0.14609604980655511
-0.01926744550686870
0.01503927281256764
0.06854788912966930
0.02755566432568243
0.00895349636270571
0.14557379183651359
-0.07035814583882813
0.03480073775015247
-0.13351919872229337
-0.03699277413017910
0.12531947589245060
-0.25361652244182098
0.01061029273400950
-0.16500866710917300
0.02604635426797725
-0.11564901802958215
0.01270550028918379
-0.02080351607982044
0.02257225085617521
-0.05408342105098027
0.07587494994100795
0.00162340584337586
-0.01294145256954948
0.05843940972688318
0.08817425008046230
-0.09475735768475174
0.14961176739307130
-0.13533138576316664
-0.02545100252936184
0.05333696558648377
-0.08602557894861514
-0.03670963636778047
-0.05502418786997650
0.05480151137361343
0.09894019066356494
0.06537283441338933
-0.08730315145588857
0.07613786544755241
0.08858422394004779
0.14751795030410064
0.14774107802006728
0.06981867490426324
-0.01906074405931651
-0.06873598002122339
0.00442233517316126
0.06384769953899080
-0.05574794654479183
0.17505547810915698
-0.02516311530483400
0.03013476105127290
0.05989029128529019
-0.11765521416441542
0.03740493424696327
-0.00099695291973928
-0.04238881589570056
-0.09447918330520549
0.00552755879741466
0.01476466839237267
0.06769186141205134
0.03823448211564930
-0.10917531885342810
0.06407156423846223
-0.04607377743874013
0.02694776395922488
0.01646530557725270
-0.05341569999558620
0.00623100206617574
0.07254294474722436
0.04294220838122315
0.10035264218011793
0.09747075232380037
-0.09601311476833950
-0.12690380937000204
-0.09013349556815554
0.05373571925311069
-0.00555794607572104
0.01875795736693292
-0.12007931611944053
0.08988901606064539
0.09152315351833656
-0.10048914568214587
0.00305667026957440
0.16488021415654688
-0.06552005116321073
0.05109602526296890
-0.00398033937520187
0.15949595821445814
-0.01851217623100560
-0.00371142505943515
-0.04691159613370984
-0.18654542010549446
-0.05374550640263686
0.09022691102943749
0.09576970828411731
0.01424493298144341
0.05537466185938351
-0.04323180249091480
-0.02615994834299629
0.10264659731939413
0.11768842386317635
0.04779565759672934
0.09697326390655481
-0.25899930169624397
0.01617297952730229
0.00206226714949935
-0.11518706271010307
0.08477660975028929
-0.16154541294451549
-0.05419407650726913
-0.10813519749179869
0.05447510023915104
0.00212424023094165
-0.05946142257725881
0.10680005142633316
0.04328278574769022
-0.08212834360597511
0.06318384012238759
-0.09139192936863089
-0.01454958528385657
-0.05546220005332343
-0.00064517469666952
-0.08257423572286056
0.06572864441471860
0.15527646728715380
0.10774255409924895
0.02689072910106163
0.08064948637355529
-0.06336957646725584
-0.20839217058366752
0.02663805852323587
-0.05379704551434279
0.17343767005912453
-0.05400885092119534
0.01146367930585362
0.11123793492654654
-0.03956504683298426
-0.09062209491993120
0.03233945581183363
0.03883591933936723
0.05726778677448655
-0.07699877581766876
0.05473302523875082
-0.01153962249172995
-0.00174876894945441
-0.02551407372326698
-0.02541857572590987
-0.05299651765853892
0.05603269386819630
-0.03976354622398965
0.03614009425086822
-0.18049126543934127
0.05090896301335410
0.05222946423149434
0.06746875931084249
-0.06409716571251910
-0.07793635494863395
-0.07307116083045524
-0.06912774037095919
-0.01810640537809268
-0.02603221163135077
0.05876593556537689
0.06119597498707147
0.00293205256675619
-0.02327845491325637
0.02459173766785420
-0.08331245735212400
0.03621300742372217
0.10151604092691836
0.17433280536761520
-0.11345003425643327
-0.10082153269783821
0.07209162764493442
-0.00887793262081734
-0.17998764841867224
-0.06574184877214988
-0.04263612062967989
-0.00873829584002619
0.08167458827401888
-0.10609632984652205
0.03645062942046028
-0.07202129725149210
0.17830050339093437
-0.08846676386500180
0.05847898158879096
-0.14725983910701732
-0.05737380295352581
-0.04982643163283133
0.07398902321550382
0.16837698134577556
0.03885221403967229
0.00398775324893394
-0.23019697617204396
-0.09545470115555367
-0.04229130792153153
0.15017025102069145
0.12462720614544533
-0.12006172443743386
-0.08135039697302297
-0.10893034436594062
-0.01229569913954073
-0.01160367128805347
0.14726861987583886
-0.06734909815862795
0.04642556279756140
-0.13758291281324883
0.05721650692798516
-0.28362637327140128
0.02396664005597040
-0.00531966182337146
0.03202650398902342
-0.03330060335117963
0.11250732933320427
0.14350012954373256
-0.01424893762497039
-0.08964135312104161
-0.16692884050437803
0.07026750798858071
0.05846563011215197
0.03627863424994957
-0.10320574086682353
-0.06512849347701716
-0.01675691985260854
0.06964394075442229
-0.04140213512107532
-0.18874076018447422
0.11434216579450399
-0.09486530004360680
-0.10262583900062040
0.04882673031818782
-0.04444419427319802
-0.15049528319060876
0.13681456102851133
0.04284931955004527
0.11728091108851006
0.10167799606885346
-0.10075071679464763
-0.03029102246258570
-0.03505332813793624
0.08380292480246833
0.07083974841623492
0.06784118607466956
-0.07154115313488774
-0.10160906340691377
-0.06471914207639964
0.03737531562954215
-0.03056366047479221
-0.02226855001942950
0.02802346427331039
0.11690991277106288
-0.04803650255578409
-0.03410973374898282
-0.02197618368777758
-0.04534022963097145
-0.01141178188075473
0.02241983824221744
0.01971558146329738
-0.14435561787438148
-0.00614335319371615
-0.09545448659970160
-0.21616461639173420
0.08887589018422894
-0.07247587719760376
-0.03493710215118334
0.01251843208472192
0.02332240313882150
0.04092336257100592
-0.14642888802097739
-0.11027299925068361
-0.07331734088422943
-0.13698814843877585
0.04157059614160022
0.07615783988237697
0.07477045115026017
0.03814453760772275
0.01510363726570465
-0.16424025365682315
-0.07061769783081912
0.11913634110375466
-0.05723826056607569
-0.03033828074366287
0.14008181949423898
-0.10905535296935152
0.12370896806070455
0.04280834384235169
0.07745698712441453
-0.15968917199434310
0.23101596927868231
-0.15462787851140042
-0.02997745299546285
0.01551940013206175
-0.09958466909438249
0.03699323452256646
0.13189354247485924
0.01515692390573295
0.04687696232158620
-0.08706321037145490
0.08179310986493851
-0.02335744724427554
0.16167103727770243
0.01254209626532497
-0.06504422641086367
0.14343691410015977
-0.08451792332685894
0.00885533334243973
-0.00203282035875793
0.05627795157707492
0.03784363618772441
0.02691945714833214
0.13748972444274157
0.15311985386711052
0.05179668593640079
-0.09218841430740565
-0.07005284091870176
0.15967500546095686
0.11257606661533172
-0.14851982014036869
0.03501225761375416
-0.15229462056503598
-0.04019513230627766
0.02109190009924707
-0.10954148091634047
0.10135902011111829
0.06665967731250109
-0.16087907246419736
0.03015585035037212
-0.04558961159699183
0.10123018732979507
0.12910655491500705
0.03659459469503506
-0.05217054024001233
-0.03065303161054350
0.17843874507000937
-0.12342348165018148
0.07148089073905797
-0.07974070598403550
-0.12122707977589142
-0.09687452743534347
-0.01965236947312526
-0.02144428652677871
0.02309321560749722
-0.11126258900434789
-0.04110888601422706
-0.07003959196899580
0.05872603815031762
0.02708551695117334
0.07190853150040984
0.05251485074595118
0.16709868870948338
-0.10067228175866560
-0.06264355275239669
-0.07505820138449494
-0.02493782997484662
-0.08721783320453089
-0.08743227963531353
-0.01021583473255382
0.04353773868809508
-0.12225905404454558
0.05187224892805881
0.04173861675707082
0.10476593971104803
0.00271578738840251
0.04835293044510255
0.04473487698671404
-0.07863838291258626
-0.12266998892499653
-0.19036200112422663
0.15412141017538430
0.03125917016766606
0.09035391639151046
-0.04949775274615352
0.03700410596414974
0.03966050109774977
-0.10100570457709980
0.00708122072680251
-0.01848485274703541
0.18294876484045261
-0.05547866563993488
0.00340983216796110
0.05130676831070784
0.11264354692784094
-0.05330282452032695
0.01523001724817865
0.00364351921550812
-0.00373439880128273
0.18517164953510840
-0.04378834032230394
0.07642771749899945
0.01702721937179054
0.02596614070142007
-0.12834053678875620
-0.07793324887874446
-0.03540668237355871
0.05643352108324547
0.13604580588476181
0.03879875869553120
0.02059007998863860
0.12615896186212522
0.06382447174234379
-0.00554291661837418
0.03416857730458722
-0.07238879724165884
-0.00731878867337137
-0.13100352333789483
-0.03543001905475281
-0.04184536881912927
0.07095189439291612
0.01430466928994422
0.01337948373364172
-0.06913913208284353
-0.10701729645033035
-0.02312479587089239
-0.02171380420932239
-0.06148365612934756
-0.07450655228878968
0.09662314744645260
0.09825183075211606
-0.12319912905926950
-0.09330801295839823
-0.01881088638732574
0.04793857285387013
-0.06511066972576861
-0.04733453831626767
0.00906789277208055
-0.06956019089602136
-0.24205517356249057
0.15656347212951444
-0.06085160315827282
0.21558389410237430
-0.01535785966193295
-0.00069190848514246
0.23305959018726191
0.02508056261184204
-0.05537137443900882
0.13498973120854121
0.04964224655484721
-0.10223191210432750
-0.01257739725305613
-0.14607647794674436
-0.21940672391775376
0.12144975066774501
-0.15693467511666631
0.08273480846786026
-0.03963364169090628
0.10216505728316155
0.03142871186102943
-0.07318970212485615
-0.18777669310889519
0.05304527885132326
-0.14235199287981934
-0.11461706669177485
-0.01644378903485719
0.14636244370566132
0.09286470662829724
-0.04376035203276579
0.12356943258774715
0.04010724758644024
-0.04057871608384916
-0.03480590242809642
-0.02902874313728606
0.06860399339920460
0.14240598609627070
-0.02802667446322227
-0.10304164820468324
-0.02162987168466864
-0.00649022596730180
0.06189526429979898
-0.01262482402514846
-0.01381152491692871
-0.04263418115261908
0.08238757892240424
0.17163136511542035
0.00531636955492532
-0.07103555111437929
0.06107658174932262
0.04175555729464186
0.15197248932327853
-0.02542869904244596
0.01114963789319118
0.15189729175561500
-0.18070946790641790
-0.08668199070462933
-0.05314949973263280
0.02743094841425983
0.04330097569770647
-0.08892048607204495
0.05549259944742510
0.07142768203674879
-0.00298722238620358
-0.15613122811403471
-0.04684973454796271
-0.21881238372597589
-0.13951618445993952
0.04762832165288526
-0.13575222189105932
0.02399000113176572
0.04854962511514430
0.10362929824529482
0.20549346520229472
-0.02247898782620210
-0.02600409542464206
0.02439430059852724
-0.02718250088852637
0.01609192046314331
0.05293137943282084
0.17057920595154075
-0.00625798544459857
0.03603718773907991
-0.08885346176959667
-0.05173365124236337
0.00620965675409616
0.05485366096267393
-0.08729311699567507
-0.15880814524927547
-0.08527476060922567
0.03258229077940349
-0.04533596489676007
0.02604164655863436
0.07838051513663627
0.13144512055307817
-0.06318955249853578
0.00249532166082928
0.02081111761558968
-0.11283777444769265
0.06964533808870495
0.12572627540332640
0.11939658226850970
0.12273411184284901
-0.10872967789828432
0.06261934599853146
0.14541866687662849
-0.14410152289086439
0.02624404584845582
0.06478758321575466
-0.05141753518651235
-0.09698549481134884
-0.03863696708171048
0.04130691895514882
0.00097723633214107
0.03615150137674211
0.11254551278096715
0.02254211972754526
0.05288148103037375
-0.13813130532494750
-0.00958342859177557
0.00980567695135134
0.27799846448998627
0.02312531111118341
0.04975175483114400
0.00369757834908324
0.04229094857974462
-0.07244076110911847
-0.00361062275346984
0.01451442202347033
-0.03742111789322340
0.03424520819387836
-0.08578431785315642
0.07346442311235432
-0.11952175463010405
0.08885673610294521
-0.04118618157583360
-0.02006116168679738
-0.10712863707406388
0.03161422450990620
0.06282700009671767
-0.03884914478239126
-0.05718604331290962
-0.06723528655480959
-0.00877028014547247
-0.01566667433844108
-0.01036471124252826
-0.09000280881284037
0.02034088709097368
-0.05850547849790354
0.01688369200165157
0.12335809191775254
-0.11048192702061944
-0.08189048655485373
-0.06294250799762273
0.13798742873588057
-0.02365342116287738
0.00592501032373956
0.04559486703140467
0.13973531495032113
-0.03975177088828809
0.03987032424372572
0.03942350621768707
-0.14610939138244736
0.10322091258385174
0.09679554846785746
0.00363144766953829
-0.03898131364392698
0.10172764154516188
-0.02486353543956372
-0.04951013246825570
0.01750748001812080
-0.20997265105066429
0.11048056931187164
0.03923501936206267
-0.08710772144002726
0.03358954646325410
0.11067596300879168
-0.05297449815590996
0.04586828689676520
0.14594562297552391
-0.00594434430422461
0.08293819773815823
-0.06471380864920090
-0.05276978688644305
0.06952194769349161
-0.05517090301737409
0.00563773977574131
0.03972359779119821
0.03771475209798936
0.00513902962726433
0.06003670542093081
0.05248546733933579
0.02241158881372436
-0.01246934358485617
-0.01037454250832870
-0.03823433409796217
-0.08624518174635173
-0.13078770887708593
-0.03465832235292985
-0.05971044305971298
-0.05676815248646910
-0.09118550762472129
-0.03418284984001756
-0.01502613338564366
-0.03864342623072935
0.08988636793825758
0.05742401205485408
0.04000027260273391
-0.05953904332481548
0.10160305600433517
0.03183005168677702
0.04656411126024064
-0.00228488084650081
-0.00892032486712739
0.05489105711653385
0.00951292712701726
0.05289196398324346
-0.10687774268830402
0.14960372927817059
0.19159172438817088
0.09065873497123776
0.07141752465285932
-0.03837790893602763
-0.04661667304076783
0.11429658970254018
0.02143287366610994
0.20792792194846382
-0.05705716210054504
0.15019387950165924
-0.15398473883990899
-0.10189533497012358
0.05163308862439575
0.06497407373620756
-0.03570883992199814
0.07182478690749149
-0.05524184534538413
-0.17557981440894782
0.07590054881749010
-0.02731283215073085
-0.05169622944422153
0.01117754286728273
0.01459758751405186
0.04562059826967289
0.05102231042329317
0.02612932475333745
-0.07350574322194396
0.01285713013530976
0.08075932888875709
0.13214024390824367
-0.04807145214017309
0.01463173546847341
-0.00821709882760905
-0.03847912683849379
-0.08905791966863282
0.04104884707972812
-0.12591731161631986
0.04772799912868184
0.05902468962245126
0.01819563746663575
-0.03997561542191110
-0.18043822208875282
-0.05890624089791723
0.00555938759462827
0.14000946481822407
0.02328620040120838
-0.02808682828972311
-0.08107499191972002
-0.03182445166785582
-0.16980889525976769
0.02859454030030976
-0.00290039054108184
-0.03303623429711174
-0.01142407233466600
0.09553447673005117
-0.06027634080955525
-0.05559410309342472
0.07930819456735340
0.10775610137342817
-0.15974304358525293
0.14615749023342633
0.08064991528630168
0.04390649153892260
0.16006580593288755
0.00355799397834845
-0.11232152885189584
-0.07431673837641314
-0.02434240299699838
-0.03144271484895711
0.09017822529324380
0.07894275045857171
0.04089299274401092
-0.03558960619092982
-0.11772683346621560
0.09298206403331435
0.09006060133249923
-0.10677745122072188
0.10805193309507809
0.02425106624503639
0.11299130332103954
-0.00283557860131347
0.15938728618477338
0.13784103153629776
-0.03322499956429964
-0.03576238701370555
-0.10717597971777298
0.14767250676696200
0.07413894904020517
-0.07333286924268198
0.01981593490019053
0.08924618249688611
0.11128288926376685
-0.10083809821767167
0.20669273708792002
0.13013251040234719
-0.03186093322648283
-0.18554872255421859
0.15219395969283966
-0.01177829520518379
-0.03261892202490914
0.01356188999779433
0.06423591365593656
0.04317799549661508
0.02624329290998548
0.04230011822833122
0.00214833010571514
-0.02005875834859246
0.14716635283958196
0.06109077782178664
0.10531525354946614
0.09482366153727828
0.06157238334902266
0.03182858288077900
-0.17585162435936552
-0.01062872081519578
0.05844416413330406
0.08265360485245528
0.04352645268822808
0.05188630392242326
0.04658592413861570
-0.28572415573151316
0.04581402639010280
-0.06409419388309012
0.11185963441918655
-0.05296174359267644
-0.09864931319223280
-0.01552160846492799
-0.09737830664150286
-0.03574334428080933
-0.07886419919074661
-0.04365733373108641
-0.03777212834622620
-0.03186531125249519
0.11878240345915807
0.13359001701657372
0.10172559355977356
0.01558767068759936
0.02624152908111815
-0.09589554908578951
-0.03720774334506814
-0.01296219313514053
-0.06893330096181174
-0.12027838379920013
-0.02720711860682510
-0.11068561517955956
0.02553334840714273
0.07491700819816567
-0.05009433060082961
-0.02115442973216882
0.01745460808007789
-0.11674641552803046
-0.16991789790341752
0.01283589835770179
-0.00842306469478767
-0.09655855773342514
0.08058541679799827
-0.01776858314834328
-0.03017738266837066
-0.05722809497220323
0.08340026641355024
0.16048679974430030
0.20542304781123447
0.04324696281307085
0.11401963601919544
0.10393380982306602
0.02909163027818798
-0.15937779082656237
0.04693985689627556
-0.02468881873910031
0.11689554972964276
-0.14672869741578073
-0.01118990374704028
0.12025763513960222
-0.03292328555442838
-0.15927444608630709
-0.00463486026204447
-0.04486037577590846
0.04106458589320568
0.08873011501158742
-0.00822272535466712
-0.06001058768351966
-0.13818422809986813
-0.04155148822344330
0.03139662222680041
-0.01432807051132015
-0.08701553450984888
-0.10926899118427492
0.00864994083961761
-0.07731589716697390
-0.09536590759435172
0.07834911374655111
0.11724089875549616
0.13904197145199104
0.02930728268172177
-0.17109784079697488
-0.21824979239105760
0.06254281955914374
0.05582319486265629
0.02286622153686740
0.01090155159539287
0.00538939716450774
-0.04326992202301545
0.03831474877433430
0.01933151341496793
-0.11579585578982000
0.01157266344053335
-0.07315770286808744
-0.11078664475285294
-0.02518092855160911
-0.03279656706449459
-0.06483686465110840
0.03508477946234523
-0.03374734304810078
0.03991528517762821
0.03430105097923213
-0.08939340359911709
0.01117751969914418
-0.00825213968043030
-0.05666009654526583
-0.09512871077642374
-0.05544569292248469
-0.07228659048803868
0.13184535648313203
0.10867668870053458
0.04301711444807384
-0.03747497666967235
-0.09860202547913011
-0.20449320788404254
0.06647572935397361
-0.13479958082450363
0.06194014544280610
0.15387847283088840
-0.09573073356376735
0.01375948636937065
0.13733526057221962
0.05581317650736049
-0.19990396482338990
0.10537035739916215
-0.04419405595932979
0.01870277583878791
0.04880921440788739
0.06466081315976487
-0.04310280108671641
0.06062452509877040
0.00356199017923948
-0.14187202868694632
-0.17050134566890568
-0.05953062406880150
-0.11576741721011587
-0.05651455971842023
-0.02605338876496165
-0.14386095332480381
-0.01152558492467524
0.16604641117385038
0.14699922944589019
0.09532308625666522
0.01831156283114847
-0.05920312098511243
0.03422281465038572
0.08012471328603384
-0.02595615309558267
0.06437018873826313
0.09264954683866432
0.17807730336417671
0.03955231063939457
0.04920023263583927
0.14645698355552877
0.10333489721234421
0.04685539902014683
-0.00339002190459986
-0.06302026743961742
-0.10575992821995356
-0.05650929727614482
-0.09276566401164489
0.04389021049985588
0.20732004695629461
-0.01703014394724361
0.05504058166290835
-0.01190090915956987
-0.11425494149356602
-0.00061605788185202
-0.20865235970170323
0.00837622270818757
0.02229485123867093
0.10534408582053795
0.15719765137470951
-0.04045378355004596
0.07720614015940459
0.01040405213807969
0.11087605789848626
-0.06312896244911653
0.01973742789808942
0.01762397700101928
-0.00643587299436519
0.10238127965602509
0.00972633957714047
-0.03925595405056281
-0.07818092999249525
0.05583321485532600
-0.11098815799491468
-0.00379981558363868
-0.10806047539803257
0.04044584518390653
0.13429917838758618
-0.07906072571611260
-0.05796796670996644
-0.07344498186344399
-0.12724587812367372
-0.02221352332274393
0.00082916379545197
-0.06864564681824720
-0.04030518857491752
0.02611423032464755
0.05537931287185275
0.06276530535516259
0.18468099714159864
0.02443271790935533
0.01960395308351566
-0.05830784427513561
0.08035204960895746
0.00169767744148517
0.11819710014193308
0.01010177173830528
0.03884827262581623
0.01448145545911464
0.10617209579127562
0.02235686110535752
0.08832962549593831
0.13104781163848195
0.03577533194258792
0.06823037475560241
-0.05429890124824314
0.02486865750978586
0.00495028245225453
0.00010280821467179
-0.08275208721346079
0.07301760492505066
0.05542271248734167
0.00463266271705263
0.10868826291491382
-0.05626066768695191
-0.16208853327851649
-0.02209245065159540
-0.11647771740868069
-0.09576191162746675
-0.01389690685351291
0.07347081911139802
0.00986125542497707
0.00231011061647236
-0.05204667840895046
-0.08311295299331894
-0.07713701986505739
0.03466137403016595
-0.10629567259780640
-0.09875621697561730
-0.13366029497065793
-0.00543786140673118
-0.07368845777678171
0.00629657126924503
0.11509241263062207
0.00818599116661840
0.06724083624941750
-0.11472077364020573
0.02662883934402286
-0.08301249393121135
0.01174328533432812
-0.04968660214910352
0.02401025142556976
0.04056669886172022
0.00322362510571886
0.07029625544316566
-0.16256797808451842
0.00560223394746169
-0.00432462633608982
0.04662085309828937
-0.04159542229823124
-0.09701731930976999
-0.00858521749329158
-0.07396477174833080
-0.03647772416580230
-0.09612525834567577
-0.04524656023528493
-0.01429563999625176
-0.06747651877463118
-0.03785618856057418
-0.17727079061876752
-0.00211012970593724
-0.02948861690705284
-0.07024562355761350
-0.07389478987505869
-0.05962390101390948
0.00691176288568824
0.05500432427626609
-0.14833524277569304
0.06857590661165031
-0.02901924362476059
0.06506862282506602
-0.07315959871479878
0.02413460761695127
0.08002591638413972
-0.11457051240765309
0.00320365439713729
-0.07324185530604133
-0.12515553444204908
-0.08097413599882948
0.08372437465443087
0.03953019271786721
0.05045164274766001
0.03469277394888004
0.03731319702485291
0.00799163565235107
0.02889256204593448
-0.16567226121427980
-0.03766185036161233
0.09597211114872004
0.12577193975449191
0.03174988397963864
-0.02117038277816930
0.11902133398470321
-0.07160796033803492
-0.28620509490238089
0.08925953602506399
0.10786988793220713
0.12461722244577422
-0.04939824284749967
-0.00055526995053914
-0.11850515225854917
-0.00656349944779838
0.05572521474638271
0.19507752269449347
-0.06412994568190269
0.01895202205127803
0.05240821695196463
-0.00160685446775665
0.11549360436103616
-0.02443071467298188
0.04800187908092765
0.00542160674184055
0.09131508863331726
-0.05005933523377561
-0.11961464086823165
-0.01106730066242585
-0.11155191632660681
-0.17337025957620730
-0.14745664087853183
0.03120161021108208
-0.06913315115158776
-0.11691420291541620
0.05764336263009279
-0.15447733171351380
-0.01765413978281403
0.12849288820044016
-0.06332078695777819
-0.07397476770332014
-0.15819130828464864
0.22331853758018755
0.10361535791238426
-0.02095241858579799
0.07686698988440334
0.06208601077925330
0.05137280899730527
0.03005861047771952
-0.01528589101271200
-0.08611153796544707
-0.04610578200132272
-0.06658065633647352
0.17836329291340020
0.08626498138400431
-0.11197032924648499
-0.05109870083378487
0.04177556847773788
0.08426634937750127
0.04823064861491896
0.14673686541768818
0.00594046933300026
-0.09110833276214801
0.00442770065279321
0.12189327411923488
-0.04907729764290681
0.08980382186856838
-0.14077716572792986
-0.03402338736242057
0.09025738986182677
0.09724832006627372
0.02239256112094939
0.06085896720398576
0.07525431741383030
-0.15489497626233162
0.04912040909952203
-0.07733975691604761
0.01161851202119083
-0.03991153898753791
-0.03884164342239903
-0.08720104997973963
0.13547370530426939
0.11076626287289759
0.01422640200677331
0.01938239721089997
-0.09938849561632436
0.13404964428405428
0.00689521063232614
0.12434302336013367
-0.24300289189144161
-0.06139773734241555
-0.00753080253362054
-0.14900680351255249
0.04095237867593627
0.03744402411866191
-0.05077214648628836
-0.17843297915096537
0.06756608648700380
-0.11513938206589155
-0.03534938951346162
0.21442033800230154
-0.12522640229134938
0.07767932786797463
-0.12493368639750252
0.02577471999461130
0.01673290156003378
0.04005280657366805
-0.01949985370453279
0.06471884258282440
-0.10373568465262652
-0.15075470551911344
0.02058523276900708
0.02313645851810089
0.00322063762021559
0.03404402403170316
-0.09834147542168621
0.02176180530717908
-0.04730243120531657
0.00900565652688186
-0.07768233246625594
0.09072712898987295
0.07185538200888124
0.14001132200990948
-0.04302821924069927
-0.06857389129860543
0.03085547039104514
0.08255418041249216
-0.08695792911410406
0.02543813140479025
0.01339448096373117
-0.13769423529499075
0.02226307703037255
-0.01451598287136020
-0.01577867891115175
-0.06995633087367185
0.03045793828806613
-0.06998181857647014
-0.02474563842010396
-0.09115537120235569
0.05046021518480839
-0.03191356108744101
-0.24506352448147209
0.06993569179160863
0.06679071281429398
-0.13057631936889119
-0.08058326352192004
-0.09933660005046177
0.03945025080977957
0.00696284788179571
0.04707632141949408
0.00453557192320317
0.16931484967462401
0.08524239066893309
-0.02238942757905248
-0.00345196653260240
0.10829820489044922
-0.10052035667372475
-0.16063448180980344
0.04993824769518635
0.14043897046183765
-0.06010086157734741
0.03942453927501335
0.09277928599800214
-0.09119246453955228
0.01658750121870738
0.13541140214754227
0.13088306987603204
-0.04766290809196928
-0.02892995812886288
0.20065127655962375
0.01362078121356537
-0.01698553069202137
-0.07312724210186812
-0.04784035548152105
0.06460066052938070
0.01394640154999620
-0.19097898749571929
-0.06623138046138467
0.03686467223406844
0.05737407777110659
-0.05022446385296371
-0.00433148385102650
0.07104959875688771
0.07337032781124427
0.03927740733884153
0.09740670670787119
0.13443410417161539
0.03930474170529589
0.06291316601973432
-0.16604253982658226
-0.05502994540630501
0.08277308594224350
0.15732254403807736
0.08050272590651650
0.00988914109301485
-0.07818022259861601
-0.13753737806661351
0.06305220970810468
-0.20266840698260477
0.07838198415592604
0.14651696447091031
-0.05504933913337515
-0.03830464779111725
-0.07731189687140093
0.15650197459692541
0.08395683294061357
0.07975225171541613
0.11470941086712770
-0.17129760822598070
-0.07227301413231516
0.01783955725258093
-0.02590993548577839
0.04773439182744531
-0.05656294030623143
-0.20633649736206133
-0.05706722737960920
0.14248950536563762
-0.05652554115634145
0.01752760594983386
-0.04666721806501842
-0.02818918615987741
-0.10797878741108362
0.10498992042714603
0.09594603676182280
0.12866480607575731
0.03062721277385655
0.00550630998070889
0.14710979450173742
-0.09498032914005637
-0.06957703918854061
-0.13254520550822912
-0.01597460780960286
0.06889300768157011
-0.09369830049924556
0.10761444314510446
0.14731955225191321
-0.03366002438818763
0.00706778723720631
-0.04584678925293946
0.08086950570466581
0.06984175560537684
0.00785194687073922
-0.10403265754457658
-0.08191686849658873
0.03007581346793868
-0.06201247177205310
0.01502152331793464
-0.01475290587094285
0.13831734758546704
0.02171302692180451
0.04857038224888152
-0.06163396517625357
0.06962401238624670
0.01655729163193325
0.13305737901040851
0.07362684104886447
0.01506728840665424
-0.00449699823274791
-0.09231602891870956
0.14088197858588153
0.03046792124036912
0.07006494504932945
0.07723554673659402
0.17362152174496726
-0.01944758560050970
0.16314915229689345
-0.04789443954369048
-0.03979504426622742
-0.01145613244490499
0.16474407269092292
0.25182356138821083
0.06134099501279244
0.04689128145838934
-0.05443174412813091
0.03234090399876789
0.06358912514926217
-0.07568725928965031
-0.02398229279959635
0.00887192253327344
-0.10761594749154059
-0.16286889386242001
-0.00646972149465465
-0.08976438658863979
-0.00867434754675806
-0.14093439499531765
0.05414457777642328
0.06725036195113891
-0.13466325833663714
-0.12688300987479362
0.13557913311588018
0.04675031291434208
-0.10361079372395908
-0.06304330034006429
0.00417526069344527
0.04181954043118169
0.05809205689479124
0.01978446656809604
-0.03011012220584268
0.11628900312401505
0.00305274624109261
-0.09567004729242025
-0.08442051911316534
-0.10735865066842808
-0.08086173540561917
0.02917557118175210
0.11971147216995515
0.04973841299455322
-0.03496818040725953
0.26872868340378725
0.00600815024765728
-0.02234344372427847
0.00019335672095520
0.06677576087821557
0.02933822849325931
-0.05162103986301800
-0.01754157372752293
0.10979525853588727
0.03723892026510209
0.04991579833001032
0.24304840762247365
0.15399515177962247
-0.10440027991462965
0.05592237627975389
-0.05689714203169050
-0.13175422499984885
-0.09505203549403290
-0.03950879901965299
0.13824095500910649
0.07111052706673272
0.03686370610360105
-0.01444450688357567
0.19702483420965217
-0.04346863167554368
0.07574365005065672
0.11151574245456722
-0.01255007983741615
0.04673232339245711
0.00035553475627195
0.05270928944187586
0.01073135675401822
-0.10952004582851708
0.05292135647021032
-0.10360649299788581
-0.12391801190954062
0.06215551653084191
-0.03534231251410649
-0.13344796110228371
0.13855220475726138
0.00789026189236253
0.11033815091451672
0.01128043362423622
0.07829290361441575
0.12168319296009185
0.10525901494714429
0.02067636144318574
0.00186612356744359
-0.16601726375586981
-0.06522063145399010
0.06267197454582048
-0.15433007543501215
0.04408738316400867
-0.10801211015184022
-0.10529206500273640
0.05134160727411181
0.11329969608210355
-0.02972649076620617
0.07092272975206172
-0.04147735162696367
0.10530268343047981
0.06741382736493562
-0.03011040810856298
0.04209751466343375
0.08405918655625767
0.00251096740247721
0.08667562023502354
-0.09063233522770728
-0.17948469547672971
0.00791211675882560
-0.03035205904800238
-0.02807401659560596
0.01502933925741413
-0.10632694990280359
0.04954867615612135
0.02062566904432298
-0.10621577123918996
0.01048714728853455
-0.01946953100681350
-0.02034489417598228
0.09617100809177288
0.03261093385149520
0.16044887415173981
-0.00314896738242247
0.05085569716192166
0.04480854028792938
-0.09006743315987382
-0.03812272310458288
0.07444486399204590
-0.00963335252644071
-0.02704451512159482
-0.07389388461460181
0.04346207406582492
0.00805080274116633
-0.10803154034122449
-0.08567808644821549
-0.02811402335594382
-0.12888269363694649
-0.12878065400791777
-0.02989822590617865
0.14183007565281266
-0.16911401052304390
0.05532262410365014
-0.12239387145039385
-0.06039330596276345
0.16307933684408876
0.01029570963340473
-0.02130335416325201
0.15078469109784701
-0.02271767876067531
-0.09449164930096855
-0.07846159353495578
0.15923006558659628
0.02511637008843230
0.04864214858715426
0.15799964514921605
-0.05614565394545128
-0.06052198810721296
0.03740165123049317
0.16914091731328471
-0.06306398681936762
0.06269587062649601
-0.04077814572906110
-0.09055810460992682
-0.00729657870288542
-0.01437006858048414
0.12111118849995132
-0.06423154332411617
-0.06444708977473371
0.12852239032041185
-0.04658809660975669
-0.06460062596224375
-0.13049172947843163
-0.15299705946077111
-0.17572300921092046
0.01122513002714932
-0.07391831605898776
-0.10414296853895029
-0.09790864507486009
0.07567032897408806
-0.10837731883930728
0.05514330352555559
-0.04597956297762607
0.06635799749636560
-0.11851015828065214
0.07476750700054843
-0.08116757816773298
0.06086299669116114
-0.01653845697454487
-0.08854908137681591
0.04391968977062124
-0.03887151713363030
-0.08047568304127732
-0.01065817183838931
-0.04151030044071759
-0.12491872125980857
-0.04176955547530202
0.06381159322204212
0.10241048964676348
-0.08011440655114295
-0.27512089999405898
0.07283080826413318
0.18310599111893200
0.18261037009906853
-0.00239152516589341
0.09254342820521586
-0.07362668759665546
0.01837793871346688
0.23488985182613503
0.02207177569814551
-0.07240777483475100
0.00290647831375866
-0.05772283507377671
0.17046073556238397
0.02708136056350579
-0.10944419220467064
0.12006524266389051
0.15000844563928517
0.10553214493910845
0.00506285944382884
-0.01074044023081708
0.03546681349428922
-0.04020508032081794
0.00488047043553615
0.04905989240991601
-0.07256118467328707
0.00071886244873291
-0.08375527492919063
-0.05096532929648791
-0.00845657075012482
0.04289441311149461
0.13222319029889915
0.15964985450175040
-0.14901450772098171
0.17129297505732097
-0.18720904965503377
0.04149956335893799
-0.04085569019638077
0.03137193992066117
0.05356566396465619
-0.06116134386278293
0.08372289018189459
0.07620721451175656
-0.01388130747931990
0.03504381430578371
0.04720907061310715
0.03745763547634796
-0.02200314835633965
0.11784350620845062
-0.01018658966711245
-0.07566132787496292
0.12248733778304682
0.22045732167401916
0.02614094021237019
-0.03650391438654590
-0.06255618256750176
0.02626991527051176
-0.05130733990220320
-0.05527682714289237
-0.03498278609350348
0.06646450847534524
0.07558733223066129
0.07556979629049589
-0.02980124332686666
-0.13665241036447687
-0.01444619330805313
-0.03214204571508576
-0.02978197780919902
-0.11683794210328530
0.07521973524858318
0.00685679804288136
-0.14400201381241667
-0.04200671677569460
-0.17581121716218989
-0.10704161697788707
-0.07121915508410355
0.03273036932927729
0.04618856697579327
-0.08928831735082739
-0.01441454749826604
0.06112377578780596
-0.01387324386351083
-0.19333395618867733
0.05664794117884413
-0.19910618925524678
-0.01047251192940528
-0.00229549761958904
-0.11017296097040326
0.00690872358958829
0.00560484994440143
-0.12206231604667207
0.06893882221809419
-0.11206305153663178
0.00460441766089502
0.01726870348661582
-0.08237595194854216
0.03864104361479673
0.06560760637103145
0.11376715687297918
0.00054502555387374
-0.14559365162376961
-0.01692804170635268
0.01622208369066545
0.09091619081402234
0.10049627504529790
-0.04277576854469148
0.03067928504409968
0.06820980838398324
0.02439576369714425
0.06574490201972392
-0.01977215307341238
-0.03888319367946350
0.13644951849010348
-0.12438886281252691
-0.01610179841163574
0.21011859535008479
0.05138275267839769
0.01765696245192016
0.00659015796719370
-0.05490922180709731
0.02417681768809187
-0.09256458011878844
0.03009183361836336
-0.18518644412017668
-0.17763327453285324
-0.00738726868522395
0.04998305804958875
-0.03359927710607536
0.06802935984543912
-0.09919126189426193
0.11633627976811098
-0.10452927547855556
0.14958510698041830
0.12558688630823531
-0.04163791732896036
-0.00068498287730976
-0.01558487612883936
-0.06483835742009349
0.02127903719541263
0.06273974011468419
0.10928480203704795
-0.03313474166993334
0.19710908191667473
-0.10024345776717408
-0.02023147620135836
0.09757161060483344
0.19161868538382032
0.01929788554916570
0.10809080507242207
0.03483849675597318
-0.15235916496419014
-0.00214008626331156
-0.04766186706598047
0.01979173776376093
0.09092430849056489
-0.15877610879481571
-0.13318059304491503
0.07081482414817201
0.01835331037432432
-0.15095361166678714
-0.17297814634920586
-0.10341791428579195
0.02321791773254343
0.00372251226750654
0.00548937759217717
-0.02417289456616244
-0.00092928044814913
-0.02991715509339131
0.05689315049450765
0.06899848721773502
-0.08833438615635467
0.08878916875302836
0.03015736969588460
-0.00125330970457849
0.04464649923625080
0.00014385420533064
0.09868370985443867
-0.04266963539491388
-0.09480392231621321
-0.02839163811482989
0.08270343603096428
-0.01381460422167308
-0.09195283276520463
-0.11300847850403017
0.01001105658490390
0.06953154684727890
-0.19094600359612821
-0.08135067560701090
0.01556470660913270
-0.01090378130828324
-0.01215316411899287
-0.13733737399288404
0.00028626213603635
-0.06445329902359294
0.08251189656807310
-0.16005793215734127
0.06039853931960375
0.04042505413997275
-0.02135597029265039
0.01622969573748605
0.04587947477437139
0.08204019774470098
-0.09228257688313321
-0.03157967668406303
-0.00638260647764960
0.04023931728734943
0.03174986615339528
-0.06723671875387073
-0.24442466513195088
-0.11782224055586490
-0.16842841748611914
0.09503517908455313
0.07950232676954418
0.27166503964223970
-0.11449338244957830
-0.04519222578647080
-0.15941397612401553
-0.11315437521866793
-0.03707080533732465
-0.05791682336080003
-0.05896366544592948
-0.03069534270333845
0.08524675758323425
0.06218830424416073
-0.01885479628104516
0.06204462189206311
-0.10753753950954957
0.01997982006062737
-0.15252096360463949
-0.03615278335693080
0.05439817912402433
0.08812553222917639
-0.05473146947978511
-0.04228952750558761
0.18578397840952385
0.02833703929223053
0.05408959194425463
-0.03344176556183508
0.02271643656453870
0.08661156833057804
0.05770312234150427
0.18027793100441333
0.01842698271640457
0.02925590697553107
0.14111832052358192
-0.01954301443271816
-0.17370238663499382
0.12235717581195547
-0.01371482812830484
-0.07250333270238463
0.05178574713597171
0.02145085438053044
0.08031334694558989
0.02953118039838512
0.17947891385706916
0.09018449232202250
0.16527507235425354
-0.05565431375315063
-0.00083166098627408
0.20698315267750908
-0.18625802095269911
-0.04632793707453422
0.01552264215687370
0.04854467694858740
0.01651108620217560
0.22776926753601970
-0.07360610888916053
0.05854838460517043
0.13592918037951868
0.06276868284370048
-0.03364305907845513
-0.02733841830768371
0.00667288757357272
-0.06113435041219072
-0.02873212097135099
-0.09172992574778902
-0.08867456094375739
0.06694377112932438
-0.00258327904959631
-0.09114471297885594
0.01389126025513757
-0.14567184373587966
0.01884805045729564
-0.04468277010699229
0.07092552426678632
-0.07342801910664702
0.00697881737869747
-0.00109049694651378
0.07601590602278624
-0.06377174486308382
-0.13608843453712749
-0.08358202203626131
0.15634580506453627
-0.18293787327788855
-0.02428132883045349
0.11677796262071098
0.11071766872856321
-0.06399067913208768
0.14523498631609463
0.13987897802809685
-0.00900142869010722
0.01808928019964489
-0.05439736553010414
-0.00817500546665236
-0.01115536006300244
-0.02661678387240110
0.16042659582087127
-0.02514713028410489
-0.00226519467486978
0.02517959854376253
0.01600844658319530
0.16865889628735642
0.01717679474416385
-0.08959377331965980
0.10564865659492179
-0.07262597453347869
-0.02007165757810362
-0.05822293575369492
-0.17801493650682712
-0.10161475203911112
-0.08556823276854399
0.09368026999498941
0.05031657370052381
0.00473712128883667
0.14672091199524945
-0.03060913476302469
-0.00744274352131942
-0.19465900301091774
-0.15316054357908762
-0.07123025671636582
0.11259826094634798
0.01619244239200461
-0.07651757286574508
0.08817767694073515
-0.14994026371103930
0.05874295579207572
-0.16403491574706527
-0.00983249669937230
0.08301474365771480
0.12153878432422943
-0.00380040685280462
-0.05403722143873476
0.02985656907702872
0.01485012972335738
0.05859311207502509
0.01892713055865110
0.03955160415391428
-0.04725162374883286
-0.03405228893295131
-0.03547731569687245
0.16351838007475242
-0.00133149716947662
-0.10934184241565757
0.07915839011225302
0.11269374401218969
0.02216522552320846
0.03860837821491562
0.05357417267461265
-0.04089515924274081
0.00355045152375963
0.09095136079525611
-0.04125709063174739
-0.05021108826546583
0.00694020588650280
0.01527284798520361
-0.04254322780577913
0.07038478009624526
0.04595864387653941
0.02617499616279977
-0.04417704308534636
-0.06908837731336151
-0.09088197217253106
-0.07866959855899401
0.00459170104323004
-0.12521225560772836
-0.08704782713165900
-0.03443466427786974
0.06211588967014529
-0.00718530171875970
0.14167316827205348
-0.01615473562390518
-0.03819021209742660
-0.07794078020776114
-0.03270457382074068
0.10512861582421051
0.04642813348066849
-0.14814797883216665
0.03148572956964048
-0.08640223341210405
0.06222360713771023
-0.03546992494624132
0.06529582077507695
0.00748036568735694
-0.09223759771393969
-0.05743992529790731
-0.07595423823869865
0.10763601193065109
0.02802269005800792
-0.07699586392539599
-0.02052490973542674
0.05292351978122384
0.04658803751211810
0.04257505287307784
-0.16754910192921391
0.07406100139249000
0.14542833552408910
-0.04404874003202847
-0.01310931300609675
-0.11789738785546770
-0.00651819162426820
0.04920008964105468
0.03325360853403170
0.11404238326280103
0.08739887515209926
0.03937979309886036
0.11580896201812478
-0.03537455695142352
0.06308225105946019
0.01993929021576042
-0.12758325433542339
-0.05567080325503051
0.02737512221829929
-0.13246361989647579
-0.13390794798942332
0.17433012006775223
-0.00747790391960593
-0.09729922426972902
0.00469836542645211
-0.07430229960653163
0.02080837886138922
0.11380030670692928
0.05942242006272836
-0.01225832608464312
-0.06171490483088873
-0.15431462673965965
-0.07070763921663546
-0.00596114541933602
0.02784301038809844
-0.14227978238932820
0.04829450723061429
0.19038444653762499
-0.03680102954647438
-0.00698401923919007
0.09389371817769700
0.08725010638170032
0.03451255571792989
0.03813815947443771
0.05424094210503366
-0.07588839740275106
0.09324665396486886
0.10416480146399026
0.05125736740237645
0.03321934819675321
0.08030059577381220
0.05729325644885158
0.14121582323760140
-0.07208903839186762
-0.09132371705547844
-0.13311881704163914
0.06639465956359909
0.10790342405287100
0.03986529349947097
-0.00732429352881108
0.04667615248081892
-0.06006267034627095
0.11255072314941397
0.06915388815771523
0.06229094590860409
-0.08942482203064256
0.02492802207877028
0.09553044659384533
0.10201535291870224
-0.01091943208027651
-0.08727753057131096
-0.03559117948574062
-0.08496635271043881
-0.00514768048630172
0.02844756783102934
-0.00688096743238678
-0.00302960319551002
0.11647053210563545
-0.09529048197464754
-0.00105468915289916
0.11882333938286992
0.06945209668567820
-0.04716034979775530
-0.02183540585797676
0.06553303614079792
0.06202100931650849
-0.08334347486588306
-0.10876454091740471
-0.04952815328716424
-0.06988763427741740
-0.11896564486942815
-0.10883461046534912
0.01500340500959720
0.12340020083785974
0.00250072664088684
-0.26235182688733560
-0.19048127996631453
0.02385563185852115
-0.09101574463966601
-0.05662165161880824
0.05743160775088299
-0.05773056793955619
0.16008988403532354
-0.12050978703326007
-0.05400098485067405
0.08471436219781295
-0.12789229903854593
0.06992288702405695
0.11383516675986557
0.02421892736464392
0.12212916845306232
-0.01513501552012018
0.00068692142712753
0.01480688961129249
0.04414819208167309
0.09160833634796139
-0.02060200069999436
-0.00728107219246055
0.00671299893027583
-0.02102503238733409
0.00643827141305161
-0.09071548223303207
0.00404160654801325
-0.00718555474016126
-0.05913128943418321
0.06370432464291435
-0.09997541252678709
0.13141040069147317
0.02810551475204449
0.20395805478163540
0.02635956397298868
-0.02676964656318002
-0.06691199587727374
0.06548453587926238
0.04739014181908050
0.07145466492935761
0.14368855127757776
0.02960251572406398
-0.15078961506073629
-0.05118247462072629
-0.12790706380281316
-0.02219397920917419
0.05628721402806160
-0.01201054666520494
-0.07153090647822440
0.06519016458302250
-0.09621133341527174
-0.00812483244167801
-0.11771283941375695
0.15219158368150923
0.06531308670964035
0.09121852769803875
-0.01757355222998485
-0.00541388301388358
0.03685871261130994
-0.11999801466438757
-0.07721697026712071
0.10349525247624188
-0.10321345341617442
0.02188793509817875
0.04609234998915454
0.17961028434167228
-0.09633462066162614
-0.04173863441755876
0.05576906224340263
0.03601622997282821
0.12963965550179693
0.08215332093932677
-0.07002527112943692
-0.12625891300008860
0.00181646019918356
-0.07822790941178760
0.05770831703023780
0.07527872838605708
-0.15220662649267871
-0.00015981073336081
-0.04009574158085462
0.03477637141998815
-0.06267632651014669
0.05192503135281767
-0.07735255048156472
0.06208101205029600
0.02882511238152964
-0.04291186216719445
-0.00196150275562772
-0.09746389879308291
0.05687740980714556
-0.15971100565892654
0.01977227142641261
-0.04877897469088641
-0.09729626636841779
-0.09275376684035683
-0.01750279894572638
0.05851259444543964
0.00182225201023815
-0.12377988245382410
-0.08351752641186878
-0.08207290014878955
0.07593225260307633
0.05824205131939176
0.08922900486571853
-0.01126019265641714
-0.11667664644414645
0.09210915283523413
0.18051116213980742
-0.00801472754510727
0.14194464127583090
0.02438456205118202
-0.10310082038142980
-0.14034284536848043
-0.07825636555864512
0.03144351058500370
-0.02488940378668705
-0.02131874367759498
-0.01240596022018499
0.04519871845026802
0.00239993630199269
0.07281376147856046
0.14418384924750821
-0.03148338079289775
-0.02933563478429722
0.08652565963916999
-0.05988242694034294
0.03970100733588257
0.01438198670203192
-0.01140636202816405
0.00837865174591740
0.06022967348004594
-0.02268091955181667
-0.06324745257970467
-0.02987003748265459
0.07141970667007605
0.01386624475342672
0.04997107714685629
0.09594040683300842
0.09409391669777287
-0.05687379828410130
0.09695619113966340
-0.07700445628047412
0.04749721905616811
-0.08419992456254848
-0.03833505234824315
-0.05041312628167953
0.13645924860328026
-0.03751570274756345
0.08104556244605772
-0.05261894214388581
0.02044523991049806
-0.07800807316123125
-0.00502669626142576
-0.00361883887974658
-0.08410870227689861
-0.01639207784698944
-0.03677338754933926
-0.02788060173628692
0.11838676095276635
0.05740356345290702
-0.21699598023219036
-0.06900577995279245
-0.05882648728222848
0.12287996380940541
0.12915596128434914
-0.06941687889868650
0.00171599750094377
0.19448252641076999
-0.00634572815959430
-0.06711677219514178
0.02507749550384020
0.04765965977053681
0.07156733150327441
0.02544670749464690
-0.07404794829473609
-0.08979323351918192
0.14733536915074816
0.03392747642964844
0.17828194722638380
0.21985625600138195
-0.04450223272790491
0.04205935780135001
0.08574817721710960
-0.12921998819114272
-0.08643396421218114
0.04253747349709062
-0.02948267672529067
-0.06569933460305749
-0.00091706199357207
-0.07202647747558974
-0.04921943751426205
-0.19065156612080866
0.10782117603208737
0.16628451402196917
0.02934924257605660
-0.25049074861875675
0.04996112188502395
0.03261009390063243
0.06071770231038594
-0.05048925574450407
-0.07973743192520208
-0.09347918539973538
-0.01523490152266778
-0.07718879536574788
-0.07945647219068941
-0.00646484483318316
-0.04832524572984546
0.07743543807832079
0.15527775142663736
0.11237810105841416
0.02465824446435230
0.22497357681549571
0.13844042486973188
0.06176395068715559
0.00664074520090002
-0.06356688053651884
-0.03958721739214689
-0.01876065517824152
0.01654472717558331
0.05696725843920769
-0.17483635264788350
0.00764024881729028
-0.05272953178430312
0.07037970125089815
-0.03001576954975768
-0.04454419089792605
-0.11178536922854090
-0.04619579541231778
0.01659113786327915
0.04575349492230896
0.09995763281351500
-0.00845302448362748
-0.07338982991535350
0.30476092102166241
-0.03573852307758420
0.06026050289647975
0.04368287039794945
0.15851077457436441
-0.04110078212849108
0.01143746115389398
0.10169751976811323
0.09115177290424273
0.06853156713531279
-0.17223159969823384
-0.02531813377162896
0.04924688892936548
0.07632005806661350
-0.13311187454008958
0.05186755197031464
0.04112122434076199
-0.05116921358125828
-0.11676335693913355
-0.01482952367307962
0.08842099274343082
-0.17513093997824228
-0.00036457081917046
0.03426304431946562
0.01025259478957492
0.07896978662020861
0.09235150100744642
-0.03633065590582649
-0.00012024287765795
0.05350547066771748
-0.06125683744084554
-0.05363526469447168
-0.05481433934324482
-0.01502550381709955
0.11872979903737557
-0.08609867305498886
0.10424841888303082
-0.12753218241790776
0.09101003638941643
-0.19507023784913644
-0.01059351609299567
0.07168737538055010
0.00063725501183877
0.10828739800208180
0.03611047977892392
-0.07738113514711689
-0.09445319845883177
0.04401424591781401
-0.03180636642148403
-0.13424654991018370
0.06016522100983231
0.03772499828585529
-0.10141830447438163
-0.05576924870250379
-0.04323051927791962
-0.21458041496657929
-0.06944520831328133
0.11971170902665960
-0.15119585598917062
-0.00045448323026838
0.09221174175193811
-0.07922321391851839
0.05837209385393318
-0.01593949871093629
-0.15296576369993925
0.11226512006778279
-0.08297005165534899
0.14357179652157639
0.03170719920092113
-0.04065344673131899
-0.14565092196463086
0.05722556077358110
0.12437497258595871
-0.00654003687311816
0.04431601783328743
-0.01942588390102096
0.20246345075648578
0.06104258787007062
0.00140417145898242
-0.03308625604254265
-0.00702184228813616
-0.05608259278613595
0.00042243694419338
0.05857031271468994
-0.05791582870483874
-0.01391352597893660
-0.05263824954952447
0.01850718298565508
0.03305885732453002
0.03847278608379247
0.16196074909119063
-0.06693587837368292
-0.02307659559574766
0.02177060431642649
0.12878797911727580
0.00948585101977458
-0.05255060493652431
-0.04188722307979145
-0.04268404560900443
-0.18007020866132667
0.06277791637585942
0.10701364105833758
0.10354807693105851
-0.00291107274282603
0.13126115401509114
0.13166566951008746
-0.00454630394968323
-0.10313684842190896
-0.14043543616529486
-0.06524271035469716
-0.00786873185236102
0.05666791569378259
0.02461479850861385
-0.02274408443257755
0.00955338655549017
0.10187028012457547
0.00186852283742517
0.08394155651052790
-0.08928533403873412
-0.03221215521731879
0.26276985753717857
0.12599881259967607
-0.07978024726930873
0.18826772239033113
-0.12115659201498873
-0.02703675559857184
-0.04218622946411334
-0.13163212232733856
-0.00258533532162419
0.02065979642232886
0.06931320601224185
-0.10817098380320866
0.08944855644196058
-0.06560785836763219
-0.02952637796979883
-0.06538437115888740
-0.08619401641068856
0.01018970149369463
-0.10274579539398025
-0.02394469385106962
-0.11987228497796334
0.09598800964636767
0.00653332307410699
0.01610288326603823
0.05986684456562431
0.07377703735311272
0.01027645308010800
-0.05315030056827396
0.09615886085961457
0.01751644579593740
0.08057056140829173
0.02475992629215630
-0.07713509547692590
0.02298775670642364
0.04224876914940497
-0.03400390731162246
-0.15986419834021959
-0.27152139305333312
0.00970512482749454
0.00304088343443127
0.05635440010702549
-0.21380318416227651
0.11864133929528201
0.04759499685928714
0.00846644758369170
-0.09684568661422267
-0.12468643093527280
0.09504379611200843
0.16149974691832192
-0.01903351714355599
-0.08005745380265114
-0.05218934623821040
-0.22778110460287904
0.08256276107032270
0.10498865383160198
0.15626637619515144
-0.00400559434439572
0.13272887999029731
0.02485089906130613
0.02272153792915118
0.00307427348131534
0.02479684480706422
0.16186692339393086
-0.02077647801552776
-0.10994010062985481
-0.00697126293494429
0.10891438495449725
-0.08969043997346168
0.01941350201661841
0.12343423609846355
-0.03691331286023444
-0.12679885170246302
-0.04597544336456610
0.04181970196196007
-0.14772861284668962
-0.01868717749618002
-0.01988174474265217
0.00543150917429328
-0.07485837389584209
-0.00552468255861083
0.03834006266265797
0.16588461203113969
-0.09929094103313658
0.00737927060217327
0.05040566816779362
0.02873043202812679
0.00258029430972288
-0.08525301701506065
-0.09821067594714331
-0.08584492135449799
-0.01951752542292863
0.07358002891781561
-0.10187812839250014
0.04530215755750044
0.00927365131041512
-0.06512347273892763
-0.02275255199716179
-0.04522266739405210
0.08934126795946051
-0.00029270633651918
0.09543016468135328
-0.12577160723008143
-0.16272362014295100
-0.10573135061467828
0.07564418182104629
-0.08320445045699275
0.04086060019661514
-0.10878548810221954
0.01312262341250442
-0.13390587350331273
-0.05384214872222378
-0.15867566793909824
0.01611445560401920
-0.03145828989067465
0.02804457614859848
-0.11336740836382346
0.11696225089220062
-0.04983375962545285
-0.07142251458679715
-0.18621858477278644
0.04064660965719005
-0.04316282944324529
-0.04101034128083578
0.13764199687367690
0.09264309345229005
0.02507445450100523
0.00545453335733027
0.02211624666843316
-0.11802535150567708
0.04250038110004022
0.08428419827753336
0.00186711171211637
-0.03083317594033327
-0.09463376796859571
-0.03376729804975516
-0.01617070146098076
-0.08718852510425407
-0.23315002525235889
0.15336811918115059
0.04800804135100783
-0.02131626421654739
-0.09021404640088726
-0.06048700163201496
-0.07935279500699209
0.08561534477635831
0.04866634297893929
-0.00564886808037236
0.03328562150434598
-0.01601021713162154
-0.01852672892641540
0.16771616911338019
-0.12611731167191562
-0.02617854783415823
-0.03678408383346327
0.15456998617596687
0.07294651708016520
0.07197118028174418
0.02532154270083214
0.01877430392769019
-0.02178706082539879
0.02111759130229646
-0.10526343421973607
-0.05126402641823079
-0.09577680399282597
0.04552828824399614
0.09743047477828735
-0.02338722852555352
0.03441332738465992
0.08735956769165928
0.06994956193337994
-0.05401375346413908
-0.04332140176244027
0.13896532321914704
-0.02218158022274413
0.08184072264720464
-0.14766040078718262
-0.02176276751879114
0.12573392578537040
0.04036977324897265
-0.17098979535493816
-0.03135562995539271
-0.07316251089821937
0.01932268599032343
-0.11601121428554813
-0.01370830907561257
-0.07851322332847276
-0.02420819810527831
-0.04941346268677935
0.03417651598506559
-0.13159974742284658
0.15121654731821982
0.04953300637391019
-0.02064109685428972
0.05148803031189649
0.12452457426879399
-0.06027122094208501
0.07551715929623026
-0.01705004587652850
0.10762685731162658
-0.04797764273669358
0.12872401939377481
-0.11695858512056138
0.08372163217246203
0.10838322626703210
-0.04703060422969448
0.06846749671089399
0.07930565609748179
-0.07455175607987591
-0.00876514386144985
-0.17181731588041807
0.04744254954189114
0.03201999748298110
0.06711378996735166
-0.00987980209550349
0.00108111937393913
-0.06959472287052934
0.19396406450400833
-0.12233826778805686
-0.05874286510027544
-0.01868165060530633
-0.00982876357846373
0.01122084739442239
-0.10245667929652216
-0.05896223644407703
0.05131017391888947
-0.08251873425708990
-0.01425364406209337
0.05115684585236736
0.13854454300204308
-0.17339561733910172
-0.07013550491715499
0.06108346897590615
-0.05057583024185153
0.04449575531145112
0.09797194130357847
-0.10793933375386246
-0.02166392652371549
0.02334865873431489
0.03436124372633217
0.00643014694758003
-0.07170256544904903
0.04242551681560779
-0.09692440569085865
0.03661165377675785
0.05511223852747411
-0.00796280868257680
0.05478757162992139
0.01895597181366418
-0.08100769623149788
-0.18640669615577615
0.05969929377199192
0.02053437135717020
-0.09785557876511032
-0.01738434961208160
-0.11679220479004837
-0.08588896202330520
0.12401564939867507
-0.01443678556871608
-0.12341132002905174
0.18885672920325222
-0.03412246339525560
-0.03663033986322393
-0.06228350835242567
-0.01972369129428162
0.03408696558281779
-0.17431017386841471
0.10895685879508275
0.07532904921407270
0.06045283298770632
-0.09950522644469557
-0.18779201714965013
-0.05574545164063546
0.01295157997237516
0.07912391906228253
-0.04106182220872884
-0.11348346889733245
-0.00848000261726294
0.08192410710381005
0.09704520190710289
-0.17801233369018080
-0.08036503510928399
-0.00191748423408966
-0.01745218959826359
0.05563798706718874
0.06845605488455871
-0.01759045514067932
-0.11899341549483194
-0.03536574351640791
-0.11227496868398670
-0.02095576968575899
-0.00386000786269928
0.02171179525831246
-0.02763254910149172
0.10885847494638259
-0.05542935527412532
-0.02433206487178050
-0.07949570551790112
-0.05709795099081700
-0.08473042671555352
0.08730461692591558
0.00733664538143357
0.09199652692810704
0.01530476657096141
0.05458244493396228
-0.06661064559674305
-0.01385761921576101
0.02928775818137756
0.00217816853865522
0.00671424643572644
-0.15178759375819334
0.06437330670634207
0.03989589958435446
-0.04870132290522503
0.06925318267198456
0.03203561939161418
0.05020062956500508
0.09788626174619749
-0.05612975815884697
0.11850522670484903
0.04491638491961270
-0.10508741930688363
0.06352852674441441
-0.03999699987753302
-0.00436879650573274
0.20298566968172102
-0.18985286919182193
-0.05741860635756982
-0.07790014229524234
0.16834715065592010
-0.01062835002697772
0.02247689863559093
-0.02165413031574640
-0.02935149009651158
0.11090519738922974
-0.18597456976300403
-0.00424019473013065
-0.03452027196014356
0.10086113724510977
0.03115764761534247
-0.00465045137543064
0.04743890479365622
-0.01880315566672853
0.06215085251281815
0.19829396714478750
0.01639608608993979
-0.14276683636443827
-0.08000542898435181
-0.06745852045326996
-0.01944914520475234
-0.08814928257574296
0.02175844757548628
0.03818192019370242
0.02533779540268054
-0.03028209301190536
-0.09141007588596800
0.08228542197328871
-0.13915732893250932
-0.06733766201299493
-0.16775114425788784
0.02229073057064915
0.23446179546086565
0.20109599271839623
-0.07158639452035606
0.00774902527298791
0.05430829875470555
-0.10239453657084159
0.04324454968758315
-0.01075710576856771
-0.10157395114010183
-0.02268217008439096
0.16305165173896222
0.05388890174749852
-0.00249165190071609
0.09274007663739520
-0.11245728407161421
-0.07282720498989560
0.17191271149564505
-0.03923540506528376
0.15335839484551334
-0.12053262034809901
0.01871694799343081
-0.22808019745197780
-0.09728355808084793
0.02017802296802522
-0.18158907290276233
0.12601815136731082
0.08354064649242914
-0.02411916844507592
0.05515412880427979
0.05231669897398362
0.02159353433130218
0.03412493920191585
-0.09997215939731942
-0.04953089611820178
-0.06829105247998020
-0.09324738956660285
-0.07677783569470564
0.04921874548750171
-0.14832207553467838
0.06289659566582551
-0.08631474581738199
-0.13711811426998163
0.04813033498450519
-0.01049891485366694
0.16318665084169465
0.02293183834572887
-0.01725914094043285
-0.02331158853681730
-0.01180543251231879
0.17228810620559129
-0.20454483236456739
0.00948675160784704
0.04501954097041670
-0.05052462383714030
-0.07846730914482325
0.04286520988470927
-0.05734979735163744
-0.07775164136409993
0.06302733364329806
-0.00155578036723882
0.00531888265393498
-0.13573828633510643
-0.06694456049417868
0.04756170683377399
0.08858934452369484
0.03050795046663182
-0.06704070839428670
-0.06379159801874910
0.02473298330678524
0.10361621922859690
0.04490872248042257
0.06917027604315328
0.02369645215915046
-0.04477798054490046
0.04478814373951333
0.10452618615323060
0.27599464115904376
-0.05354469115578799
-0.02281904275623704
0.06892068771332377
-0.08938900677759166
-0.08244933179805748
-0.00326597764455560
-0.05828959837089206
0.03776846230651305
0.01112440563635300
0.04648049899988061
-0.13265308112079291
-0.07782054243105911
0.01383999444342682
-0.00805039580244013
0.06136693343139291
-0.04130388833982832
-0.06491690630171799
0.19103629519854795
-0.01282166586755742
-0.11330145523239307
-0.09547279227490181
-0.10954134998700592
-0.06548707323540337
0.07004418507831049
0.02444141532012813
-0.26609500422873428
0.00238318175676117
0.00022703437962937
-0.06067833492533219
0.07042221129673694
-0.13481110609616540
0.06520765338906674
-0.19639434190138058
-0.07274128392226061
-0.03511042648057328
-0.08926210375112013
-0.04106930126124821
-0.04697611178797493
0.03725972058918550
-0.12611132826680366
-0.04657424425417487
0.18209045954454697
-0.03334743808075816
-0.10168247092876108
-0.02629582590493728
0.07335442395691354
0.03485021967905072
-0.07705255187538586
-0.13120032497504497
-0.04557494269410753
0.02302659798611065
0.03781565214392141
0.00566464056591891
0.01677446295018880
0.10814847054359386
0.07903208983453959
0.03601798752566208
-0.13860507255003576
-0.07698218087106738
-0.09890406812496642
0.10214625816328027
-0.01350472808168941
0.07855807911741336
-0.02030535528672297
0.08216837714667452
0.08291323540589420
0.09072780776659049
-0.01798266795862299
-0.00056023689755823
0.05048399245062500
-0.03055815383343171
0.03192914780306182
0.01523702070645904
0.00500057212078371
0.07262082434612127
0.11794826805067671
0.08626157130898890
-0.03512800371260624
0.04541433678986338
0.11756328852550423
0.09299314612787904
0.09172037494261059
0.12404762711897988
-0.02339887602454001
0.14450003396311598
-0.04003658876187612
0.03263064598764336
-0.09285549958206313
0.00134331947155192
-0.03248200020209591
0.03871277169733068
-0.11816294860340902
-0.02889328568879893
-0.06885148799132741
0.01822151721528151
-0.02911690844535143
0.14461759198492147
0.04880327801606026
-0.10852848399044743
0.08807202521331044
-0.06671152510642707
-0.01831873852148308
-0.05434961242910296
0.06394680233827003
-0.10884269150630728
-0.14248800353190169
-0.02499951218924641
-0.00888195361769038
-0.12410127331298483
-0.00361177652609966
0.09925740187801711
-0.10625772049493072
-0.05679994810431310
-0.19191059302348229
-0.08652239388038743
0.06088676697651605
0.13031659821872904
-0.01477512023147210
-0.11423411461128520
-0.04714336472042954
-0.00013766030995086
0.06443826212103558
-0.09306427766020151
0.01308061609684799
-0.02118676339649248
-0.03247615322478297
0.01662986494717465
0.03158383872674214
-0.01693981678851917
-0.15250434827655093
0.00145104835254371
-0.03320944367240340
0.10136080401126837
-0.06373396372369508
0.19535331650342513
0.18798672662571403
-0.06239078491807840
-0.03506721119789097
0.02401157346996716
0.13481198355860577
0.04895827819518091
0.01725083871994592
0.02916049052878078
-0.00323272161212074
0.05113946939742318
0.08823501937014133
-0.15132903518335694
-0.00102407242224868
0.00672191844653456
0.05270717559772172
-0.07161108248866500
0.04451281585925827
0.00088864341195732
0.01768379477311853
0.08518894331651305
0.07901037337675339
-0.02433410612664634
0.05515167673706538
0.14093856931363857
-0.06617969992088629
0.08591672918303966
0.01909267106825267
0.03637800097913420
0.10318161849572741
-0.02551662816248163
0.03320418115324527
0.10153976051496015
-0.00035222724384675
0.06687485453804171
0.07023613559298762
-0.06661311718013856
0.07166878226537325
0.09773243220271895
-0.04599061998443484
-0.06741507515193035
0.02547332237037427
-0.01986158993208269
-0.05121168140111244
-0.02951542783403765
0.03660117602194253
-0.03030316920837563
0.09047735231708808
0.07592907451404741
0.00820741851196674
-0.19119848431397246
0.00057093193577144
-0.07217385495361509
0.03655568122646674
-0.01879100142289740
0.09328947337804221
-0.07717060951048860
0.15845989883783243
0.20668404800262838
-0.08732051820668953
-0.14537340819339456
-0.01865089278043477
0.07266765999625241
0.10751766752511319
-0.00504180887660871
0.05788786488565981
0.10990648909632099
-0.04196106072419407
0.04305428655520355
-0.08860910483473108
-0.09495989973844894
0.01560413192922957
-0.15951859790951234
-0.03264640686366901
0.08525309451753962
0.06347954643127351
0.15315117868827616
-0.16428702347930524
-0.10633384161554835
0.06297658132741578
-0.07788884754682857
0.12271251062834260
-0.07236198969283418
-0.09375957110083553
0.07679374113519927
-0.00712385502969543
-0.07384540830276624
-0.07632175912426058
0.09447845969105670
-0.08200039057530546
0.10259417055959261
-0.00734730981361890
-0.00285938941489011
-0.00457533476943362
0.01103347381345314
0.18510467808155659
0.08478169508087527
-0.04857502809742580
-0.10044259940991315
0.09019646191300261
0.08271657161174241
-0.03716895650260799
-0.07730159439373069
0.00764682349306330
0.21684358109730151
0.19885610850378960
0.04532200769848865
0.02418792310838637
0.01928372161015180
-0.02228536578689295
-0.09674196322386749
-0.04097360650268642
0.00372850790330606
0.01043383177533881
0.06618824256008835
-0.08343487438956136
-0.05091989469617615
0.12214833215484884
0.05481443105197033
0.10328499846060522
-0.02928392372025703
0.04558092047700008
0.00599050598579055
0.02181954253549365
-0.02730279728386897
-0.03603957802553166
0.04508449379489191
0.08621032609900241
0.10127834890320164
-0.04025241591526218
-0.06484872508230660
-0.03600177349106489
-0.03277589558670308
0.08949678894281300
0.01981818772199800
-0.04300659088567835
-0.06935414680776937
-0.17014182095231967
-0.01011446191361789
-0.00113315680816207
-0.05780660132291814
0.04757957358485568
0.16103592087692323
-0.00343022822600628
0.05883525542145841
-0.00421486454947306
0.00348767191998442
0.12537909381121881
0.08363798549039175
0.09446499956564026
0.14433171527338542
0.07843539554611913
0.05860243560819811
-0.07423266249334470
0.11864983670623010
0.14709429841539468
-0.09452224539454950
0.01877362473200727
0.07559597706477607
0.02088232568170023
-0.06755673747240690
-0.03761664672400384
-0.05484908355816766
-0.08924660420233679
0.05031715878296328
-0.04048734409429361
-0.12091501493584311
0.01855580502881788
-0.07969464321072413
-0.03238893802866626
0.02155462979004645
0.04730615724699867
0.02007546494914078
0.07660977311829006
0.03122211046837221
-0.09475776925236876
-0.03454686026523252
-0.05619566520469101
-0.02834442474144923
-0.06037335259591267
-0.00980170908957806
0.07141233729134115
0.01798120371847599
0.00297618147554530
0.07104290771186487
-0.10319785352439678
0.05950673511058232
0.00942602931917612
-0.23857908508975237
0.10821883701409464
-0.06733659107736577
0.02466520048707543
-0.18792053933777450
0.05365061214511060
0.02876549866860720
-0.22974803179273634
-0.06669120729030439
-0.11033909205901361
0.08234222239709905
-0.00417454270271938
-0.04820010340238513
0.01800683124698429
0.10750177738923260
-0.12058558958476435
0.04403026884581943
-0.06076114322574852
0.00061679842769386
0.17750420866780717
-0.15197221017407797
0.14542426110136991
0.02180614262804492
0.07251360796398651
-0.03199946919974953
-0.05511500653261601
-0.10883915227311007
-0.03667687064853460
0.00657637274881359
-0.01078553539807537
-0.03790325391646315
0.08145872543004641
0.03048555624295382
-0.03037784996836086
0.13210853069865799
-0.16523561012366411
-0.10720943663774955
-0.18293004010896780
-0.20328412797367623
-0.09666146895748225
0.10142626939383487
-0.04535383245352147
0.06387388893715944
0.06488051819441734
0.05901590543668069
0.02297638335764266
-0.06359190391173591
0.07485920834109745
-0.12001293689004168
-0.08100411788904338
0.10635237031980180
-0.01512128022147197
0.12925894555121156
0.03493760818000679
0.06300260529563168
0.26551534770381902
0.05240727575233276
0.05268866293823907
0.12958589222122704
-0.07758375662349609
0.05035308465525397
-0.18268463523030859
0.12015041151980783
0.12059626924423049
0.11590561441545080
0.06559626247214483
-0.00634308143937289
0.02834421008275455
-0.15569431523445479
-0.03457364022129758
-0.17223373973141601
-0.10434989799507444
0.08523786941647955
0.05580682145128411
0.09149404475327871
0.02684429706127766
0.08891360141417938
-0.00326135379832289
-0.10457137310867906
0.01017137773040592
-0.22698293838185138
0.09197835397416758
-0.06238580068705848
0.02948164709701094
-0.02818492741509326
-0.02401830195731677
-0.03674964166147404
0.01014548029899231
-0.00475343173940273
-0.06295892882324999
-0.02188311315744153
-0.01122223499270696
0.15111123012246666
0.09747260070971343
-0.14575280532217955
0.01919166569643978
-0.09014005808438201
0.19572313063115054
0.02423937858272315
-0.15368808895683592
-0.09614379307448709
0.15425227567375446
0.15655152710699999
-0.01456904654288162
0.02545358480694563
0.13605877381737633
-0.03542143887086150
-0.03905309002704459
0.13823591923535966
-0.06793651319368997
-0.06433418961405406
-0.08914177543689604
-0.06699982640766290
0.16872465840072171
-0.02718392320278040
0.09877312992036426
0.01224818770338268
0.01725831836769353
0.05448109006552387
0.09456588481485015
-0.11234821452605322
-0.01703925979033924
0.00119756211355226
-0.19324786274865216
0.01387689071598580
-0.14878967303528989
0.01317969794726538
0.23179571925422959
0.08369891338892993
0.05537564100617248
0.00504521726176021
0.01701081235596973
0.13527555798498403
-0.10972560743184480
0.06228030368308771
0.15669363566495192
0.06730663957739548
-0.13673413270347418
-0.20469763490338400
-0.03772144879077522
0.07547812036339276
-0.11804128982376763
-0.15662315767443374
-0.00016396103338339
0.08653693355393004
0.01320895669652024
-0.03749966182745319
0.00971250739627026
-0.00338469783956021
-0.10160272098941751
0.04613431788474236
0.00108739416249561
0.05601374031691158
0.14278899891599875
-0.04027603176597851
0.11145109529714027
-0.01388147270578225
0.10269808708265081
-0.04584882947134303
0.14313259682411048
0.00589239531797972
-0.02198204264868929
-0.00150256525399607
0.09531572609930052
-0.03607902726611308
-0.00662633201013632
-0.01599544668522989
-0.16329534928878395
-0.01963947024400656
0.07562004711943654
-0.06398552515554695
-0.02432950784139789
-0.06593069179107813
0.06680739773747367
0.09239083667404985
-0.03494195560004925
-0.11299021666785865
-0.03022161560874933
-0.06857484706676144
-0.03829509553144215
-0.00482942066456752
0.05071971528841276
0.06319790824600964
-0.06215573759994379
0.01613750015855774
-0.06159167635911859
0.18339525706627788
0.02195306605842046
-0.06733388841992688
0.00014142412644741
0.04852451336246660
-0.14359365548724501
-0.18203355694158033
-0.01333068698025918
0.00366148164041963
0.12707968479213871
-0.05456159983053960
-0.08152227707428898
-0.13571104595564570
0.12756392579778950
0.07554094258176093
-0.12335782103238989
0.10284734559459406
0.02321101192629911
0.02782384345067519
-0.07617887132869607
-0.02410016787745356
0.00845443834083803
0.06417296609137288
0.01437454132795635
-0.13280509384143899
0.27138941408052686
-0.04664865283475147
0.10738945208174031
0.01280689920708902
-0.09652952003570230
0.08533031438789331
0.02350342933181927
-0.13538342565078065
0.16052564389671914
0.17072129334525823
-0.19988949779769308
-0.04010135727318930
0.06417794092719620
0.02926434664833393
0.01313010628498761
0.21375347779985479
0.11432467986642388
-0.00684203976029332
-0.05984207092626127
-0.07518713251070920
0.10759530183838528
-0.22085016309333247
0.02128371968679058
0.05244525217088053
-0.06067563138815721
0.08303163943775935
-0.08358369372578592
0.00525364587328473
-0.03939354303195237
0.01582664734808458
-0.01587890395577724
-0.10026242395221603
0.18118579955491143
0.02956307181892944
0.09425888166771444
-0.06088770703457700
-0.05884256549563224
0.08289740530237645
-0.05906441497665295
0.02410329488606388
-0.06583841744128648
-0.07282455205007367
-0.11338440512365255
0.13150518198803077
0.15653861842837546
-0.01867993400084066
-0.06688756098222809
-0.05410850642768447
0.13515087104626503
-0.07318529223276876
-0.03791930762424916
-0.10761818582369120
0.14430526759728193
0.03448685426181783
0.03675333099437796
-0.08757744787970256
0.20353122462457696
-0.08425280880290865
0.04451082808588473
-0.16781857736644998
-0.01233082460340851
0.05589477892437762
0.13143921249897569
0.11063003445303946
-0.04998213932893023
0.06092219112253515
0.10057291082973256
0.04897631159055171
-0.10908923251877944
-0.08353559789262761
-0.10921248583480284
-0.03758579374454926
0.01979902238115445
-0.08196503791088465
0.06971519912248032
0.09787683617239502
-0.12321369121616520
0.07958494592515175
-0.12857947365796421
-0.03912135395038192
0.04070998774991735
0.00491274535067252
0.06264320545430072
0.13880214722393519
-0.01757813452101833
-0.05060327209385389
0.05050849961352361
0.18055964854001627
-0.02141282888547823
0.10520843983783877
0.06981548702831407
-0.08488548043272633
0.12265783574166164
-0.14453255461142681
0.07437481994466789
-0.06488395400345186
-0.12383724540506102
-0.10638701676620493
-0.07709122345601106
0.02028730067194952
-0.01827754642577541
0.00394704593942768
0.04313613510878452
0.04019400331612510
-0.07294952605288688
-0.00288511466520454
0.00911286067223724
-0.05616887096965762
0.02967575278511363
-0.03728844841689213
-0.09500497739473020
0.05433598349759927
0.04307934822496923
0.05597261237139936
0.05506657107575036
0.13027871569779667
-0.04871134531498088
-0.06978260875685743
0.00464655181297070
-0.06293604102127939
0.04616945632940971
0.04485089558710776
0.02521841302600425
0.06816485226093326
-0.05805371189817187
-0.02557164304703631
-0.14312473525077279
-0.05070940127002675
-0.15992842014807851
0.02807258052196617
0.13821278574415072
-0.13668648642122072
0.07754861025145786
-0.02897875065563690
-0.04787824115710195
0.02359913966562345
0.08658520488408909
0.02305234494384016
-0.03978329498074700
-0.07536561653699252
0.08187064012781260
-0.10207076749154058
-0.09881969874002487
-0.05324023242579121
0.11308583281313249
-0.03474376309697161
0.07772469874782273
-0.00257549026344482
0.09400247012742710
0.14074617816811655
-0.11703328344198248
-0.00187385266381777
-0.08730995744740060
-0.05434561781738007
-0.07415863453007261
-0.02078970533595470
-0.10436995041749426
0.18338991234594418
-0.09821918407080747
0.06257708789057116
-0.06532698464212661
-0.12441107531830796
-0.02829723614945074
-0.02497568192710364
0.03184993938705725
0.12769815797441258
-0.02154599292237300
-0.02884673719091460
0.07626808531445597
-0.15334411114553576
0.05516898817650553
0.11107468089128585
-0.20381141086349913
0.03466987467719111
-0.03200387717817209
-0.06179609489314568
-0.03971397763505217
-0.02757801137171149
-0.05776356248017386
0.12963668692986915
0.05929859545294563
0.23406090078095754
-0.01122783847055316
-0.09819464113266213
-0.03530999287390731
-0.10447375501218102
-0.06896286380142998
-0.05989576916443802
0.18512188965903151
-0.18622591086097709
-0.02073434822611198
0.01762448591944448
0.03978236179432988
0.09529554998873924
-0.05962250135281088
-0.12084621780397729
-0.05925049128320763
0.01524171830626086
0.10857045453797146
-0.07798687473431919
0.08917067909786144
-0.13229654024955836
-0.05723105207129262
0.10314574255677869
0.03764567852777859
0.06611770637199910
-0.00326553381002624
-0.05335947550741277
0.03560964605572652
0.07945495869439317
0.01660168222393842
-0.02190745167112743
0.17270020258426205
-0.13886106457754388
-0.03251588027745330
-0.00629816322593040
-0.05457693721535220
0.03304667793881835
-0.03954084527254085
-0.04047591785108941
0.01776932477339402
0.22439166247588310
0.15863406912073563
0.02342651824883171
0.17994594003533684
-0.03248740440483050
0.04839331801825349
-0.14844332146844802
0.07474842028415651
-0.05433526016411134
0.02946287300537840
0.03052166959202181
-0.09478047685802175
-0.03419185076553286
-0.12737795784632963
-0.04193920107740506
0.04067425778916154
-0.07132353664107943
0.01979216351434398
0.11150603388800005
-0.05661807176172701
-0.09062999942516947
-0.04005313456231738
0.01984519179128486
0.06815187458187255
-0.06572698009672852
0.13398738196128260
0.13411783909737027
0.04352181274596582
0.06645170073442892
-0.03101363249549575
-0.07295061900594868
0.01090696994681094
0.00402501728227756
0.01258475297007670
0.08803073739266158
-0.02398017922708319
0.02098149872975988
0.16752698022702650
0.00659569251721215
-0.03630259538402374
-0.15733970529378893
0.08867395984299963
0.00208954074824932
0.08039866926702363
0.13189271290198104
-0.15865704373273640
-0.04867440270688710
0.00735148554568877
0.12903403480111666
0.08028569854382556
0.09934016242391394
0.11404112153700402
-0.01468729812387328
0.12207653783299952
-0.00519345593491203
-0.03244248799130426
0.02003315667862515
-0.19554821583182030
-0.08316630512324720
0.08219282928384079
-0.13593745675260849
-0.18173285849384188
0.16651206993765580
-0.10536372717572434
-0.13278789484053133
0.03096998979241796
-0.05952496067016719
-0.02022637994594608
0.06973124856771364
0.03749521966708903
-0.07384469808267828
-0.00874330557905102
-0.00284349237253468
-0.13793419977124097
0.06519152409348267
-0.23311119004853059
0.08565232534819146
0.01356372895882854
0.07433152501180691
-0.05158020655090016
0.02767109076502416
-0.11141746113018290
0.04226961113032322
-0.06089091278130836
0.23636892783550240
0.16075531967122475
0.11425692873714258
-0.07094127605236264
-0.03929776335049603
0.01868892850016111
-0.05547657146317673
0.08252782522461209
-0.08696305099181967
0.03967527122193458
-0.00058333804962157
-0.06640112582075949
-0.01761159049418708
0.03248322629382757
0.03216754255995104
-0.08249255203319283
0.09121870771756994
0.01133701237352714
-0.07729214353843802
0.00660388726198206
0.01025260577606538
0.11875145179944221
-0.05295901107096396
0.09529907266067178
-0.09983052498000247
-0.00634824964342596
-0.08192072065334838
0.04762336117043554
-0.12408461840086880
0.12727660747217945
0.08130496556189216
-0.12777655902557103
-0.17560746323772189
0.08868802899091430
-0.12070974591271054
-0.09582471153879833
0.04844951938988330
-0.19421797486578660
-0.02527190077142709
0.01936317550243039
0.14220841248692981
-0.09841231464670014
0.12588612950368305
0.12473268097557927
-0.11801896183633295
0.04278231240146813
-0.03458912916096132
0.06171066556197890
0.02673466823831294
0.07096070821280849
0.04721141546072523
0.07165435889397470
0.06154588612368046
-0.08639218538384123
0.13662264550055053
-0.02377766884759529
0.14723788989952971
-0.04769122823007230
-0.17037888829510478
-0.10256232383918741
-0.04384506662370520
0.02054783841843763
0.11134612948980133
-0.10352262832464139
0.11409110950803272
-0.10875911795856201
0.06127409771281270
-0.03906590380526612
-0.24219402610566115
0.06885322436613286
-0.08383647207013553
0.00972865294122436
-0.02353890212434361
0.17673780249302803
0.04494283439526218
0.07582980064997290
-0.04701658534570397
-0.00373006901285649
-0.01524554090194860
0.03440362867009948
-0.01408891834179364
-0.04707879426847243
-0.01725419848872145
-0.05638936582060817
0.06359280041155908
-0.04094422137267806
-0.12194688025552593
0.11904506860213172
0.00112852704478635
0.00970070382222995
0.19878057130951901
0.01649232518227253
0.11042577238015987
0.04154111685688161
0.16579883149640579
-0.02873834508285008
0.00849643142014897
0.04076759082194142
-0.09060244072822989
0.10712861548765962
0.05048254312078295
-0.00106743896279581
-0.11594367331923101
-0.10323975539045800
0.10002303872963644
-0.00990199911474810
-0.10456522111928686
0.06780725503873955
-0.08018133507630232
0.04648708559145986
-0.14091877320969706
0.12994644317736934
0.00377503493202947
-0.05022533390405990
-0.01407543796271876
-0.03428581419597070
0.13151413278989657
0.02378919948988002
0.03800537979729849
-0.02736997963897547
-0.13232249555199824
-0.01426716216501220
0.06434896373387633
-0.15579863733910601
0.05613565999166613
0.01895465708514050
-0.02409700655519207
-0.01007274320209463
-0.03060261352445655
0.06074165458308226
0.05986265954918626
0.17145251425047087
0.01231577644089216
-0.08193959730095195
-0.01607573487044293
0.00884221758700839
0.06372457335034180
-0.08232655732826838
-0.04861672339916566
-0.06953377757155325
0.10793585344758441
0.09787589966381212
-0.02047644937533299
-0.08984191170059136
0.08307461412188148
-0.06899629850461377
0.12481556867536893
-0.04999953494517625
-0.10431838699504171
0.04221503508095192
0.04022252913984040
-0.11045553767249894
0.02929434243415705
-0.04219081300709664
-0.31090136833088294
-0.20434226597322816
-0.04108118127495641
-0.13643213705006971
0.03809644143102191
-0.04779478875256051
0.07070057275939619
0.00057705017207537
0.03675510476608786
-0.05465007601370019
-0.11882232171873047
0.10068509759266965
0.06502637422029302
-0.00041565477914715
-0.01911144705222504
-0.08414108881491586
-0.03868805770600578
0.07027909571245620
0.12740462704571620
0.01384298076333075
-0.08280943641916676
-0.00056710703948323
0.03667774896586420
0.12612980561019044
-0.13117312872978376
-0.05745702630049786
0.18773545093255470
-0.15299707905612539
0.11575353611649626
-0.03786757367725398
0.00168755567805836
0.05848814790234447
-0.05424944750405129
-0.08380068042860304
-0.13168555451872821
-0.04663726552307480
0.08628632977785920
0.05857220433323072
0.00186427856381959
0.10591909465528150
0.14838665778646695
-0.21361674601852917
0.05462534692914997
-0.05999540514634670
0.10940486006858517
-0.00544464007630625
0.03609288008342324
-0.28045797379828319
-0.11208314724169995
0.04323596473387816
-0.11544284653308222
0.01478381876903010
0.14788784400329660
-0.00457433557023663
-0.15488112469712539
0.00865030476239589
-0.16055383422411476
0.00963155166111672
-0.03126419733882565
0.04926642625127182
0.02197007338306165
0.05518157963069961
0.00120789371427968
-0.01675981915754014
0.01854961111149892
0.00127877550374743
-0.08911300479798280
-0.07134894576888286
0.18869210892739374
0.01518815728111567
0.07785282129067413
0.06809134322575236
0.13760471655272319
0.02405156710694249
0.01959870963563351
0.11011231989169794
0.12502055187338115
0.05232984211126591
0.02787337798638553
-0.12081483421002753
-0.17196914073575414
0.00086500242791838
0.03147706048697225
0.16987153300768745
-0.01213510612022609
-0.19964887067891235
0.01097325215851147
0.12013031159031611
-0.04377279391643748
0.01620952152909189
0.01146246247412858
0.02118677624261793
-0.05041338310042016
0.06853617388098898
-0.01097667212387838
0.00021170826956021
-0.05754901603586561
-0.08030862017101133
-0.03621562099645017
-0.06331032670990207
0.13861764445593577
0.11938167796863486
-0.04644340062525180
-0.23275614807688502
0.18502237125707047
0.21705390378708311
0.03865804767708782
-0.13987201477279698
-0.07591048813843757
0.00005857773639902
0.07265230555920174
-0.02095528101420086
-0.10541025383106828
0.22251523560758782
-0.16401830937585002
-0.01398158404559402
0.11421326628050715
0.12048746935699306
0.10686375992791694
0.04720152877731885
0.00744329254396142
-0.05969496599747841
-0.01989841685944992
0.03961663685678389
-0.00662823014067998
0.00610253327414428
0.04858087296153249
0.05762680800144983
-0.06878832524812233
-0.14387256279514160
-0.09215716606130550
-0.00342228952166757
0.00380175398629571
0.07874226216190187
0.03229211588300966
-0.14162170435376126
0.08972850404522577
-0.11251848047294792
-0.03104082017995666
0.02278827665770493
-0.00922320105400823
-0.03180894009885538
-0.07566077028650896
-0.09558771901833037
0.16817680618104586
-0.10998944972054740
0.01892513968749044
0.02857786943462608
-0.03433015240866757
-0.05311755050437653
0.15953740693047083
-0.06006971800564250
0.03153160227008555
0.03211719316598982
0.12204550254603833
-0.01396990558633841
-0.08648444953390551
0.03559793261455495
-0.05339795617566336
-0.02103595385353369
-0.10022212658977785
-0.02212608130385637
0.05866896266948365
0.12504091419406552
-0.05192802547973259
-0.01716405049886612
-0.07469390772015606
0.08788150448203118
-0.11760751148825797
-0.01310265070970299
-0.01493828511130722
-0.00838996178928072
-0.09372528587581307
-0.21169491155074249
0.14627192057805194
-0.07809717110709187
-0.13618459828494756
-0.20244041123170095
0.15045739148250190
0.11327422940638630
-0.02494792635707676
0.01838211145590027
-0.05977102950126499
-0.00243407200554181
-0.01235970795510628
-0.07019489144806577
0.02586540738986508
0.06816496213898766
-0.06414989538044143
0.08752606603656228
-0.08664054675894070
-0.05911379129839430
-0.03025675642954808
0.04638492186575888
0.13386826531805449
0.05069897288584320
0.05740402408150374
0.10498050958181938
0.11698343690790351
-0.07525061463860268
0.06553254992691178
0.08437629715324517
0.01551871874308684
-0.11065489979796568
-0.01225990197894211
0.06494705766891347
-0.07041863103025488
-0.00207383501046435
-0.10389442360728462
0.08919086319541455
-0.16353891318944616
0.07699013595254679
-0.12334374754045839
0.10029406592722678
-0.09299449555477803
0.12692054972711206
-0.17181284007081482
-0.04516166487347836
-0.11622209107956172
0.11945710040591277
0.08783691304520025
0.00074245974746507
-0.02446107513966146
0.11244483427188093
-0.06373957268095601
-0.14460603144395112
0.00510084671598531
-0.05911887527744340
-0.05435394180857715
0.01774454485984916
0.08323437131340723
-0.04143289750450815
0.05271413484943595
0.04890513531984364
0.03991503977235070
0.08262655703372393
0.05818136131865461
0.13688256466369536
-0.07290384658539173
-0.06121802743691634
-0.00788944316659126
-0.03106456025498747
0.09970430615033542
-0.11790085660202730
0.13762903330422005
0.16251020667286009
-0.20408144645177415
0.07448201375632135
-0.16244714025757015
-0.02494269388450385
-0.07317438957166741
-0.09617664162786076
0.01483859885372078
-0.01567581037358233
-0.11595575314858643
0.04723914414256612
-0.06153432838299320
-0.07187003338311561
0.01665568781494437
-0.07084447008529030
0.00571513728180416
0.01718181099138710
0.01115477302122423
0.05966036418834613
-0.04929064924617534
0.12689220639439183
-0.06439753444732611
-0.06815918871063711
0.11003863413835115
0.04647760005175928
-0.03016073117531879
-0.08977277164954940
-0.04908156840102654
-0.08256060288045296
0.08029673752822693
0.16091740142467703
-0.06868863648368635
-0.05224969196944475
-0.09020349810838985
-0.10319081614445651
-0.03140944415566416
-0.07354784064172347
-0.12849910366027048
-0.00486213636732753
0.06246762763619946
-0.06173666989863466
0.02939316644728958
0.00105171293489730
-0.07176618270728888
0.03158068075523508
-0.10408342606707664
0.16138033056832435
-0.01105939481508414
0.06984854452270353
-0.02580943781820562
0.19537243250278138
-0.00637314928551826
-0.06179767863705335
-0.04468125585586890
-0.09784736415524929
-0.03553659573026776
-0.11305432420422441
-0.01313998532191564
-0.04729962342700345
-0.08523612857281830
0.05582014481209777
0.00898968386243331
0.10974020569308178
-0.16405253821229138
0.08577798651474333
0.13218159313041467
-0.01098099115751142
0.11587585443175913
-0.03151055793482177
0.06657578831552879
0.00195216484475359
-0.03787068279439808
-0.03056216835823255
-0.16736974865055887
0.06773762523739750
-0.16451021311600769
-0.02984520293280996
-0.09075971822276391
-0.18214080006971167
-0.08854063261193844
-0.09036482531372661
-0.00507158658796566
0.01481761493604069
-0.03700936215173938
0.10957648090196641
0.00161249048051937
0.05886051810129783
0.02159418338231086
-0.15164348462991203
-0.05058749243874178
-0.11765730530115608
-0.02838944142684511
0.09596181729686094
0.06191428935930428
0.05700011606180286
-0.07899569957439453
-0.03173533598853263
0.17534156621722113
-0.03654382457311028
-0.02960419588525609
-0.12470949382719253
0.21346633700475751
0.19932625486540623
-0.05026026210715448
-0.00540203781875277
0.11558305362321025
0.11127284032684336
0.06277085850767264
-0.07117290688787553
0.10715214594453293
-0.09942137077082407
-0.03777600383593939
0.00347769313481225
-0.05970479292023168
0.03129349796982356
-0.01384304055550378
0.10580828649433528
0.02229662395334293
-0.02002184824682222
-0.00559806774758167
-0.13208001439312103
0.01788749887393235
-0.07336756072882042
0.11298865592692089
0.03320943960905801
-0.07888353017236034
0.15386965214057657
-0.04890289752609996
0.08876362258283192
0.00170632714098241
-0.10340752685548145
0.01812197333746180
-0.03146400830688023
0.03254387390614305
0.04801485210668931
0.01673160464964342
-0.11112143279333052
0.03314712566290406
-0.10612247209094704
0.11177626605479184
-0.03408097350233322
-0.04067428945397406
0.00874685730931969
0.11824918575359988
-0.01873418368149972
-0.02153469323252833
0.01334940182474383
-0.03114507170143163
0.08198097218385483
-0.01215676845132417
0.05887898989884643
0.18922648334873490
-0.05024641938388684
-0.13875687059341027
0.11477810278453107
-0.13043471907706475
-0.07515411396943159
0.06511399024419477
0.02909368084715114
0.01406225712385528
0.00501109484398194
0.05777470269074080
-0.01819762215653228
0.07596810709575898
0.02098843710955591
-0.15944943865856656
0.00696546987388336
-0.12170606398581495
-0.03381315785874676
-0.05874283089647542
-0.08681290532125320
-0.02778094712276656
0.07568288879022099
-0.08820441535551567
0.14939446190228267
0.10282299635602887
-0.08791881969051529
0.05332111449915970
0.08669697173501820
-0.00754855766484342
0.03343783137921991
0.13337278356040805
0.10004777813442485
-0.14847557922726282
0.33626893517534356
-0.02053758090832475
-0.16279775585618858
0.07963520617887976
-0.05048732059358328
0.06152988189076090
0.04377247081760439
0.04399206675572607
0.16203510642937596
-0.01913654393299525
-0.05530112430231084
-0.01895661589009115
-0.00893266843589212
0.05536824176303896
0.00494824567482003
0.02652016797310586
-0.01244022283172991
-0.07756418023281561
-0.10525811073897359
-0.06494513907462728
-0.03329506980186688
0.15911248427763278
-0.03456593645465551
-0.03488766423274161
-0.00851319163743585
0.00824705461693047
-0.16332765534861399
-0.03971869121211358
0.17871782230954783
-0.06678397923954056
-0.03596882250280886
-0.04984509385874378
-0.01160168377612326
0.00598477680846547
-0.10602200423059711
-0.03973046069937426
-0.09430797535197748
0.01203439147438592
0.09791554868099310
0.04354524272349605
-0.04190866834255017
0.05923571444735327
-0.04952170415728986
0.01626453316225298
0.05011584714074719
0.05521054179035436
0.13822585367691742
-0.14357472056825465
-0.15586980579392362
0.05543679206319485
-0.05077072792591018
0.05825984874293286
-0.03840715822360508
0.13191918827730356
0.02648611365216969
0.05639524863427966
0.04940496240304982
-0.09125159543389243
-0.00102974961318524
0.09279701548826817
-0.04356958861424011
0.13366551670896359
0.01026941689374055
-0.04528544802482425
0.02694339185463311
-0.13461416262158976
-0.06102451084207822
-0.07099181987321021
-0.01682565161987540
0.06037931089817998
-0.11329804983069418
-0.18717251032489654
0.07016206413838098
0.03259780610817623
-0.02303324674289102
-0.00286949660304279
-0.07795011773202280
0.03999696120476352
-0.07664440297109905
-0.22695430051299251
0.07932993463684869
-0.09785801834905551
-0.07884523502342140
0.05874290071900128
-0.08047765144692753
0.05324865530462216
-0.06151386838705216
-0.04640426347700689
0.08605344773266463
-0.06831576209201899
-0.02842063645491369
0.12748716059316267
-0.08329971256661879
-0.03279183914125099
-0.07633444996065876
0.07318605005111775
0.04282142501640786
0.03183214472497074
0.00535561893693521
0.14998344964040131
-0.02281989357065108
0.07967553796591000
0.00107555179922347
-0.06878662497850391
-0.19806281945644832
-0.04116184530497802
0.04601850631440984
0.14559020642340792
-0.05691899337025199
0.14142740994472158
0.01888400514217328
-0.03105204091273247
0.06281897297740605
-0.11660000994945989
-0.11321685687834683
0.01272151691976293
-0.02691550636873502
0.01305675299663817
-0.03612348372689519
0.04360488546932311
0.06894377408070568
-0.06717032271805740
-0.15977077848007026
-0.03195210857195460
0.08505389191619930
-0.03887455211287032
-0.05852570345720593
-0.10427264078463544
-0.03916186832221408
-0.04827325021126764
-0.09959965092898003
-0.05433295237052917
-0.01184686517577885
0.05983730272418596
-0.06507159903233808
-0.00793963496328113
0.12245386232906035
-0.06938365491391002
0.07643398648791559
0.08597875968768361
0.03425681415246254
0.01729953848540687
-0.02470182804375455
0.23285835567557930
0.16755743048499172
-0.08630594081345624
0.01261567583976875
-0.11857306398456914
0.05748738576192335
-0.02258012401619767
0.03062262991617962
0.02491807959288462
-0.12427380065507188
-0.10786290054419266
-0.00436093027654144
-0.15507528856417946
-0.01135497585683462
-0.02573160860047253
0.06195835295551709
-0.17082771754031620
-0.02352538655884853
-0.08726260027310163
-0.01335872835856627
-0.10717154111371968
0.06160298357689149
0.09341510238412429
0.06937189678352272
-0.08847697097125036
0.14255467839894834
0.07142447589024030
0.05589006800605483
-0.07919314960229160
0.10888437386681500
0.19298647959095228
0.10166667615534257
-0.16495075625447422
0.15195086080284786
-0.13740686043565017
-0.03194227453020823
-0.09770467280058372
-0.04226619778334103
-0.09003365623084307
-0.04407326739842538
0.09424741488866356
-0.03117797603729808
-0.05186608051946809
-0.06744722218409853
0.01601834408821485
0.03797174528663194
-0.04237449705604988
0.04016157808471087
0.07074891056237065
0.16867436417919451
0.02688632741269523
-0.08610745745123542
0.06939527329190696
-0.04060860465995816
-0.12400628717395293
0.00046307618117090
0.07911604338946107
-0.13606347782442887
0.15844589124970362
0.00773350249545976
-0.07462090462795871
-0.13589864431185456
-0.15186159448096903
-0.02273832037315510
0.01754103816380208
-0.01731061992579636
-0.24367576368107033
0.01664790058784523
-0.00504647894288079
-0.03106506991266068
0.03478370258264805
0.10789377229733396
-0.10067024564793005
-0.00740789634616652
-0.07570998741896165
0.05922983907519278
-0.11528145641254073
0.06060380677240042
0.09451418888570741
-0.02257254455647971
0.00283584193037642
-0.07057011543678683
0.12159445348760806
0.03830159864321962
0.11850808418416503
0.01311018999637874
-0.14512596863451821
-0.10762995305758497
0.09696165851430248
-0.12230639186353363
-0.06220714897458693
-0.00177250701020617
-0.01304553220229760
-0.02972985410749296
-0.18437077136104282
-0.04453901388179318
-0.00309863848608121
0.01219431522383634
0.16416955876410921
-0.04615048920255928
-0.04434160284121692
0.04187916559916361
-0.14341160331020633
-0.02961004060647052
-0.19548870393484361
-0.02077058014993121
-0.02699480570307554
0.10067688496569209
-0.15258951414720448
-0.09621939223051687
-0.04973344865346805
-0.04063259433361219
0.02922828287909351
-0.14384175599705173
0.03215919614930570
-0.13334879453800250
0.00753773859159087
-0.03956842844819937
-0.06445360369820756
0.00687964292641295
-0.02605284582977932
0.13621844255071811
-0.05538349014820274
-0.11649103502219216
-0.04599907547438400
-0.10396513858740432
0.09888878402325810
-0.14316184569998866
0.09311515193927648
0.09432369512206293
-0.05733008828736846
-0.08598437087772266
-0.01895559591175497
-0.04550483075813538
0.07212371679501151
-0.14622466878929422
0.03916257908050479
-0.06933743154849716
-0.09830789452432713
-0.03734296574620771
-0.01707709235385241
-0.17772024045292092
0.06401146261337740
0.06615842003537889
0.09569096213935482
-0.01201246244130542
-0.13526824904114057
0.01224622318307328
0.09528438291482141
-0.14730728258644002
-0.04357364905054942
0.00305584057729237
0.04745105632749680
-0.01903978073576254
0.02003909959376769
-0.07168673473223637
-0.11746045583765118
0.00177835939019950
-0.14002620369937985
-0.03754875176022127
0.13355480058519242
0.06002143274602137
0.03051691841713316
-0.02044787098634226
-0.07290327865817907
-0.10025330404202216
-0.01815399222818508
0.03798772923060192
0.06454858308364442
-0.02173211890336992
0.02659443898101474
-0.03288992821268608
0.06224755764316620
-0.02961375872301047
0.13461850453854735
-0.03405806035201897
0.00195059852715883
-0.02515348367748903
-0.07876438712212665
0.03657331017457485
0.00554654649950191
0.01056233976428962
-0.15370091224441976
0.05950486185345288
-0.09339558186388874
0.03403335984712471
0.02981503586809335
0.14238920925918025
-0.02312649451749722
-0.07554518940150043
-0.15752154240246735
0.00720012918774727
-0.11007827795279798
0.15194500609229331
-0.05267298210207041
0.02126205795253889
-0.03305998149655868
0.09826374338201740
-0.06726025904262133
0.02947462687546233
-0.03281213968084509
0.10220374999199509
0.01716348732799513
0.11826404161209721
0.16009912276859808
-0.00710771382021527
-0.11286894227190983
-0.08717321919327604
-0.00512224149937725
-0.09926133819783189
0.04861253719780685
0.19761196151607627
-0.10075612356353106
0.04643469780633401
0.08746200282580467
-0.21951145538568267
0.18974883250985183
0.20657057626704256
-0.01320240228221457
0.07443563934343259
-0.09597898159539928
-0.06637022420198095
0.08034953519402677
0.05772547987282330
-0.01378728006904308
0.00225841413660850
0.07270604292872333
0.05081533062889258
0.07284384381959694
0.02967940419429635
0.06920839058444860
-0.03479602310697614
-0.05285515413471780
0.09813529645628985
-0.07916708165996811
-0.01759175050180601
-0.10197494297814413
0.09392280149375798
-0.14923182013343594
-0.09294953648954477
0.19550731068442126
0.05687161840708820
0.06310296254206181
0.09641019827923801
-0.11261797085365782
-0.08380670982569975
-0.11170576441253169
-0.02668011365501149
-0.00448502558473104
0.07866802443850666
-0.05889341670126579
0.09469998621989004
-0.08694851200857966
-0.07738483317265919
-0.04003860928627752
0.04089316041440673
0.22152415903261680
0.00472592859156635
0.16486879350253222
0.05838741423126317
-0.07937436415395592
0.18696933527671603
0.08029940408780493
-0.02306221437259729
0.03146338898975561
0.08542141022330997
-0.05682364225124614
-0.16275603545447848
-0.09460446738996231
0.06288364669500980
-0.02544507451909476
-0.13477783936632320
-0.00122244269934533
0.17503516074306805
-0.07086059335605936
0.04548672982302304
-0.07023765152454411
0.09914625608450077
0.09035819004373968
0.07525436682631616
-0.02619859391111764
-0.00764350764840095
-0.08245631330679409
-0.03025588589034643
-0.04493218386344770
-0.05038662107715370
0.00704778973776136
0.07291439342669152
0.12490803812646127
-0.03089897099258645
0.11905612781448158
0.07068658232387540
0.01607665927025278
-0.09959901992120868
-0.05327023188211961
0.15566756758270917
0.07106295746753892
-0.05455933251498688
0.04253266979169036
-0.00638118018167719
-0.07991003012634690
0.15501420610675040
-0.11317422554805789
-0.02880890752780061
-0.12460095634849083
0.10805819108297307
0.02720820601488976
-0.10423489756140782
0.14546241581247540
0.04155649009610279
-0.02392956674619200
0.08805744030963017
0.03971568333368408
0.00070437453555910
0.02053936506306320
0.03823243362788165
-0.07720331663912253
0.07485616496925229
-0.23430514487596787
-0.04553379836904645
-0.02375013284967294
-0.00908746077446054
0.12034948147931294
-0.06333763348977473
-0.09432224740708089
0.12444831190184383
-0.00471637115061166
0.01220544121618432
-0.05625903898257187
-0.07203281196463687
-0.09345732847223041
-0.01870450438813169
-0.00377632760913351
0.10696808607126779
-0.07102011064778273
0.00786663919002668
-0.06888609094438231
0.02058959102989444
-0.03239606398832563
-0.21654335980538592
-0.21099171380040402
-0.16503711013448844
0.07459967776855565
-0.11084906238339721
0.28039091090198237
0.02970769532177069
-0.26781743600200097
0.09058724561582882
-0.08757683028229730
-0.00705275166223364
0.06620153650505822
0.01627415416720924
-0.04972852886312082
0.09403362707767214
0.00046833756553475
-0.07900821420272558
0.07501425534456596
-0.05832220412147768
-0.16502777426182072
-0.13674518111412989
-0.07865179685292252
-0.14229747369686926
0.06570006496966606
-0.00093163876428437
-0.12910733029440555
0.05354619972783169
-0.02273224506083045
0.01846683970404711
-0.00298447545924105
-0.06915960764099398
0.05680798736079875
0.02006408565554569
-0.06585245127879109
-0.07429039603636199
-0.00618784001441229
-0.07404031488377776
0.02838070765406839
0.00214064844182473
-0.00475145060069133
-0.04970661949634056
-0.11329533538405319
0.09369705573160281
0.09537427863777095
0.14424375665426695
-0.06793558307212086
-0.08648742081280206
0.11337378564880658
-0.09829380663536878
-0.10057877458174704
-0.01624826642451260
0.07701263244881554
-0.07696372022795193
0.21044387562998343
0.11250996544762874
0.00032437101621857
-0.08990508290888924
-0.00462360509713923
-0.03091772947403742
0.02418890870960471
0.19977342777345480
-0.14206455813145821
0.12889123301050889
-0.04795382110115484
-0.04912965190899789
0.08412212404236806
-0.02674753720388907
-0.11780938598926409
-0.05939293808158268
-0.04830657513509069
0.07654279421690213
-0.00775157891869719
-0.08902018666939653
-0.07110503039001229
0.13721290893173230
0.03098185276610211
0.18814541770466847
0.01210779088362258
-0.07217528934996240
-0.07620387808336070
0.14081487452506253
-0.06713139266312355
0.08186694105728291
0.08073823722969897
-0.06615870243326852
-0.01191094366878153
-0.04578235044632380
0.05392227454459344
-0.10892565767532247
0.13465965243049366
-0.05680581926538461
0.00102202434265927
0.05582712979629835
-0.17153167376125855
-0.11179722977255206
0.06803090048540034
-0.03946113704444053
-0.01622060984818895
-0.06111459381620556
0.05599586555888263
-0.14000364823920255
0.05571580434831116
0.04611388701265449
0.16229734922058017
-0.05403696012725226
-0.04709399663024389
0.00924897200734916
0.18246816536224034
-0.05843391837637936
-0.05533024762846608
-0.09112454747801553
-0.01835889056945357
-0.08817711633919048
0.04170857303466863
-0.15620217694001623
0.22996428527390061
0.09017583904495161
0.11666457781888549
0.00246002144891442
-0.01273008479019648
-0.02094312876946719
0.01849100477489167
-0.14150436708863379
0.04977665078298137
0.13402581379551942
-0.03838061309624428
-0.01650933741970130
0.14829130248869343
0.08697700211337210
-0.01299739847615592
0.01714518873384929
0.11618207024330490
-0.07736445973085983
0.08237675758164130
-0.05262757942685977
0.02250078154588289
0.00440082894117051
-0.05771010727411768
0.09276426385248984
0.07646769000168348
0.09648646791809151
-0.08381076892682947
0.13773463707356717
0.04028172647973991
0.03300156116935712
-0.09363674590697338
-0.05650148761916294
-0.05128073833123099
-0.11830782329098558
-0.13643049176122868
-0.06934989400812523
-0.13028848738381904
-0.08251245284811164
0.01949615059556247
0.11998901033360986
0.12524363895219842
0.00232714060310724
-0.14477432699793538
0.12464346093832078
-0.12606699049492967
-0.06451264869613500
0.10642740582685016
-0.14832119580579084
-0.02069570945636384
-0.04724723014869102
0.06158325668895371
0.02715647725181364
0.08149733542148588
-0.09905794933617895
-0.02819176342951197
-0.17899776210935020
0.02085952721743912
0.06855910431612104
0.13903759675738372
-0.07330105130778301
-0.03601735919569215
0.04760132136806414
-0.00621217668900265
0.03347176997642043
0.08335135217479744
0.10319201674948060
-0.19303092796278484
0.09828072925603676
-0.00505514945225021
-0.04041757098837457
0.13971261616002062
-0.03882308490121119
-0.10606448201646163
0.08507914483799563
-0.01123468153009894
-0.03496054637922962
-0.06346094679440520
-0.01846679748620661
0.06156081618000379
0.01951302505370251
0.06487765022868777
0.11197573235345089
0.17353616928215715
0.03666363827392032
-0.09751266226921866
0.03807944275040263
0.00258929232890584
0.02721993424337775
0.14174089785334032
0.03613461936711746
-0.03775502764364859
-0.00415306024973428
-0.04514030444420535
0.02366601822748515
0.00931863387471966
0.11917619420246077
0.12223060406764061
-0.05474844632537249
0.07667606825698588
0.08600633025205633
0.03866901373748131
-0.11420374467007711
-0.00280494648617781
0.04535004181754875
-0.10873231600451787
0.08951857369891968
-0.09425957519847855
-0.06701148299134883
-0.00424935581269926
0.09891462318722137
-0.17118400578106685
-0.00602493520833867
-0.06865510204112318
-0.14762527548427301
0.10469414031121063
0.11029108356172303
-0.11441315684144317
0.10481020544038061
0.16792932420590706
-0.00931436433582926
-0.05869435018099164
0.06745589886305735
0.12507145305405373
0.04534178217088639
-0.02793609446647053
-0.02334312341659449
-0.04394899752218197
-0.04266539324089430
-0.10994697788445905
0.10066172021276348
0.11981940866205469
-0.17572505827446935
0.01750648745802994
-0.01792268776289321
-0.07434305378138797
-0.18824758226078991
0.17158841798284974
-0.05781777454835584
-0.01010597084360752
-0.17880547322803286
-0.19754153841511857
0.03312593778558920
-0.08417755435427245
0.03562098139943883
0.09675456293392602
0.09058281063608155
-0.11033716770701220
-0.01046911000210736
0.03933594188068992
0.01763809775652531
0.05119260838473680
-0.05202725911288066
0.10551458631015929
-0.00515034324273370
0.25068846543403717
0.10110828670687144
0.01198518121519808
0.01723967858398538
-0.00912537423471606
-0.03077446729666349
0.06223095773361562
-0.03523407630541624
-0.02795280271539824
-0.01305564452494427
-0.08911763502738362
0.03686440239921882
0.03544190136990895
0.13698185175725944
0.07340700593881351
0.11919927580637668
0.07186341604328088
-0.05076341727179630
-0.13041624681188924
0.12738847258811548
-0.01062315196956903
0.00036786194192014
0.10403426415506893
0.04450340848053163
0.04471353221412743
-0.07990144733103309
0.09438423104375711
0.13913280397527586
0.04323256783120025
0.20391582574021966
-0.01273638136559380
0.03411149247091121
-0.12269520007002964
-0.17456943233523642
0.13805395854842994
0.00417246783378357
-0.13855497696586874
0.19466171163160401
-0.05806791625138078
0.04766166316509192
-0.03431294450611076
0.02278205130792988
-0.02032241211442335
-0.00721690815086216
0.07215176675820451
-0.07593034036860906
-0.05579966282568515
-0.07953169761815539
-0.08162757841266653
0.07636028918238322
-0.11556754863400609
0.02835582112019774
0.12652799408866827
-0.07056570393402871
0.08015505100018785
-0.22331962272112738
0.11245637831833739
-0.07886893728357594
-0.02379957638337651
0.00348985087955333
-0.10029979852170005
-0.13279109617581505
-0.08148506669010429
-0.04747976939949652
-0.03639941711383646
-0.11554126889980619
0.04800207384556561
-0.06758965596118552
0.18174359838798460
0.02766223345953565
-0.08600008938276453
0.03846042872985681
0.19683121956268332
-0.07297527675457453
-0.00667034960358437
0.05836323584964567
0.03568418581900210
0.08164580976131611
-0.07875788669741832
-0.19506124214417994
0.16851660956493830
-0.04262763346598333
-0.09685341511426115
-0.24567785189363137
0.05693571837286975
-0.01643703459571617
-0.03057995780532782
0.04330473085461663
-0.04539682599443803
0.01462332347003565
-0.00445125244357891
0.05841077671348188
-0.01967310709210753
0.16937570403371305
0.07593056302494708
0.01520465256761139
-0.01117269040915448
-0.01415154235862819
-0.00972243023649238
-0.05716964851499306
0.03964142048966965
0.05685898254294389
0.05604317451450381
0.04375212996751100
0.07920862947587366
0.01558481995066864
-0.24114954373763284
-0.07487298838939191
0.15354122920276289
-0.09846306882797851
-0.15307225524245169
-0.01424176058427688
0.04168268271290906
-0.07425054573717479
0.03831852418242302
0.07514153034466388
-0.07632390856556849
0.02697756707727097
-0.02174877918882104
-0.08818633528964104
-0.03489947825310610
0.04721170201646163
0.06360902038941948
0.02114187905066821
0.03422528683820499
-0.10501314811108382
0.01211842811098074
-0.17687794413424396
-0.01385203094626212
-0.00713104655888622
0.06053268489473957
-0.07214123268405001
0.12115420538355266
0.04453515891629435
0.04732765059286689
-0.17091360447755194
0.15195966069841832
0.05204448294249050
0.15235360059177422
-0.05689789846802740
0.08370702562127852
-0.07117777477530926
-0.00028926730353886
0.08710187212586193
-0.02796445208091875
-0.00589164578758087
0.05756860044685384
-0.09262257861996948
-0.02189020168538791
-0.11374854244079922
-0.10012619289361951
0.08301153886861355
-0.00795097386164238
0.01273098377109418
-0.15966821967091696
-0.05778448793618157
-0.04789008723621584
-0.08120484171087786
0.11154749113103944
0.12213664396411117
0.15814758642661855
0.26562772755891195
-0.06553284818042140
0.03702957131140081
-0.14947295906593466
-0.20584021484564591
0.14099904569613833
-0.17210236963095119
0.03830251629498722
-0.18490248273852150
0.00524297412652095
-0.01564334502444858
-0.07125891670977273
0.09281947775809853
-0.11524597583412291
-0.04884303889793040
-0.11222891345106446
0.04022815769791484
0.05907984848089100
-0.03886516976787684
-0.12960412293310056
0.02047469951088393
0.13469238915798074
-0.26104223363892542
-0.03263742261757278
-0.04624015947104079
0.02966434971444410
0.08308633943756072
0.08130155345954128
0.08265473583507753
-0.02558739798035022
-0.08723101399762104
0.03362091921735596
0.08371102821456840
0.10161783561361325
0.03797941336612445
-0.03356803403606633
-0.04080714411972928
-0.08427341534532759
-0.02084177094685106
-0.01283977778925358
0.17828866017461781
0.01114137886429219
0.00689484198799552
-0.01302650900327710
0.06224020632911593
-0.11353020656135200
-0.00046965705676900
-0.01709033050189117
0.10138455917718495
0.19434654116173772
0.12734047967149562
0.04036161689636769
-0.13839824846102181
0.02307145263604603
0.01252144139553913
0.06045921796907677
-0.18907401575443480
0.03258552247109896
0.02798139751826675
-0.11689223731073517
0.10021848016739955
-0.06507530653126171
0.03721461431867572
-0.05956663029355483
-0.02329806719346234
0.15459744973828946
-0.17970183304987353
0.00703229115938048
-0.06538423898990843
-0.05263405167018186
-0.14728191228680262
-0.06643511559947012
-0.10125554691039450
0.06804744445116361
-0.09198499759711633
0.02530219606788435
0.25344869872625292
-0.12512492833253691
0.18067932694650707
-0.11612022818506372
-0.14681062649985957
0.00125033937961790
-0.01907856065630141
-0.01080330356297032
-0.07706881693841844
-0.04031359306290055
0.26008786944149526
-0.10276803842123025
0.14712204502967172
0.07565977213835144
-0.04765575526171921
0.04439302580842196
0.13895096701463422
-0.01785076309222842
0.00297297328365965
0.08035989220610622
0.00364361292142012
0.08332192713064729
0.10406111573980713
0.07497171874976628
-0.01632678866939460
0.09564591585238340
0.02098391642276731
-0.07868541755564896
-0.05504600716324408
0.05607963574678657
-0.00756494417552416
-0.08252277177923099
-0.02655328550150497
0.03884226836794948
-0.15424793225033770
-0.19808120719848640
-0.02146275805047695
0.20242661528051475
-0.00868481992407039
0.09363672439568672
-0.07518708792356182
0.07464234237881127
-0.06959909076383661
0.02109510009081151
0.18516413545158156
-0.04640652008066628
0.05825501417981860
0.14110180442516038
-0.12817508373999784
0.12886746548520220
-0.07309940059744655
0.06957518052115824
-0.05141958098944654
0.14080968688141521
-0.11148645563035112
0.11655226602992176
-0.12647672585310699
-0.00293598770174856
0.02810870286425458
0.18666642014234305
-0.11247308410672656
0.01877511014555399
0.02918578211543257
0.06916188133656351
-0.18348361781490993
0.22184802681085580
-0.14909026019254079
-0.05711639571662526
0.03759144615243826
-0.08378356027245251
-0.10653069071541259
-0.02442713478601051
-0.01136937342287393
-0.05801049760655546
-0.03420654516681795
-0.00895613835035660
-0.08401278881805910
-0.01579734297910080
0.05300226899446439
0.00885600671036869
-0.04341835805199958
0.06109525829410110
-0.01152034063624908
-0.03607137905549924
-0.10724002308910760
0.08536729481372042
-0.07026619731457238
-0.09755327319371372
0.02111795009540958
0.09429502195621364
-0.17879136503682544
0.16395493616329099
-0.04022485665221767
-0.02563274474698900
-0.00493136776253862
-0.01578466744715288
-0.06991869981857075
-0.12922386086421128
-0.13965189151904883
-0.15967222147281013
-0.08591246690625899
-0.04226574010271793
-0.04742154822083039
0.11705712128787611
0.05876374850474020
0.06688794022570081
-0.03242509842774972
0.04367536185725690
0.09612144668395582
0.01583527123294131
-0.14791236890031007
-0.02187793153955085
0.01056587246292024
-0.09778135961179131
-0.07636616463522873
0.04826455350626050
-0.15218225266660762
0.07568791612428111
0.16647954024927414
0.17755845976986129
0.00862811412881396
-0.04567574233214371
-0.03391930684589995
-0.10976701693699065
-0.07583585024509265
0.03161126587300653
0.13685389032841569
-0.06056465297276810
0.01819684252491955
-0.00735830153699765
0.06685184346234792
-0.13677149154380494
-0.12776618767588102
-0.08486032007427464
-0.14005988329396260
0.13415163871851618
-0.01562520091751969
-0.02793179792319429
0.04082470134784039
-0.00597504776120905
0.07853567500907564
-0.06014413161033097
-0.03021162216020649
0.11854102328859151
0.19394419645948938
0.03295788189662271
0.03338199091278978
-0.06292832119746157
0.02175798218169003
-0.08854279198298486
-0.04821728518559140
-0.01839945070368375
-0.10448891580957340
0.07571154050962525
-0.17057181101978541
0.05782817305550814
-0.03535385924254000
-0.13064353936758094
-0.05379848749447257
0.09771111107248229
0.05374287803147430
-0.07215406314666392
0.02055344860491161
-0.07814690993625331
0.03467016373623795
0.06983369183871370
-0.08549983149037063
0.05714377543997673
0.00530877922964250
0.04659004754799000
0.00968039358627793
0.17351968214939933
-0.00747757599651850
0.06104664616200902
-0.08887890685485292
-0.08736637483915483
-0.09016591352056881
-0.11521431390738274
0.06176386548737551
0.01376710405079192
-0.10679613275776235
-0.19304583000105946
0.05060575695449691
0.01747190352873238
-0.01767432348359482
-0.06354604267324847
-0.10803162329071826
-0.05556664031235012
-0.01613897340031309
0.03854630997674814
-0.05110891632275717
-0.03232431125216362
0.04249031039653196
0.00546182446829280
-0.06718045556984716
0.09395918479614236
0.05584878745174705
-0.02072645753150618
-0.16974984859478706
-0.03948109540493008
0.20488472252343856
-0.01814950682026479
0.03033469224515801
0.01107775417923316
-0.00105049240672878
0.01953115193040263
-0.01272240986004156
-0.03101882106622344
-0.13089407960344904
0.12834318327693633
0.02712331733125299
0.14518452468723037
0.00321705627148448
0.11715967099683142
0.09004455408805861
0.04892565839703896
0.19098121362789344
-0.01327116575241510
0.04738033040595089
-0.19187207357211858
-0.11978899125145007
0.08294920776549883
-0.08922663935756557
0.04139694626084136
-0.11062037401543297
0.05242121812897323
-0.01559574300183926
-0.17733062130954402
0.00425657756787521
-0.09231923701366136
-0.16780300300113565
-0.08934011512536870
0.02542480491658541
-0.10771374228941630
0.05647152256223836
0.04655482401871244
0.08891595835840826
-0.02292722668680714
-0.02433867804205779
-0.03012799005548581
-0.06481639795584190
0.10748141225819138
-0.09774925856179627
0.01159009417508452
0.01048374649804938
0.03634694930814132
0.04529740488409664
-0.00021075080631309
0.04172783938810493
0.04339407778008379
-0.04541205471262573
0.02723735197998060
0.02546812351884657
-0.10722810679730735
0.06140258310126885
-0.08071293834965196
-0.07005815952766167
-0.08457503867161076
-0.05397468128744397
-0.02487398259085083
-0.07911243459194356
0.00957577908642600
-0.10028951884402351
-0.11643225774888964
-0.17568973613394781
0.12328312586331941
-0.08363328198977062
0.07946777834815204
-0.12942000889395927
-0.09654922009510938
0.01340652230727245
0.05878364638326176
-0.04826513115914725
-0.14956772884048941
-0.04166805383288948
-0.09160767063796818
-0.05467308248686935
-0.00790276299820052
0.02561297470531117
0.02372945400483730
-0.10698582301131611
0.12312293944319980
-0.17700161117761962
0.01395507997956078
-0.11171082517162056
0.02933275419999443
0.02080437458979820
-0.11859164221588732
0.08509726690630093
0.15987767774192357
0.05996841778115249
0.02350401748995451
-0.12544036049157423
0.00785620602032643
0.05337937400559702
-0.13444477119637821
0.03147870687018641
-0.04416733585235601
-0.10849579956175989
-0.00678304199973116
-0.09684622071946052
0.12468603840980783
-0.04590036916197947
0.14983657876219170
-0.06652929904216442
0.07577644241447683
0.00424748618758216
-0.03019855882703677
0.01289655459882121
0.08460854523097897
-0.02184659461355978
-0.08730710594975953
0.03221925424759047
0.03758487313144594
0.06640746624030740
-0.08465280497115606
-0.02474202357625255
0.01867837958071362
-0.07621631566436778
0.12364422689168017
-0.01701677668400471
0.20283014053301973
0.07155869894448681
-0.02960873541146156
0.01677246489464052
-0.11835306626839918
-0.06776309051394928
0.03845691593362946
0.02418101339074008
-0.09686721219470554
-0.13617234076081550
0.02975499402663832
-0.07171900217711263
0.05328522276099039
0.07855610169547733
0.01771582873250671
-0.07258864463834813
0.17671220935594126
0.01344298313029488
-0.20543162080747079
-0.06903767235473300
0.03145716998557360
0.06295604769685349
0.08063932866153013
-0.07947074027414176
0.08180419896166757
-0.10340960665294315
0.04655526016751565
-0.01640306558309903
0.02859975077991932
-0.03993777380995859
-0.02175135244308975
0.08369542621659075
-0.02046081528038947
-0.23566711569155760
-0.00507428444710450
0.11171853044490158
-0.09655094687479218
-0.00672125542189788
0.13193665019847101
-0.17356716688537743
0.04714063285050335
0.03658743193584064
-0.00524510728603228
0.03800421789406162
-0.11238707089637029
-0.12403209648027255
0.13312372707822731
0.02914979196390151
0.03685303387148309
-0.03634998538862257
-0.02653768617515290
-0.06946466503667423
0.03771699381623666
0.06594723835754354
0.03577842932049697
-0.01492921173787576
-0.01019871561897051
-0.06654190262616787
-0.02485232924396262
-0.00232380419678085
-0.21295275549223708
-0.15922058045742826
-0.02934890527677513
0.14141803893256888
-0.06900451178965780
0.05207349492094466
0.06439553177054577
-0.13111889096676291
0.12488251555421583
-0.11254241293918427
0.04233980465864297
-0.00219974840851240
-0.03443270886904936
0.03807242357839562
0.09274891684307594
0.07272365991742857
-0.10001349779848871
-0.02983072707011976
0.01564405131746475
-0.08233664260729974
0.01088243402817836
-0.06784485232436874
0.09311749194538199
-0.00122938159553151
0.01038595712151315
0.04911159107889830
-0.06523472678006298
-0.09724492784104527
-0.01888513576801022
0.05185915752944074
0.01268016499321572
0.08043377798142629
-0.07870574634074300
-0.01612440137828995
0.00792344724015855
-0.21474015358327514
-0.17935116522738204
0.02014107942218196
-0.04934338369494237
0.10313499744269745
-0.11289155763681522
0.08901832281324586
-0.03881530464567826
0.11471817603074480
0.02296281817639740
0.02584758504474383
-0.04901492071433688
0.01926462504010272
0.12686245583982811
-0.06378254278066418
-0.02011322476497085
0.08600062752002216
-0.05743741736102694
-0.05167800485782104
0.18572041814008050
0.02116447471149858
-0.02130003037114384
0.00991094637413962
-0.03598167377892024
-0.02721960985970523
-0.00673666442184565
-0.09511478267615638
0.02866214428968343
-0.08021492136813153
0.00199429159571034
-0.09595846029182334
0.01518175886858922
0.03626944264010511
0.03229940126280623
0.04217050300621038
0.02984586600201449
-0.09618233618177284
-0.11710070659039511
0.09835847736936776
0.06248711267876016
0.04730524848637836
0.11421066848288090
-0.04481702524169426
-0.02551526440587070
0.00726080475251723
-0.04835077744513173
-0.08717011516780679
-0.05302162807720712
-0.04245047809597585
-0.07991254966126118
0.00347083081071007
0.04202562663892752
0.04281378454964586
0.04387685060969287
-0.03536978845026165
-0.01861841772942069
-0.03857291573877804
0.04562496994079743
-0.13305221444657753
0.08401725237082491
-0.00012621538482542
0.12279785766920903
-0.06892506562998453
-0.05772080037605600
0.04584854019808079
0.00152428397961577
0.17358702419785885
0.16170589572143496
0.04147708987301867
0.03825016603021370
-0.01606503963491054
-0.05124512794769255
-0.14967909370519378
0.02777875979493319
0.09679392050334963
-0.07599973336365218
-0.06904285427334206
0.00024000004623451
-0.08609432328332781
-0.01644981130148280
-0.01426048030409831
0.01575440995654945
0.04361665895357863
-0.09440680062452189
-0.01816737844596801
-0.13369750382907533
-0.13159001675625767
0.02675354002112889
0.01819095877641554
-0.12470488097632261
-0.02266778521497692
-0.10932132506377297
0.03053039831723742
-0.01327124844358933
-0.08155928553076554
0.03180555531659755
0.03592309218016113
0.04844290307330251
-0.03487559787881641
0.11748853518978164
0.14948836401756493
-0.06276537192390939
0.13823333443062777
-0.06082783299782592
-0.01910866581169767
0.18039872094274703
-0.12057673665162488
-0.11189973294543709
-0.14607919976886524
-0.07066046246796991
-0.01050998312110308
-0.06192031079736782
0.04249166774777783
-0.09409839208330158
0.03855364198126667
0.02027220742096290
0.12216667869398386
-0.12044274601421949
0.03548515441361867
-0.06408110445643148
-0.12386585300086694
0.01963481409839300
0.02505914350903033
0.00592349311871293
-0.11074325112286709
-0.10350066997416950
-0.01827792026530146
0.07939263409920964
0.02327059936839775
-0.04155116872763016
-0.00769750795744071
-0.04111007822530230
0.23984976942409661
-0.15472804639062990
0.06535700548320396
-0.00310482095729111
-0.01084379667027915
-0.11407134051942867
0.11979189280663183
0.07588530290059695
0.16947665523408093
0.06144708675517752
0.00250436416383214
-0.09259355323397317
-0.11948861694370280
0.07210046059784898
0.08239260664183788
0.05681676784549276
-0.01844626329512982
0.16180341018260089
0.15823062052388207
-0.06163303141671844
-0.14355563746334554
0.07973223387467802
0.01321583321226847
-0.15675622915472603
-0.08008189454983922
0.08962367741135410
0.14497342129762017
-0.15871903471146079
0.02247097989193510
0.10867685986792637
0.07367588025602102
0.08477381215660304
-0.04720768812997182
-0.04238156141346143
-0.04449100756430840
0.00627883590871516
0.06462172034016736
-0.04900574216232099
-0.10457063498203412
-0.01822276655468093
0.08214499244677957
0.07601583416105991
0.12304119218779429
0.06389037485582189
0.05439422252766744
-0.11199766938191036
-0.09230722168202327
-0.02615435984647496
0.00442284661366497
0.00111048009574314
-0.07143146667904231
0.20225405867609605
-0.02142778677553486
-0.11805774807747496
-0.00105569601615877
0.09473896377435616
-0.08435504143619277
-0.09503432425259681
-0.08897551503447293
0.11879460816215102
0.01820423762707520
0.00154289904846750
0.12497733393653529
-0.08643742641874226
0.09767209541285651
-0.02963799591054280
-0.08681108018614125
-0.02052053465195407
0.00658978045180488
-0.10990465020260215
0.13181276207942311
0.06779527359562836
-0.08832392449289501
0.00790883824969196
0.03523364203482190
0.01945321902687951
-0.03297053430585373
0.06673993384707182
-0.01154270518398569
-0.04406991191430656
-0.01062767443767725
-0.02567039515320839
0.00036442747639743
0.10118099957994481
-0.14385774893985373
0.04589004695244091
0.02067090725951790
-0.01493441269751098
-0.00206591803752958
0.03471604713234078
0.03075322746249417
-0.04462618712056254
0.03816527074905247
0.12010271919214552
0.12265680585204548
-0.26447762249664342
0.02504383901454245
0.04184442481801753
-0.05501935319184287
0.11003811869654899
-0.12716538613214814
-0.02290687709720447
0.01650862539898018
-0.01939603104350909
-0.10062051133810399
0.06833101529645880
0.11232096711646941
-0.03090576809548969
-0.07860494999733170
-0.12972933169226350
0.07776682300745535
-0.11157891030439483
-0.00487743310511022
-0.04203002751580329
-0.07989815805352261
-0.07957159178538675
0.05646228737789449
-0.10669073020712223
-0.03200369024092231
-0.14063133316085427
0.02667543089724848
0.07990102594836150
0.00987739239629875
-0.00315579704134857
-0.22378514001002281
0.05229912820900811
0.11316659671716289
-0.10512409438340203
0.08684972432366438
0.01712342730223044
0.02878183428310304
0.08038013966071268
0.00652262527864653
-0.05927995107532599
-0.01716800049415492
0.08769815040864942
-0.01319995816827136
-0.06053539802424427
-0.04531672899314011
0.09729197846943156
-0.09341702389236316
0.15189539077061759
-0.06476705971809045
-0.04638113785623377
0.11533071100740487
-0.20517112370042037
0.11133331449996181
0.07447218114199058
-0.00287254632055695
0.07807973503484443
-0.05871397108776103
0.05358867637424245
0.05306565457820305
-0.17194937538817073
-0.04631894129156629
-0.12529833871928012
0.02360708959037156
-0.01022410189640692
-0.06595987690977943
0.00363640360114905
0.08981227767351037
-0.11138967804091758
0.09548773813653000
-0.09254712673252584
-0.07688180709066939
0.20428036290337243
0.06231149215489899
-0.04299875855201574
-0.10398010813179373
0.09568302819029231
-0.07088349955601489
0.20526933054729904
-0.05231541758667184
-0.09969383274922543
-0.12895764599117360
-0.09790586132376163
0.06648009385529494
-0.09331369298718462
0.01662294763360272
-0.13633609603620081
0.02593620738962597
0.05005346302087117
-0.01176044455814724
0.12023750192255402
0.03433038623242448
0.06141545329755826
-0.12037292824289746
0.16284993483181665
-0.01270264891882639
0.08901205088212495
-0.04860599498761881
0.02073989084905434
0.02249373410890023
-0.05119361654766107
-0.03022450015753046
0.07617735971825317
-0.00922966965593103
0.03077103559936274
0.10438039786324846
0.16635949970097541
0.17621516418749963
-0.06246107786432949
-0.01168122259373184
0.00023279812977741
-0.12187237203837999
-0.17238222524149599
-0.01354131120021670
0.06303255412455201
-0.10909508048776134
-0.06082034059669852
0.00152295761872845
0.00434669880538892
-0.17767907621382334
0.04089911761743945
0.16315882408911542
-0.01398062187154826
-0.24173333270145883
0.01251184999363103
-0.09939638642565657
-0.12330945944958656
-0.07011114806778046
-0.03416026744544905
0.05626639931540322
0.07652442307395994
0.08633876360387041
0.05894123563024525
-0.09999051552354681
-0.03196583284503010
0.05906113125107124
0.07328309957459837
-0.05151032454911861
0.00145219171455690
0.14297197108836252
-0.01073956447596348
0.13696908621319220
0.06262110263088198
0.02663627649697484
0.07849675626612534
0.09748876811699135
-0.07608153553779430
0.07472178311896389
0.02061356862051115
0.11423280203781405
-0.01686612037270946
0.10086040716177365
-0.08033311438251810
-0.02861937694954433
0.12364342327915011
-0.10196975058008136
0.07659774388142862
-0.08872250006506609
-0.09375692382341226
-0.04828439573631309
-0.04289577865839446
-0.04313059242869110
-0.12032975367253222
0.14754878798708621
-0.08003743823722966
0.00660179839936541
0.00554486158807959
-0.08256634043734236
-0.08928397688024133
0.14725153860144932
0.10853221672418908
0.05369175334536484
-0.00067281014063703
-0.04370253721693229
-0.10432801798330436
-0.04625929930292744
0.05505515271668419
0.06886132356133524
-0.08268726643636243
0.00319717169074911
-0.02339919755637541
0.12165353770846977
0.02226386482184783
0.01187271642464449
0.04099082551448702
0.03616135617264405
0.11477340576897663
0.03609857517523050
0.07687216242920716
0.03569036147225294
-0.12392291546532387
-0.11154090899999955
0.04579835363699830
-0.23066770808392764
0.14690589176975999
-0.03239197842791410
-0.03475726895761407
-0.12925978581197878
0.00932735305079962
0.08957951694102581
0.13045203500360292
0.01802896475799186
0.14416909506396167
0.21799153453485734
-0.08990789372682886
-0.08194948692038999
-0.10149170432068519
0.02532126071456897
-0.03121119251241901
0.13412886119401010
-0.08482365570212459
0.04672363469932594
-0.10608516777410325
-0.14173953342876658
-0.09297114005662549
0.01211499965656875
0.05068561563378118
-0.17004731703938239
-0.04744003732669023
-0.09408547480204461
-0.05818513160218200
0.12984638146627794
-0.16981501624729839
0.13569200669931936
0.02468804173327376
-0.06662118371968523
-0.08537438525474327
0.03517934295268715
0.04204609725300274
-0.09808054621366956
0.03866150766421023
0.07071384173162243
0.00345714902466919
-0.00982359321315506
0.08758253089930378
-0.29176008864019443
0.13746770709253872
-0.02552482129193304
-0.08507773562162003
-0.02244117307548118
0.05430127828088538
-0.05077876922008839
0.06698909748183074
0.06585935475759307
0.02215974816286991
-0.01857813183976981
-0.02986495795394464
0.05299771898645696
0.10179675295956171
-0.04897590743239420
0.05785192556867425
-0.21504889891121659
-0.08676629141323162
0.09997308405813017
-0.10331560081042154
0.05646504523328107
0.03707955268883229
0.15342624880620034
-0.11721249182402144
-0.19111844099306977
0.05005587892758429
-0.05875292434026781
0.09212496610956145
-0.00030999008573422
-0.06030599768475293
-0.07006342795516599
-0.00043208508937455
0.11733727505974703
0.00863355335065984
0.09590917698787284
-0.00196511094515307
0.04720856115009534
0.07008263878834051
-0.08940466267747328
0.02726097701252623
-0.01187543458680685
0.02100194581157299
-0.04246156800335024
-0.06098394628750915
0.06825894004880687
0.03361243301355835
0.03588700704899818
-0.10535061512714444
0.03272795573497504
0.03782323438173359
0.11066044521357235
0.00655931242299573
0.05629767492878422
0.02815067797203247
0.03043619287745043
-0.00085532807097606
0.02633626801546416
0.05213918342749056
0.05716372611838254
0.01600323910503002
0.18038663494372442
0.03925078645455221
-0.06117160505245635
-0.10945671038315692
0.00679329900876836
-0.05247467892056974
0.09484031321109110
0.09696992115795916
0.05610706315734273
-0.12246815402459686
0.02560303889284065
0.07456333984034742
0.03092482784273077
0.08594937843564206
0.06458975472310464
-0.23024522256959734
0.15722500415198418
-0.03153741383498788
0.07738966754411029
0.15738885737176581
0.11247743228116877
0.04367668518156954
0.06145272805922265
-0.05238881185663898
-0.10803391124003822
0.02982148891633461
-0.04312375204678481
-0.13814940351486818
0.11910026170773341
-0.04184511260671071
-0.06302227454010587
-0.08301956135564947
0.01155630141035865
-0.05079568389713331
0.16184562889196344
-0.02317950501660395
0.01304891243111876
-0.00890677659624410
-0.18909667358946328
-0.10721578827198720
-0.01301695337762003
0.04931275276749698
-0.00186897916194286
-0.09673397585733620
0.05346336579595276
0.02262480133687947
0.00137393738123010
-0.10053788465879232
-0.10136106929990224
-0.00621415801363443
0.10086922820599527
-0.13593806283515000
0.21339055246120145
-0.02359330876859486
-0.00477698294614055
-0.04982321577684340
-0.12685211859234932
-0.06557610042504786
0.04480459462933387
0.04692508433873932
0.03635969667086941
0.07761177975665179
-0.01078778147027148
0.17319285801825143
0.07165035738541861
0.10141298564087160
-0.07285818485987779
0.00055073675649268
0.03426740570406578
0.09140177512145360
-0.00276255375813781
-0.02554116121598697
-0.13213826110256111
0.04949893985013639
-0.10889825689600678
-0.07099182716747883
-0.02707600478315730
0.11144467401976023
-0.16751513100278942
-0.00587507459648931
-0.07288305852048396
0.09865046737787916
0.12224531827461191
-0.04970266012933811
-0.00810636004897574
0.02244050509918497
0.07842022438989925
-0.09447160322335907
-0.03748161414151746
-0.10904693632962860
-0.02181029786604653
0.06047618236585552
0.06888841054313018
0.12497802517735301
0.04600677456663210
0.03357971738671967
-0.03313776490991931
-0.00966606248468531
-0.01722553188545576
-0.09766401031393616
-0.07764752047733806
-0.12822217487698154
0.15335457389681115
0.04832398937309658
0.03103491180232084
-0.06639299856645867
0.02898186339243788
0.05880552904662200
0.02304854812458304
0.10024932657545567
0.13047917250483651
-0.14172251305337610
-0.05702276412171203
0.00301225641301694
0.04830659415212649
-0.12571412400807910
0.02786259464174172
-0.15924818013744449
-0.13499490102226180
0.10520351879417937
0.11103261324965188
-0.07148709848683842
0.02085701964549049
-0.12576282566149061
0.03229775250381430
0.07183441755489497
0.08246120359047678
0.14930497006496349
-0.08352998881037324
-0.02802132665351131
0.22611882427391539
-0.02479707352597343
0.03452349081332864
0.00825736064762042
-0.17106125046822074
-0.00734981558595026
0.11718692526211416
-0.02461538709766548
0.01421065402508135
0.16365732346731909
-0.02242873003706983
0.16625785271217630
-0.01438624631504883
-0.06221623516831207
-0.06656220817964675
0.00812254443944025
0.06671491212386492
0.03279755422986674
0.15524632767485602
0.05901384533028550
0.06924740919353253
0.03979225271578965
0.04696288007481949
0.02715339407489048
0.09953051146826475
0.01418243789051623
0.13896188028427500
0.09076191205527288
-0.05341658819480177
0.10551016449108358
-0.15353088604573986
-0.19871936330948273
0.01005276908651389
-0.01545744655880450
0.09533687470739718
0.11319657825828550
-0.02373225182868820
0.11482243262756173
-0.05666201560598245
-0.11061002791728897
0.05933041205483781
0.05047026392771496
0.04463684631402702
-0.01872311964270262
0.09676421224449439
0.08352483257442467
0.06251506220365441
-0.06691875040322574
0.05563268200556606
0.04658999331777355
-0.05723668739142843
-0.11636269091715987
0.03918845086895737
-0.11531256565141366
-0.07703701937412348
-0.11855384178864468
0.06582453480348432
0.10040658895666423
0.02540756333245069
0.05273991933782432
-0.02211817438331529
-0.06136031376873664
-0.17513094504242674
0.09661761811306081
-0.07323429341952252
-0.14133295707412510
0.11175726312210975
-0.05612045397369687
0.14465001965197913
0.05585917911019090
-0.02112574476319646
0.13989445480564444
0.07549740774391052
-0.02601510833591635
0.11574964084197047
0.02664447988787497
-0.07989393325857368
-0.02062956299586947
0.07671836208739417
-0.00124695228724528
-0.05323731153578210
0.08142905031301204
-0.03463534188755010
-0.04136391536750758
-0.02719722844469962
0.02111319137647526
-0.16345544645284232
0.03395981048493802
0.06327109265983770
0.06010713008823406
-0.02260699217655114
0.10860600474165669
-0.07165589504083364
0.07330007721369629
-0.13929845181387027
0.13793467484417482
0.08326767732277214
0.08219176251963899
0.00017803838472850
0.10887586778692328
-0.08100049993432547
0.04693642197607099
0.03179699013527732
-0.03260112638469784
0.02284926372689581
-0.08559082538872695
0.12802668677469026
0.09598659105495110
0.13891391706834169
-0.03538118419070499
-0.10551060645541811
-0.21223256837733681
-0.07348440070522808
-0.03111902736348286
0.09536496960186644
-0.11839171399894927
-0.16973591168184440
0.09020626637956182
0.12058058680743429
0.07967539689685842
0.06256443848063746
-0.07353899210283084
-0.01413409726888885
-0.18660138406567472
0.07775063087866185
-0.12486583367054598
0.01896460220971986
-0.01306910209750395
-0.04735191587339405
0.03151686406085692
-0.01939761139576316
-0.06905274963281062
0.13686020272946672
0.07795233080095204
0.00266814650039764
0.11783597252737578
-0.02138615487460508
-0.02528784024461886
0.02713770148223844
0.15839785974527948
-0.09856201513579159
0.10950711215159675
0.24998171658964424
0.07921022314930247
0.00674673075338849
0.02375750105273550
-0.08600082492511568
-0.07495985060963319
-0.11952213016853387
0.16657440996444467
-0.04148888486163003
0.04587031723605566
-0.02616706947558558
-0.18956235194660553
-0.05564451576189294
0.13170629130887784
0.04569325877184249
0.09647698227404475
0.07869000886770368
0.05166224234043705
-0.04035027128797878
-0.09162155842262691
-0.00778246661350521
0.12513855479841712
0.02609865060098194
0.12678833276344778
0.07657073435586426
-0.02465126836652087
0.04095494687898416
-0.09510801115966722
-0.07268545076709881
-0.11749640939797378
0.09203422656894149
-0.11949576270878161
0.01963797287261477
0.12779447438328451
0.09357298137868848
0.10848744841359116
-0.01628731268026434
-0.14006707045250313
0.00467003781958684
-0.06852905094717492
0.09123817738071001
0.02421126712637817
-0.03434835632214059
0.05553380265144200
0.01380700436856922
-0.03252182282900248
0.00809689933134152
-0.05263895431340393
0.00334131325368919
-0.20945737532823674
-0.19074717601133273
0.02534602837097860
0.02277480773158842
0.11704723641622702
0.00886891417689045
0.01992870161636354
-0.00944475885601817
-0.12346734728716668
0.03868121443020682
0.10405262843554547
-0.01205422968802339
0.04567512438842965
-0.00184577572430680
-0.01051524863856162
0.00470036101963895
0.19338081431361315
-0.03208867828888323
-0.06330053569808236
-0.10077398195453047
0.02642021797092411
-0.02190359633671942
-0.09500350498722002
-0.00254319467003913
-0.04670050073848234
0.00171021066864291
-0.03688890515754409
-0.08677187359581784
-0.04253503381134118
0.04312244880387368
0.04257987715620416
0.00803064604243321
-0.10460345171638952
0.04035225999771851
-0.09026763619399347
0.03404377087382020
-0.14798495258145089
-0.05099852861506696
0.16501481669598697
-0.04846950280451402
0.05335833017056869
0.01800898969234581
0.03883766472230028
-0.03396819755409339
0.06274144779131441
-0.06084714057367826
0.01943670612735293
-0.04799797976877206
0.05929356978404872
0.02155297584702529
-0.12717681781191253
0.06336490710937503
0.00268355282999680
-0.15651656933653812
0.00240257686187143
-0.04878732990723669
-0.07957311705536915
-0.00766681847561678
0.08475645065019161
0.13149640917405922
-0.01396353042415333
0.02100146554785395
-0.02190009223834562
-0.05477910562559945
-0.10225125636217662
-0.04603982475006221
-0.04436294115422076
-0.01967773238607632
0.04205525249924195
-0.00435539148592827
0.04860951162658005
-0.00128070435076209
0.04595430583575305
-0.02391228802905080
0.06208462827442719
-0.11979454654718198
0.11497842168525994
-0.15135256717088622
-0.06004056365882412
0.00992316929718057
0.02097572618012409
0.17372967558618352
0.05244652495522784
-0.01988758824665375
0.28959113268394943
0.11359507508671557
-0.01398775630155420
-0.07288817238877493
-0.14132670743615125
-0.04961081807165693
0.06438214885936096
-0.06430873617892846
-0.05090545723839585
0.03194795072106936
-0.01575394506734695
-0.06627700977602206
0.11641938686926490
0.25177159085724393
0.03444956287244581
0.00987426169921429
-0.03711998091701755
-0.03027518028997995
0.06626611108674572
-0.15724842983166715
-0.10784773683988119
0.12564283970053888
0.14842545544972058
-0.02061976692857865
-0.00897678271029925
0.03589960082607525
0.02672117075087646
0.07124941782480736
-0.00026501777297762
0.04871433460266109
-0.08183009484909437
-0.11276794650730479
0.08177890832795580
0.04780024428059666
-0.03062435091641387
0.01612644005001607
-0.04814838693423414
-0.02251472790863784
-0.00923478757841025
0.07468608929458839
-0.00458511120875905
0.17394967361855715
0.12721931082328103
-0.09083102666938191
-0.01328034084730847
-0.06741021745601285
0.03558280923682112
-0.11154232645380857
-0.06450619341289966
0.09898370161895183
0.17907385654272298
-0.22931581183622776
-0.04565883032248762
0.04258613061806525
-0.09481348953626856
0.04683036985434055
-0.00934949200468662
0.06931869113623786
0.19543637695365684
-0.06589980215732563
-0.10072491486980843
-0.03016867866667148
0.00082618122344809
-0.11175413348579073
-0.04533114998494447
-0.12139832130159584
0.03334695764069093
0.17270148222787235
0.12274848973207507
-0.08284977524593624
0.03842504645460650
0.24795927140798760
-0.04982877213312191
-0.18889857063170704
-0.01040219652499113
0.05864695543265967
0.07179621797576009
-0.00895542754715899
-0.10920858817132528
-0.10318650697978243
-0.10096942184053830
-0.12445223323034281
0.04463083654590449
-0.02762245584838310
0.11138516404817103
0.07016051427392012
-0.04737689531085851
-0.00145363177824661
0.04632399692664569
0.07283497654972081
0.09549110364159558
-0.05549514869807434
-0.11198039059779454
0.15157213191431748
-0.16506429058937383
0.04126574412200107
-0.00347675438259357
0.07240570044959169
-0.11371794038015902
-0.13994839801486930
0.06286727719378654
-0.06850939235806994
-0.00677560394965352
0.13051605166657085
-0.05153756028615111
0.06207757267326827
-0.14621220047653644
-0.02998982701728762
-0.02203119918083809
-0.00071780320694003
0.11733094632344920
-0.05415461855549319
0.11595848296261754
0.03583015208728599
0.02782793153628009
0.03744891324889533
0.00030338516704930
-0.16927280355317306
-0.13795614939685685
-0.00144205650070920
0.02334323764465900
-0.08586840597189613
-0.03446785173845711
-0.09213856865657931
0.01538670369550744
-0.00005779731686108
0.00245191723160568
-0.05657462093268950
0.10117474940258890
-0.13740007886383099
-0.02599824586559906
-0.01540031345554220
-0.00512224456539674
0.07898696426554598
0.19560023214282588
-0.03088884601084670
-0.02729926514724816
-0.15713409268273709
-0.16524405061313341
0.13170640167849756
0.15691243692845788
0.07310717213993916
0.22657101812120178
-0.10789631142992198
-0.05741331327182502
-0.12260835910158718
0.07554291636197544
0.00374263403287025
0.14205412179786306
-0.07284263120366356
0.15442721636530377
0.02582088915469497
-0.07796663908816018
0.11899988668708464
-0.18328617647717621
-0.07947625435720150
0.03942823437374444
0.04477288174188743
-0.07825561203943257
0.11970909456862484
-0.03703092368323010
-0.01503746753536723
0.02309873107112564
0.02067436062922968
-0.19464468133922716
-0.06194674103029332
0.05033252383423762
-0.00333533693055281
0.05885237494068842
-0.01637578600074363
-0.02706674282950823
-0.01600708597727711
-0.06381126681397155
-0.00759971156412926
0.12850944986532253
0.04256104720173982
-0.05621096881342708
-0.09207195459319317
0.05627451030399246
