-0.01582205132429973
-0.06608295921055793
0.04144218986987550
0.09255070229726640
0.02436017268625987
-0.06312383526635454
0.03549791937158688
0.04137191554524683
-0.06304901045697675
-0.12670610099932242
-0.06472521434368605
0.03603299702755978
-0.05783252541225242
0.06204219151795807
0.01597600568170282
-0.01446592101895015
-0.02605827375456257
0.02286429062520321
0.02623401446295489
-0.03883226487404821
0.03127005626372392
0.03452122930001093
0.04073478797308399
-0.18592291024189916
-0.01121454489729303
-0.01717753039231928
0.06216939476916269
-0.02475247022067978
-0.04676553580962398
0.00832431339191974
-0.06146349890056220
0.00727638037859717
-0.00431052490179273
0.04373019016284651
-0.01040115108110653
0.11127457110975270
0.02638199516710163
-0.00898095223224621
0.01290292278011919
0.01908256274605377
-0.03278795730169554
-0.00890329995692938
-0.00428288228369082
0.01558324806476370
0.06476281253343458
0.03173523385868211
0.04692010899537012
0.06278361994742884
-0.02063343256383760
0.09584546044066436
-0.00753381465851671
0.15196092744512760
0.12968400373444020
0.01420995775282038
-0.06146017639778761
-0.05934604054666692
0.05392047075059964
-0.02717757269875479
-0.08490616031758469
0.04757236776805162
0.00090983044783286
0.02398050405401892
0.04844992588436862
0.11218883569340952
0.04056142698046918
-0.08476517643622895
0.01254259015644115
-0.03173348420431651
-0.00241909199632330
-0.00576628530469601
-0.04191284247855164
-0.03416015970430246
0.01684631112036223
-0.01583365803286838
0.02700504665106121
0.07615564850517455
-0.08153606204050728
-0.02886950647452086
-0.08880362948120314
-0.00436976598684163
0.07818891796720398
0.02977461899791045
0.06366949624481862
-0.03528105546347293
0.06454326501444572
-0.04087542237983313
0.00951473000385716
-0.00869151523234878
0.02480565949252341
0.07807189905396311
0.08963678126126659
0.01152432621115608
0.03738185258976146
-0.05628875063911045
-0.04480078054654059
0.00722205087853520
-0.06418982781325236
-0.10152871773257260
-0.07843398081199041
-0.02138380533196590
-0.01424752574795406
0.04120285031578046
0.10165380009472530
0.08611838558310565
0.06647668681783162
-0.01676818514965963
0.03736486075275620
0.01287246919497128
0.02418660444693731
0.07597365726640772
-0.02132052504659558
0.01352973012860172
0.12124439174727848
-0.05053829484831009
0.02985523957263184
0.02505997127672503
0.16940638747636777
-0.04977244333407013
0.08174259720553641
0.05370154595132893
-0.05461761869794901
-0.02059684517955737
-0.00293915895976351
-0.00501957629109117
-0.06660774199528099
0.05398891324567480
-0.06629758733629375
0.06138097922826542
-0.03908271642356150
0.05060538658363734
0.03386112663527767
-0.03821063106859964
-0.01408002869713607
0.05098409032017590
-0.02007729152721109
-0.01684199580738135
-0.03445010554293148
-0.01430328034618594
-0.10408605563614087
0.04745773125914426
-0.04483053051953859
0.04277041195075705
-0.03457568843968557
0.05879223233650202
-0.05897463813141259
-0.05464900086077413
0.04412801746187421
0.06449661534275729
0.07312165394941690
-0.03182779810794202
0.08550298803426915
-0.11839859206068530
0.04843145533909242
-0.04255421962711253
-0.06022497621288986
-0.00279954571566228
-0.04995439907710827
0.02069262250272124
-0.02448532337165336
-0.05081554810571882
-0.03916115538445803
0.02278728708549406
0.04645715291388117
-0.04081227636206956
0.06280822907453404
0.15436458211895174
-0.04991049747746759
-0.00355494673755821
0.08333173674412800
-0.07672304957226952
0.06877297425468860
0.04229590157745085
0.01448554586352019
-0.07818088703936008
0.02135603832516984
0.02150410903347127
-0.05361692457293368
-0.02411220601315928
0.00463485670470909
0.07108007088712319
-0.04580498986962279
-0.04971375383151116
-0.01786278788310270
0.05749211298199215
-0.08694365347653199
0.07335078102322319
0.06839925637419481
0.03106452060259082
-0.08168978039371318
-0.09346936259962886
-0.02326729813000571
-0.03222882785393819
0.02366177668177188
0.00619774795088191
0.00949898642887718
-0.05303913096464508
-0.03182646732470101
-0.08589137964849532
0.03978755265323795
-0.00511658110998620
0.02454293570309704
-0.11236024555279808
0.01723717636762313
-0.02697943188703583
-0.05240538382155704
-0.03223960563593685
-0.03618840598177460
0.06702244656448093
0.05740378953749131
-0.01324046530464751
0.06054296974961882
0.09642557354188994
0.02535913410976976
0.06033416384268786
0.03270691001911956
-0.00040521608476225
0.01957041607627857
-0.02106765599997891
0.10827826602280247
0.04775024738214226
0.07658189019353967
-0.06614108461510919
0.03707266619508981
0.04648613289660030
-0.13438007457494627
0.10935716604723685
-0.10364507449434938
0.04875338759532082
-0.03190773552359214
0.03875429880086524
-0.02975125764974361
0.13034795960520776
-0.10548510163464454
0.07105858333572108
-0.00370031755946212
0.05508710055647584
0.00261326318665573
0.02566291714074677
0.03101805665622660
0.01676812694500445
-0.06328285245523436
-0.02337228561496651
-0.04866714176602954
-0.01103092854231089
0.00169322502571860
-0.03169216684635599
-0.03520315218911035
-0.02975971984290027
-0.05317514419742632
0.07451909395743968
-0.00766202344274729
0.02148333163112625
-0.03681761761741365
0.03823493055313928
-0.07743670112864481
0.14130667796474836
0.05660445029049461
-0.01318777523656788
-0.05197749390356071
0.05315625016678614
0.07995244261872332
0.06303314499682837
0.05894491240195261
0.10187118547367141
-0.03458948648115202
-0.02778544977254385
-0.08461293828043173
-0.02504869968374350
0.01482678345501444
0.05980450343832241
-0.03948940987862112
-0.01423158827432922
0.06334468392303866
0.10895039742005294
0.01695788156994507
-0.03235781232530587
-0.00628912237269796
-0.02397542550740422
0.06685382968458352
-0.05241479764985133
0.10043947232563634
-0.02662472569484599
-0.08835062814313430
0.01248568065451753
-0.00339772876855398
0.02616473995493279
0.11654279593967845
0.04742131916220595
-0.04179233253573247
0.08820685495626182
0.11310287855053316
0.01178326919693964
-0.09356392068230000
0.02688303360952233
0.05389644851862350
-0.03426836114417831
0.07376772278449927
-0.00331796076809240
-0.05543171491709540
0.06180390823939413
-0.12478477319383158
-0.05515900584999053
-0.07885153580780391
-0.01032872896473720
0.06349919498821517
0.09770526511535224
-0.05905545630236644
0.01839144979663077
-0.01885317208230501
-0.00164575826244814
0.06049674281696247
0.02761302486150884
0.00634599784609280
-0.03674297570174307
-0.00940359024248448
-0.05078811558595941
-0.04679226831444237
-0.11892640471253314
0.01813464096380370
-0.11132263855186200
-0.03286379180355575
0.03548814305060843
-0.05239150363875857
-0.02168822492366774
-0.05853178155066226
0.07579015129613288
-0.04295679318438174
0.19209021677623422
-0.06985779032539559
0.05243304441046231
-0.07288907755424638
0.05251938903557250
0.08845925503829494
-0.04393246397737190
0.00582170109498330
0.00966506867761144
-0.12841932961449953
0.02388629632781246
-0.07229498211901136
-0.06033185300813378
-0.04095511350735420
-0.04078378862966697
0.04392054063125388
-0.02865328866750859
0.04238145729483778
-0.02093822720944516
-0.13872431436138138
0.07895403529889435
0.15763584679539788
-0.09252037740177992
-0.00963521846758589
0.00910468488887731
0.04872490810055047
-0.06364874103680533
0.03916779503925770
0.07054739256578825
0.02846566144215941
0.01248691273407904
0.04629852367011743
-0.07362148637830378
0.01364048010911574
-0.05314425559749569
0.16131919250518076
0.06058541482969924
-0.08669152337834966
-0.09690709365660857
-0.00276546991590815
0.04382747446349114
-0.12013386483493800
-0.13849196759493734
0.02539071793744162
0.06598308643693603
0.02389793281600731
-0.01367814009039481
-0.01463034585567767
0.06567846052069133
-0.00264121750505077
0.00272789567343449
-0.11869340908330819
0.05191062520538676
0.05151453191104431
-0.01350781567252222
0.01875787105735608
-0.01510043277327132
-0.02544149670161295
0.04472960558533484
0.02790785120595019
0.12639100294596864
0.04051550970005447
-0.07347840290521097
0.03251576077333892
-0.01249500133778250
0.06306042606033077
-0.11586269343571377
-0.11540932738025957
-0.06298595619301675
0.07738665261432319
-0.07546725291760056
-0.01224825519758222
-0.01752376796483786
-0.00596667798771486
0.00606226118008478
-0.05190104288880948
0.04756593293794227
-0.01187044701029811
-0.06711189715133101
-0.02002783703351504
0.03399153677651504
0.00394532063751296
-0.05477243707730375
0.08547991124892892
-0.13118647675070488
0.05544011349698276
-0.02837575551448280
0.07196010951806382
0.02378785902528653
0.02332779809011109
-0.06430339227164118
-0.01611415818259213
0.14442600886380536
0.00688156260074867
-0.00910913531179401
-0.01125117429251674
0.02417368785193770
0.05317630572065379
-0.03423509262921615
-0.00333958320788201
-0.00154393072866590
0.04004211130121267
-0.05128645403973702
0.01122777112003786
-0.06195654473721712
-0.06391294157439603
0.07968712343539590
-0.01722346795345946
0.06918402432066559
0.01511331306812263
0.06845417480823678
0.08656438781203234
0.10553567119896834
-0.14118204486740313
0.03011664489259479
0.03263251012745725
0.04498764049328428
-0.05586029329397126
-0.04601763250032369
0.06174991828567833
0.01615157860796322
0.02068106721557909
-0.03546270683318267
0.01200086847354204
-0.03022998904927723
-0.01550846196764564
0.01222839111423905
0.01901253007038399
0.16550980318015110
-0.00567002995461968
0.04773832987383794
-0.01128637147110247
-0.02274852765897866
-0.08968591212297204
0.03762935469879172
0.08269635303451039
0.06952008866901208
0.00983570353187448
-0.08752086698829629
0.01625268338171108
-0.06750724541736140
0.00868608206843849
-0.02621910948931571
0.00159782320303908
-0.05689136869454144
-0.01350633629754902
-0.08762520959209345
0.02157755650021898
0.02357547805526873
-0.13013050094895437
0.05378243413612020
0.08260823321626166
-0.00696606744379532
-0.00218200355648442
-0.08831270347076697
-0.08341678722429556
-0.02113647555991336
-0.04529186921776640
0.08838682427043436
-0.02211014282475568
0.04756145495911732
-0.02894242300236885
-0.01961102322054923
-0.02466556421705272
-0.09715946502207548
-0.11532064468657559
0.01529419186380765
0.06744328254785478
-0.06470371046462346
0.02615347362816403
-0.02645301488590673
0.02414039332362286
0.08403546173029136
-0.03610435690346969
-0.09642602881628297
0.13080160124874526
0.05010097356230964
-0.03941269812143346
0.03403454428052641
0.04526491793606906
-0.02029750323567480
0.03776556946093005
0.03036674277100761
0.02940258343275598
-0.02220921195731232
0.01244368945972265
0.09881549786370672
-0.09654696191860902
-0.00365798957144639
0.12433957606342545
-0.07780478469126337
0.01678986382483320
0.03868445292040300
-0.05811124131393020
-0.05660698011386497
0.00421130839694582
0.03386563981289022
-0.08280046840040725
0.10918189803202526
0.09247692182523282
0.06237095684281441
0.06363382795109063
-0.03527294472797746
0.01889078069381263
0.02921043451071781
0.00452251944199978
0.08995613974717283
0.00454582688154012
-0.02028497992764543
0.04646780324403262
-0.13359887021272362
-0.09034358572942104
0.00944904542022013
0.07837516199203731
-0.12866935154797582
0.06423304855924539
-0.02446351496415807
-0.05175257229972784
-0.00918490461988886
0.20149523303135852
0.06401719722582352
-0.10039090948050479
0.02053851439275088
0.00207380888992055
-0.03763254271305178
0.04483010973374623
0.03961194914387895
0.11320733663679310
0.02043184161875516
0.02128444779541224
-0.03700357886100177
-0.00179563398001972
-0.05175667562329074
0.07886964853695580
0.06982570052045327
0.09324186126688747
0.09397525179235330
0.07222666698277271
-0.00902087327002771
0.02918238511218088
0.10809349834697007
0.00707512350923721
0.00526391011046050
-0.00393558191685938
0.08914172656385778
-0.01096727744562343
0.02725807559577080
-0.07708624298416339
0.05386373376474007
0.03724527416109442
-0.04754957300409185
-0.03182070483768489
0.00128147455589242
0.02083481089999627
-0.03925796897417135
-0.06702208611546007
0.02980680993201939
-0.02475783980578488
0.03189438404442503
-0.02718384456569142
-0.09334092479733562
-0.13677358475053927
-0.01225742589658630
-0.02532649943123606
-0.03460999386401035
-0.07104656758099120
0.00244499270601414
-0.00447035536303057
0.06301050615093684
-0.06907468693250775
-0.01432004759948503
-0.07615225590781161
-0.04027667369708792
0.02928711694864335
0.17950758895984406
-0.04282262802442766
0.06463473039513788
0.08974507157658330
0.08921144610887806
-0.08973822644990495
-0.00129008012101072
0.04902437551378957
-0.01646191479394311
0.06937800279702608
-0.06250811831235588
-0.02589079730719976
-0.04510358653088964
0.04962317612593959
-0.06312964327574948
-0.03692545826658927
-0.03510110361310952
-0.07736119587572184
-0.03060269086643609
0.04320368959043409
-0.05866738937154797
0.03078107468700838
0.14470351441709264
0.00941300121621374
0.03336896032712197
0.01074055067957729
0.03955972205020773
0.06668933442705730
0.00469249139075109
0.07309529705908177
-0.02719475725996213
-0.03046115325927942
-0.12099061351093195
-0.08307109719460395
0.14625800288716437
0.05344109703252239
-0.07806269040576994
-0.03903165889029406
-0.03236419560421596
0.05763984446276543
-0.11926185756246704
0.02972267842595303
0.00891514609787383
-0.08509395943686322
0.00295793453379437
-0.01870648849191451
-0.09365509084836383
-0.03326186715190231
-0.00136037828021761
0.05309131609734043
-0.06269126739160179
0.09438069040992565
-0.04181958457700633
-0.07803751817858919
0.02312719923357842
-0.00654036889004332
0.00282155792407801
0.06820874879571522
0.00526045912490797
-0.02652023727699400
0.06849175196328004
-0.00513807911858712
0.08639031543299142
-0.07238575548941650
-0.04195710868767726
0.01180097104882435
-0.00104784431629990
0.03668554698691069
-0.01959307852796102
-0.04983355700443727
-0.11287321243424893
0.03268944048577753
-0.12983541452539635
-0.02368777212128501
-0.05816577533524676
0.09581271270107597
-0.00295379572437348
-0.00137128039250570
-0.00600169874233947
-0.07844278640467822
-0.07495865866346821
0.06845531552591309
0.00286903263110130
0.14726360226853002
-0.08019352608307988
-0.02454594095245642
0.04456460650463522
0.04794476052469340
0.05186976280171995
0.05938061261341794
0.09272830625245175
0.06888188151597485
-0.11383664466811323
-0.01245271238913227
-0.11056447481936994
-0.02683582796987716
0.08425136251859112
0.02727841157504593
-0.02267089435069791
-0.02678422353471632
0.01105739701240871
-0.02161242646845436
-0.09831000061569468
0.03144703802607277
-0.05393327378505098
0.01896958341575396
0.07565539264721158
0.00201051893928576
-0.06646909305334810
-0.02664478709362500
0.03554470789552278
-0.04799779855941957
-0.02264603375049445
-0.01912200051517815
0.01308708628492424
0.07952879454665378
-0.08109835860053911
-0.07789985319901636
-0.00796396246963660
0.00564665592905791
-0.00174657750859018
-0.01918656035992498
0.03884067757801896
0.00654939077792909
-0.13766251164434223
-0.11131390902664041
0.03838760154383005
-0.03279171830400039
-0.09988196686871206
-0.05081485676286919
-0.06691322689161054
0.02488020887207530
-0.02555160637208434
-0.02544843147970738
-0.14151547758048047
0.16504377096677791
0.06909505204689151
-0.05903154643002666
0.02054362212690414
0.00472136358320104
-0.04053819798942242
-0.06798703458105991
-0.02151723866410184
-0.03409134156096769
0.00636649466765198
-0.05222655743626151
-0.12534786218080665
0.01678303881629125
0.04645050315650937
0.09115017390608558
0.02253111072001642
-0.00405767361379628
-0.05444586905628657
0.00526741576628971
0.06447727573237653
0.20369633821591401
0.03407521776038706
-0.06433187936461610
-0.03842062892712556
0.04966687044945289
0.09845916605878617
-0.01705446586884132
-0.10123360819397456
0.02675287140074655
0.01137327467195722
-0.06182464773688154
-0.01295326848351012
0.03172050360362586
-0.04990848593585611
-0.01707408119708771
0.02155447359683280
-0.08038904986117427
-0.06853827072354554
0.02693981890822550
-0.07776934577178878
0.03822231387902848
-0.03694424701660335
0.09745115239636622
0.04910143123231784
-0.00616168325221068
0.06195990151197560
-0.09842782047634950
0.04182286739361493
-0.12163450827014505
0.07259358407444509
-0.06412424340770372
0.05862712777246917
0.00356428281765499
0.00944765236228494
0.07453824362893492
-0.00537200420378727
-0.00774893647472460
0.04488169699483231
-0.01431965268702162
0.04798981359897483
-0.00068009440454455
-0.02575141621238026
-0.03073381970740631
0.04940466647155880
-0.02967316625026025
0.01108912065345063
0.01242247830153274
-0.02581467274784981
0.03459750414750735
-0.09350648324999873
0.00049976064835009
-0.04347084874196293
-0.02223889706768900
0.00002892002410006
0.04351894035768179
-0.04027615666494888
0.04006254953645477
0.10603357690334439
0.04575830509126919
0.07600821099520029
-0.05475161125424106
0.03112185128423652
-0.09458935272757646
-0.10130033792431009
0.02402552639922579
-0.04986098947707152
-0.03303569528288310
0.01316413638993142
0.07695208481670124
0.01460898059808186
0.01142748544639609
-0.03904752581043480
-0.02193344013901212
0.07743688489454514
0.13959222911691166
-0.05274793252142712
0.12463372101419404
-0.03107269056310927
0.01297197061332503
0.04121709975988765
0.00433814098617598
-0.00549827993839409
-0.03775758667980125
0.02148172744266529
0.05995361425632002
0.10192513650072177
-0.04697525469936633
-0.00746187101100420
-0.05822577729959732
-0.00293681180364080
-0.07047968677589188
0.14943164459984401
-0.07484161847664468
-0.03940416112145188
-0.08273825991601547
0.05074997634763696
-0.02069207166961205
0.01686516430510044
0.00169124081462582
0.03357025890882925
-0.04358190813387872
0.04641228705999990
-0.01952966184972908
-0.11124993558311708
-0.04778869532535045
0.10281126454931726
0.02826648319864510
-0.16684146661292101
0.01975012644016408
-0.02030181035509126
-0.07090535699536578
-0.06584467369210477
0.03589671987462864
0.13977547175893573
-0.04231110823150493
-0.00463982288507659
0.10357402951122716
-0.08185974305411679
-0.06107387866933958
-0.05681073539565473
0.07199560576463528
0.04449065183807062
-0.01194835555344785
-0.04943567361882648
0.04479036585443866
0.07120786896110028
0.04263365169376715
-0.02495407733315241
-0.06248401096479934
0.01512471855092401
0.00487665057648813
-0.06955261415412986
-0.00774455726555095
0.06321911979365574
0.03151310466183082
-0.05487533614820031
-0.06750669709680719
-0.24777952933498959
0.00982426525497290
0.07481704930278463
0.03124389522104929
-0.02165481129262318
0.01126327912926255
0.05635957102130190
0.06087097277161785
-0.02372386188957119
0.02773321989822753
0.06425446823233830
0.07434421871779671
0.11441888744443884
0.03379134026662702
0.05436109142607390
0.08333159174715483
0.07283892982672725
-0.05378317787224798
0.04142461387074363
0.05814926774464810
0.02182774151393987
0.00351874388771382
0.00916088249573850
0.01023003099194794
-0.15032474198715418
-0.04303264046903506
0.15460769160531126
0.01493855512583303
-0.07209330068998149
0.01192059976468705
0.05835528933785121
0.10092675233383122
-0.04851310014373268
0.02882753647303917
-0.02777946233610593
-0.01041735820723307
-0.01816901771001368
0.03136031350898478
-0.03310416481154843
-0.03312218817179796
0.02232064610433763
-0.01538877971182054
-0.04790002824559914
-0.18150250468044241
-0.01827580963443279
-0.03782952455632715
-0.09055391550351430
-0.01406534135576627
-0.00863190180232070
-0.10157589489486164
-0.01891076061226610
-0.00560896905812977
0.00062507216214032
0.03162711138079800
-0.02235118527226464
0.00491698819540404
-0.00404763467834877
0.01844378619425791
0.08806225160615323
-0.01088842574048624
-0.04276107986690685
0.13240765102322472
-0.04221036848326620
0.04023326018321326
0.12301282857733342
-0.04026868132614820
-0.11385359034476988
-0.03910411126921966
0.08194659795412705
0.01455586324893564
-0.01408987483256618
0.02411907626656562
-0.03270507741667387
-0.05332231178158504
0.09181314261701891
-0.03618892392521646
0.05199626937878213
-0.06259755873151018
0.02785373713041090
0.10010814436774061
0.09372622440326728
-0.00492922221576940
-0.03274652714672428
-0.03204198405474429
0.05031335511089568
0.09127843933661436
0.01951286780912682
0.07826627274369027
0.05616060993306812
0.02118264349322565
0.05300285545335697
0.02615270569981006
-0.04524552354881529
0.00437010784644676
-0.10247690078875832
0.02305213978184989
-0.09217078558066452
0.10880589319063108
0.09894195906504819
0.01578365270661108
-0.03079884724673963
0.04341220119458342
0.11580349728398275
0.08464868595332892
0.05280942931725932
-0.03004122500281545
0.13259899304405337
-0.04953838969102095
0.00870278573893832
0.05230057715305969
-0.02552496475870790
-0.04027496908162991
-0.04823839450161720
-0.00898637234830238
-0.03925350963634875
-0.02945826023946201
0.01170546559640383
0.01186541638358110
0.06282949916655041
0.02369317238561320
-0.04679905883885031
0.01698448636674908
0.02274030568786638
-0.05380795063814369
0.07988676276603340
-0.00222468538921438
-0.03663732533303864
0.07905791177946674
-0.06286504121643260
0.02474184103305209
0.02862819772244442
-0.04270177490132156
0.00420743482540481
-0.06639443224220874
0.00306488618260963
0.04229365890156805
-0.01186310716911277
0.01351531693405644
-0.06975814632376673
-0.07550646207428439
-0.01779510652230152
0.01690475507747751
0.05814727327323880
0.13189300274560636
-0.02580977629958830
-0.01121128486039394
-0.09092208050686444
-0.00005056306111806
0.04268577016288974
-0.01517814350955553
0.05908390648625103
-0.03297942264508890
-0.01721502403651933
0.05037422406349083
-0.05235121662073294
-0.06274104685486105
-0.06309165743695212
0.11435888916521447
0.07561977064657688
0.06342199509885879
-0.05921577661201031
0.00637671513947880
0.02166043531697276
0.02725041390336025
0.03279738979286231
0.05262605265650791
0.00532713988038544
-0.03743669951699632
-0.11970506402199230
0.03515973204869974
-0.00994788882475916
0.03792268319445609
-0.06402561453591438
0.04372028521752797
-0.00723413735864550
-0.05905500882738472
-0.06126576357771521
0.05200152109030549
-0.06386394196765073
0.00571576655615088
0.01707349314675887
0.07975391140266010
0.01931466736647319
0.05258061099914607
0.01343848992359772
0.00991879512679472
-0.06640993926072722
-0.03264303161434955
-0.06647304138397829
0.12507578772448524
0.06352051595278817
-0.02315003601328751
0.04503844322294037
0.07056702587070311
-0.02242177978641750
0.07774737952854299
-0.00379572876086560
0.05305204070933325
-0.02614931221461497
-0.01963582312436059
-0.06302474634918730
-0.16202692058622925
-0.01582668017067367
-0.05627733306796284
-0.02304982507955570
-0.00196837959005525
0.00679699950826541
0.00814455529212289
0.02067378546868782
-0.05643001949488607
-0.04078147146226673
-0.01759109583199649
-0.12659352597788984
-0.01347569163381296
0.04514211832588037
0.05972635485552298
-0.07402337802832443
0.05156954896351355
0.06171990615434314
0.02514605303212476
0.06516355046700492
-0.01587389017537465
0.04494221249405853
0.01385805629044759
0.01585751093851478
-0.02065522866255328
0.00127943702288583
-0.03489266127707707
0.04478921599688084
0.05806497457470326
-0.00375148250990645
0.01167739594429539
-0.08637007841912539
0.08085878307203392
0.04244371643435897
0.01736323834456146
-0.00329959056213695
-0.15065182830984289
-0.00936931696887722
-0.05834992015752898
0.07851575341698722
0.00328605696040439
-0.06669753064968920
0.03744395858815402
0.03700944161815979
-0.04853093507454535
-0.05283306949296946
-0.04420740728124716
-0.07233891158127166
-0.01889661340322916
0.13227323218540585
-0.01844825513770908
-0.00668577975751684
0.04789921262620909
-0.16057510125189073
-0.00282790527085717
0.03032255583125169
-0.06573024388716862
0.02044120055229770
-0.10318729571426184
0.04251163321188155
-0.02587904734784267
-0.03386847590086958
0.00948490065557749
0.03812848199139553
-0.03357248058365225
-0.04093416903143211
-0.01555900793506958
0.05896176654112557
-0.00434317425993141
-0.04279717604152900
0.05253645492886615
-0.01175167772215698
0.01834963256822096
-0.09876955716060586
0.02632520054737892
-0.17165494299560835
-0.07924680295197267
0.10025262612453888
-0.02021927526660022
-0.00336641547391309
-0.01682075346884002
0.02645381757668142
-0.01410367456960451
0.00590066524081668
-0.00121632676799524
-0.07404349741157253
0.02149058483567435
-0.01410974465059409
-0.00998922765181836
0.06166523193172391
-0.03847391094902598
-0.05704040025685907
0.05399748600683019
-0.05429323833294689
-0.03465818053543519
0.12650803098092278
0.09399330622672138
-0.00823016969048347
-0.04380334413676644
0.04779306572243319
-0.06914448265085733
-0.01342650338427384
0.00700054952884842
0.05795925827041639
-0.01263735380764496
-0.06105625334162471
0.04747394244283681
-0.12067921297776614
0.03061376412603916
-0.03182749054548577
-0.05973386144815213
0.11373547310462369
-0.03433272994512730
-0.01529321631800547
-0.09676243353397580
-0.01691322617784514
0.05992442396762473
-0.09966817133665853
-0.01178459840714190
0.06382696335382126
-0.04679436839047150
-0.10840319350318980
-0.12089789955881945
0.02212182957471773
-0.05502417081711028
0.00003524745791524
-0.06201291315235176
-0.00542374430878177
-0.05016925270885392
0.05063298369560466
0.01889076013584355
0.06791006056849419
0.06167028297125263
-0.01623700698813256
-0.00780300376990307
-0.07775699926810418
-0.00117251104372386
-0.07931440005261380
0.01278973908601041
0.11817420345010816
-0.06093706592470011
0.14382303910430425
-0.07134674175360897
0.11610785273281417
0.08811358937768887
0.01736806073489210
0.01447936172842773
0.00765998748136517
-0.06190271484753910
0.14334381583032355
-0.13116336186465244
0.07874400106486358
0.13078620215326503
0.02280400184651626
-0.09097841540700020
0.06553060639283832
-0.09232105956358769
0.08780745943569528
0.04871115660452303
-0.06436087435216434
-0.12083406254339484
0.02568056257217743
0.01810321553335806
-0.10302311806356740
0.01649129268292790
-0.08650951240878677
0.01116678187264930
-0.07903856353091941
0.10481170133501926
-0.03750747949664114
0.00598134367032168
-0.10642415466372625
-0.01632987184274802
-0.01786046940625574
-0.03840806855588753
0.00358084003787921
0.07840249703340339
-0.00161067747946608
0.03375507000139329
-0.03786997159458771
0.01018638651106158
0.04130118445159829
0.04140507165461270
-0.10367972431947205
-0.09540141403564871
0.06339080172469472
0.03779925704933363
0.04695838823047780
0.02643150275360551
0.01514003541231355
0.00382843259191023
0.03970317671025923
-0.03322143595306735
0.08592088806344596
0.03550818526485837
-0.03455621204550583
-0.03735701662443287
0.05294589644959870
-0.02997746777368901
0.07700698782069069
-0.00327588504070574
0.03092458524370487
0.12681226965524389
0.04240902839178718
0.06410441316864549
0.15161446081866034
-0.04511914578912590
-0.01207719237000971
-0.06642910351672400
0.06564638340932348
-0.05442264176584734
0.14104823764719904
0.12308024574215255
-0.01012160371997956
-0.01618921216410764
0.00678149635271247
0.00301516700624361
0.11325402703020085
0.03619695951967756
-0.03546267027358645
0.06142714290374182
0.01040750799539451
-0.12453121240437257
-0.03651221616136194
0.03933640427840900
-0.11015546193951069
0.04225316914231764
0.02758762948425165
-0.01254706652149178
-0.07557846621975393
0.10403441101926335
-0.03581445744948396
-0.01854266676959878
-0.10725296660412545
-0.09448438832717265
-0.01930077708422338
0.02231585306037283
0.02722169902503561
-0.03465458225842793
-0.03060252011916685
0.08230039899082116
0.01844510078765911
-0.06953201544613773
-0.05623821225543785
-0.02746296851610039
0.09449238597382487
0.05976110116788612
0.09761860045790161
0.02101957668180009
0.00269534257216281
-0.03412080243933760
-0.07663098153405644
-0.01002641323815202
0.00842389866453451
-0.07002211093270738
-0.03653739320178588
-0.03921995609567857
0.07657936967858575
-0.00541812922850896
0.00769126216463971
0.00494693427244368
0.19181776180003313
-0.10654174342141735
-0.05568092093926359
0.01875226833720023
-0.00823154261596830
0.01825560807812932
0.11305763158092083
-0.02433041026551171
-0.03124135106165589
-0.03507046898319607
0.04242880726293906
0.03173848554428448
-0.06390595578691979
-0.04043891765672937
0.06081339999688260
-0.08302453517599494
0.06815202443843409
-0.11167943360233611
-0.06274897860736366
0.02100323996636433
-0.02308295822914884
0.02011421154066739
-0.03587134361690252
0.12411870169979472
0.12351320314552616
-0.01152927821471637
-0.04282646779014637
-0.06621200011226309
0.02558714621285845
-0.03568792734799371
0.03170563981422318
-0.10508603632238508
0.01335311315501024
0.13525345877709999
-0.02701222426475656
0.03072984076251711
-0.03809661770702581
-0.00727700440834518
-0.04921809266392504
0.14093089731770408
0.04129967282898851
-0.03479366907578780
0.00355421612257789
0.03215809741753446
-0.00503922549672936
0.00959791894034524
0.03643179882238565
-0.03935565175110422
0.05781355250934158
-0.02357644177041284
0.02091866886361500
0.09419208645497198
-0.03756431991229196
-0.03555049415702941
0.00932602773738009
-0.01885612492505310
0.12262120633128561
0.04146912445285449
0.06769612649685218
-0.03752827224244648
-0.07880248605404135
-0.04967802339643648
-0.00406973866532927
-0.03943099525382492
0.00915271552291173
-0.04147293284718906
0.07563616757749111
-0.02803703730950372
-0.01351581478692840
-0.03101399752924459
0.05958597363698137
-0.03578268773465564
-0.01975730458688967
-0.08482623719046319
0.03134150480924586
0.07948636772669652
0.02438671285555375
-0.02292916565983327
-0.01330897918167128
0.10150896305381175
-0.04139140090682224
0.08538079206292651
0.05045605787549368
0.01891642945234132
0.00456977182269341
0.03637166029279415
-0.06909775104121148
-0.02590610966216034
-0.06490571746226081
-0.05845235495235623
0.06401019061646734
0.13029203713231483
0.04391904277252812
-0.08492627970917911
0.07259292323093540
-0.00286389036184473
0.03684276704666313
0.10202461656718841
-0.02726748684451919
0.00378956657820627
0.00311557107383482
0.01658228974051684
0.10023871073571457
-0.02210405173435198
0.06637583833731350
0.08767197897714038
-0.07228214236592946
0.13301357613699896
0.06794402344500296
0.04213387428586183
0.09285160708728442
-0.01251168500495266
0.01250280945708226
0.00858079478174800
-0.01119989238380554
0.04346062902234627
-0.01770662888898502
0.07506546635692056
0.00954151421217173
0.00953203307310161
-0.00959597064731149
-0.00534043732017103
0.07450595667975184
-0.01303531900943086
-0.05906434260721928
0.07939607131008578
-0.10801170368706371
0.00272777984267419
0.06338876159376576
0.04675748483448969
0.02908227450773164
0.04968512502914082
-0.05754153995376428
-0.03599055772206256
-0.03097017932020381
0.05701032062096571
-0.05319677651835760
0.02478908767693635
-0.00853990259944043
0.02517872736942460
-0.00268219152836452
-0.03232998775627192
-0.04193720611218921
-0.00198154540933016
-0.10762485021100984
-0.00174793743504069
-0.07031843103239958
-0.00028389841128623
-0.14145277246517182
-0.10731128464238086
-0.06329743561349468
-0.04444459233315146
-0.05767322245344599
0.10949726793109615
-0.07182900936856726
0.05091879519235395
0.05176874481072312
0.03722875241787543
-0.12347210099490595
0.02650591365332671
0.04747356779428202
-0.10384457536076873
0.02261079162183955
0.00872604290178911
0.04402345903297414
0.02081638570156378
0.15328161616838934
0.01975984103684109
-0.06395484816273754
0.05821795746840707
0.02340639588923125
0.03603328108388320
0.04464010286907185
-0.06579673960048421
-0.10550697683700683
-0.04548730308549549
0.03392458294498410
-0.04887735189468112
0.08365220435651262
-0.07971537607660456
0.00051626500266924
0.10074940188370118
0.05063667765049044
-0.04982279541558381
0.01489604427401742
0.08836574373157670
0.00748439225381519
-0.14012098917838048
-0.04362403548357213
-0.01143506964822937
0.03373049129620750
-0.05890994132153621
0.01290876145308948
-0.02877599583659693
-0.00713109475918799
-0.12035038208207578
-0.06225218685360241
-0.01291696891906187
-0.07099808153991859
-0.02330285536608529
-0.10077574383660309
0.00153093222410350
0.00859931242361276
-0.04858758002081383
0.05933983772337604
-0.00204796212774605
-0.03479553643241527
0.11030839904730090
-0.12721665568798046
-0.08352562697112839
-0.02478189785846452
0.01293772283832508
-0.05011208943238291
-0.08076180946646158
-0.05685837019433914
-0.06771715426370732
0.04942322501147279
-0.01982272376870918
0.00192827435691611
-0.00499103042373579
0.02748328544652283
-0.01687919201384771
0.05680951123690569
-0.07538709291789439
-0.00105809513622766
-0.01062164383480622
-0.02784757448628402
-0.07680329035426851
0.00475050495451003
0.00904155363853654
0.05141600938978110
-0.04302228830758856
-0.07924247544549329
-0.01527704385408685
0.06427335507070352
0.13888589950254052
0.00490225668230495
0.04891482208763443
-0.05461338759033819
-0.04420648971064253
-0.01089724628560451
-0.00707248808898046
-0.10785482561502380
0.02895042892049862
-0.16791581487179738
0.02705168409693207
0.05984314191006531
0.09253079322602337
0.04377923136618477
0.06587230253563600
0.05423985973844642
0.14940320335915147
0.00679959713623257
-0.02567623308216851
0.01088759052257338
0.02320433052104220
-0.03059505139454156
0.12190043660682159
0.02342547437729096
0.05551561792833529
0.05859654617337266
0.06306910536087688
-0.04614645883972348
0.05308695989594658
0.07349658864015288
0.00218716827241113
0.01610943397038141
-0.08448254506139523
-0.10441595229027524
0.03503568785233144
0.02277445114512191
0.03820126280347832
0.00419784495898119
-0.00676665714492037
-0.05401024803214972
0.10809831563913891
-0.00459576237519197
-0.03858145632907153
0.03112947260646622
0.02402639907886617
-0.07534398159004589
0.04883205084932107
-0.03457612465029235
0.00109833661395647
-0.00535304499159993
0.00632060827941010
0.05831523747539197
-0.03765528453146950
-0.00316316935501145
0.02039262272959503
0.06792426271801184
-0.09115411718580291
0.05758310192683812
-0.01919539985218613
0.04803165613453474
0.00216899880682408
0.04748819259161917
-0.08496990362138253
0.01884089120157357
0.02025047896283091
0.07472217008907789
-0.02182308201429425
0.16280655634533325
-0.00548117157663216
0.01092564371153463
0.01599286387051710
-0.00699150263918872
0.09777982583516527
0.02077259569856831
0.01034429427870261
-0.05789693120659266
-0.11230161483293070
-0.03205295033248742
0.01637408370439544
0.03018815181913588
-0.08920503171434163
-0.00755935090638627
0.05067421724949712
-0.04788809881404662
0.09558063779540239
-0.15058550679421029
-0.00056433235817956
0.02809926084581965
-0.04477851166784279
-0.00856471904431368
0.02637295347653129
-0.08334910641105776
0.05308194677486628
-0.03192862722018443
0.05877672039922924
-0.08423102044916461
-0.03856752641876344
0.05636256607511733
0.11367947714112796
-0.08658518082470058
-0.03523050600776105
-0.05969627199226836
0.02062575504408167
0.02615859770393048
0.01522243994905549
0.01102002716779453
-0.01271588312106283
-0.06136893925720445
0.02509012635365184
-0.05031601837498355
0.02691434690001700
0.04685909866154777
-0.12585325704697911
-0.01549319123241699
-0.11175770468182636
0.12500926339831045
-0.14265971292209262
-0.07122456735277267
-0.10771898539251662
-0.09934757647886684
0.02536895710660435
-0.00477485739818218
0.07065774267466003
0.02567975384607411
-0.01432283760923926
0.02697289902682006
0.00135504664502144
0.07976561844079133
0.05598577639843103
0.03061113865026577
-0.13643890468093775
0.07457489338456526
0.02687112141718164
0.07049549911880436
-0.03124053825426623
0.06224833015429063
0.08717602015754387
0.04414894463222707
0.01738847094579481
0.00624037722340498
-0.02063147382291032
0.06657818618540587
-0.07784240581529212
0.05278544824281536
-0.02196962575976084
0.00990749948334918
-0.03165384026093660
0.07896223601991505
0.13771049314290537
0.02551848459859929
-0.01420795890204368
0.00492867125844692
0.12873144646195278
0.02195254650214739
0.01946343459628087
0.00477443147988315
0.10934464623793355
0.00116146865438438
-0.02050517009664912
0.08770992822135761
0.07602985910554055
0.05812936542463706
0.02743281553937512
0.00686809964851736
0.03972628604639743
-0.06980377886764208
0.06957610295020515
-0.03048409684374103
-0.06981574555884595
-0.05945925447978322
-0.02749253050046673
0.04290667711619755
0.06269027122078556
0.10788702137451667
-0.05945545602845637
0.01434194973870737
-0.01875965365684582
0.08036703217870424
-0.16029157643970629
0.04556663912876163
-0.08425681151437622
0.04801408774210809
-0.01764518735225712
0.07814229801765905
-0.08194026610870947
-0.13552605548474053
-0.03221948054325332
-0.04812676937821708
0.11403606997398812
-0.06279543969493864
-0.13480126502983206
-0.01903744089469740
0.06249584667632857
0.03704800117533014
0.00708635702501263
0.02246282280395940
0.15229637258883713
-0.08330178664585260
-0.01916652835583477
-0.04480019931002500
0.00306342670071980
0.10648076842875763
0.01145443557353345
0.05115096186570339
-0.06087173607017363
-0.01866820932000540
-0.02529022767753339
-0.00349095890607593
-0.02890549112876638
0.04172336084272297
0.01107435829118790
-0.11948622829367621
0.08482018793277657
0.02091450052857413
0.05164263937121343
-0.03333761468509190
0.02499323766594392
-0.05697746918695288
0.07347523920162283
0.08705782808610336
-0.01306477975231157
0.06181814377741732
-0.07196733137671224
0.01498789175025069
-0.00606736020113531
0.10054213611140937
0.00176000980396853
-0.11168798150115095
0.05674600033296750
0.03057962673497850
-0.00275435312725920
-0.02161919219867582
0.01283868679295981
-0.09497531373150718
-0.01288775514619638
-0.06908603015323209
-0.07003620670722129
0.03653042605550873
0.07147070344506147
0.03327022523574796
0.01164953933807625
0.01540185868138090
0.02665180796053499
0.02997163614258037
-0.02681511576251629
0.03318395900977522
0.03828943279723583
0.01579723120316565
-0.00990804022249614
-0.08285842181264659
0.07588844550868187
-0.02344061495127337
-0.05689157787789818
0.02443411818275441
-0.03639384063087591
-0.02972015205125817
0.00635166807114900
0.17543802718239246
-0.01097903113056737
-0.00702978732584231
0.09155085843077285
0.01681892642358509
-0.01859010195965494
-0.03532651772216256
-0.02553360225694679
-0.01078288219495989
-0.02991289215819848
0.02773853469741533
0.00528040777108201
0.07414969743258135
0.03307691276310751
0.02691723198783838
-0.02331989983109246
-0.06092436193192943
-0.13363290405217015
-0.00523494272936014
-0.02006690895331605
-0.03934758420385281
0.04213298477497640
0.02207488536050232
0.07340236801156187
0.00066282329279701
-0.05475097505468905
0.01361321144300899
-0.01798032195538940
0.01934498514480110
0.02612723602780124
-0.03443102397988919
-0.06331410218650731
-0.11157244599693100
-0.00237211704310512
0.12792111805722464
0.04043892981329161
-0.02151084585221175
-0.02030105036261813
-0.00240797761704033
-0.02592272598215732
0.05785150842784027
-0.01972363752031916
0.10817980853830687
-0.05006072116694129
-0.05715722733780781
-0.03742229783569612
0.04385299547975233
0.01874445895410232
0.11435173990689843
0.07075899632522922
0.02877987203508596
0.01914655021076682
0.01223038302122851
0.07400442645182352
-0.02297395299571505
-0.04337364439354313
0.02312501182424204
-0.09872724492947056
-0.01528555798420869
-0.02171243675068262
0.06060570699280721
0.03027740082203863
0.06917759252150321
-0.04390550882388648
0.06582825561911458
-0.04476210006118522
0.03242000699488152
0.03629104828766492
0.02685531729354785
0.11856573943142533
-0.01678200658380407
0.04572298172380772
-0.01639523646310435
-0.06853754841570309
-0.08860171432994914
0.04935660332657731
-0.01892729296160361
-0.03198643391739725
0.02552877842615266
-0.09661220356103199
-0.05300053719402617
-0.07198708682167686
-0.11971919237655952
-0.05254344717217517
0.00492659098257000
0.04536847224164677
0.07379221705126651
-0.07173440492272344
0.13452408679482417
-0.10570261544284944
-0.04916108926043420
0.06180120905358925
-0.02627837851191076
-0.08988485271140118
-0.04943104095185018
-0.03347664044722070
-0.03877423908227542
-0.07004905600058622
-0.00589912336990476
-0.00249659990035118
0.09297344399462201
-0.05099804338039936
-0.00745858484671286
-0.09722260072027972
0.01334884279735443
-0.09357478802236791
0.02418291434496041
-0.04993077214925793
-0.03107569444401959
0.18438200886145009
0.09384512829852920
0.09394597322725158
-0.03398426142917125
0.03570898632411439
-0.02477571790477452
0.03414354931780347
0.03407580249637721
-0.09045277199040133
0.00382209712876374
0.01208614429214449
-0.02735124983246745
-0.06736906652452783
0.02131220151057255
0.03667648379763486
-0.04175246497363597
0.04324102736828107
0.06571026192417660
-0.02388265274125802
0.13648388897433783
0.05309414673224123
0.04790121413756640
-0.02786547370825346
-0.07941710991783472
-0.00671428354479927
0.04968845611295532
-0.03844705206312152
0.07129713024513358
-0.03640858978478287
-0.09664838382365580
-0.04894991545093604
-0.00896817766536330
0.06509914505460705
0.07582326879010087
-0.00861998655895501
0.04707552503895902
0.10895682812402402
0.01292993472942419
0.03424583149485581
0.02387002592311414
-0.06394738688940138
0.02095475061154954
-0.10924610455073444
0.01657020574751679
0.00401660176598191
0.13241808680500589
0.01200753118362305
-0.00065043542903201
0.04697120900371780
-0.05067434955871733
0.00332212377331110
0.02693153204848121
0.04067768512045806
0.03130977236105612
0.08555624842480226
-0.01005492413662007
0.03659093869456155
-0.12594504631054226
0.12740662172756026
-0.01303608943134718
-0.00324747984097313
0.02950662064144754
-0.01814625672317013
-0.14534867704767038
0.02912038826517935
-0.00733547023453781
-0.02458409779768495
0.00805013971276086
-0.01709515302717570
0.02161413054765344
0.06296421382102591
0.01095672907093908
0.03029488248600941
-0.00947245390513989
-0.02309003605542246
-0.07853541601785599
-0.07077086458019134
-0.01628219940790599
-0.04908518843387820
0.03342094185930778
0.02582321508347420
0.05846073724700348
-0.01103507420558495
0.08152582942573375
0.00136779684942125
-0.02335484959251567
0.02155366995156505
0.03260073396213840
0.05811554590850465
0.03162942375735276
0.05611495345145234
-0.08143394036034282
0.04128270721953146
0.06007153735396949
-0.02148886931278358
0.01455855140757815
-0.01492821317109942
0.01336318853119641
0.01822484627340266
0.09808447842234709
-0.00710518110110677
0.06694073568309988
-0.08085154490970550
0.03013337059638382
-0.07942229714413368
0.04566326199524772
-0.10661563654378471
0.02426294901796613
-0.02254911917218057
0.03603827044297981
0.02034152859124042
0.05354133969464747
0.05743381885102193
0.11213812049003026
0.10565234991225601
-0.01024996016875536
-0.00639763871827156
-0.03737347407603663
-0.01810110537193958
0.00817082309004288
0.04243948549026991
-0.05111407631604702
0.00605308163116304
-0.01661930536297171
-0.03411185805081740
0.01015907772468299
-0.00538840428625012
-0.04762669425022495
-0.05997190357462512
-0.02704886937560151
0.02864976970408346
-0.10053656560273319
-0.07059367476466312
0.07522293594879589
0.04950250875732112
-0.03029146274618969
0.19484076286698090
0.09106476145506977
0.01863859421575770
0.04834573873350099
0.02996003841198990
0.07822236406684914
-0.00235380636726157
-0.11276104146024782
0.05843741633243004
0.01221246024424788
-0.07690765971400619
0.02898925677259526
0.02200144482390306
-0.00727184634739000
0.05931691550804660
-0.07805885465906798
0.03407697737916487
-0.00874235632639698
-0.00444386093595959
0.03768956547371394
0.01518686318939604
-0.08300628278397361
-0.01801617727006030
0.01590873047838652
-0.00478526193030952
-0.02850562026110165
-0.02309901287963089
0.02847802296303465
-0.04446944340871036
-0.01905823516962944
0.00125710488454901
-0.12415785405161055
0.08208594308479562
0.04296867372731018
-0.00950592066243365
0.02588911736826897
0.05740857256831305
-0.00272841787726438
-0.00636375157195547
-0.01426786010110272
0.05521386330381790
0.00776994402326253
-0.00344007472620980
-0.04670230479812484
-0.00387972864135409
0.04462785459116207
0.00439459864920565
-0.08002788476511308
0.07795158422964024
0.00345009243598976
0.06743015468240217
-0.06204672149549606
-0.09641452899751798
-0.05176022150408058
0.02825384743039820
-0.07671422606233877
-0.05509326270140223
-0.12645137624345043
-0.00738557991459426
0.01816977510726107
0.01029559682050937
0.01991993510477301
0.04122857791555853
-0.02887605633627734
-0.11028427988757003
-0.06346191536874558
0.03650277737622140
-0.03731443111180920
-0.01699888125664346
0.02476305087464767
0.03559596390564840
-0.00863012554154882
0.00407510814210792
-0.03387714957278809
-0.02664748539376933
0.05113313311979533
0.00980985537962381
-0.07065705277635319
0.02971394296382890
-0.04218106510168340
0.04550792626359419
-0.01745729249914414
0.04163927349457365
-0.04391565573902197
0.14607198654710152
-0.01617816771193218
-0.06291280033709684
0.00489786026787611
-0.00585941888359813
-0.00154677374449041
0.00151301549821833
0.13354267896673416
-0.00681425778307101
-0.04649534589983807
0.06307566169822487
0.04106520580508882
0.00182712437648093
0.03811620930637011
0.01893726442377828
-0.01491576986070773
0.07816681157559914
-0.07230235079529905
0.02585131132938536
-0.02130258021216368
-0.03590965795217232
-0.01014923269804735
-0.07389713800418155
-0.13053049008498524
0.04394749363199593
0.02002947871507853
0.02421169473378991
0.00851479298330624
0.01027027180604299
-0.01252015399295821
0.07086365150615632
0.02350248874269158
0.11978110868530106
-0.03444100496969986
0.12206603921190828
0.07111049306131301
-0.13411096867843211
-0.02443124294611511
0.04590155126816179
0.02136541569091036
0.01408943642540793
0.07569958899703598
-0.07001568770239812
0.08287131873643154
-0.02335395629411391
-0.02578258851174994
-0.09068891698817221
0.14351304464434528
-0.03664883515969404
-0.17462460837418634
0.05292522310310104
0.00914327908728113
0.11040623747076064
-0.02122486971589610
-0.12458452473875246
0.06053077495443787
-0.08547092387835603
0.02647593267308905
-0.05324052333674335
-0.00737827080549576
-0.09337819772194324
0.01013119804406585
-0.11867769746207721
-0.11957050317345130
-0.04056742165459429
-0.01750768290269853
0.03892249503644823
0.00116284165870792
0.00633408506287490
0.03046898676628362
-0.06381198209167498
-0.08392113625702453
-0.03105707753439871
0.07951339961315330
-0.05636308037811464
-0.06404392840927405
0.09470971406721375
0.00011400934647880
0.04104178083166579
-0.02413197182626633
0.05736460956845795
0.06323199874905616
-0.03804491190218437
-0.05484269118286981
0.02567736509604686
-0.01014389022872310
-0.02218964999686421
0.04863805926590527
0.01962919821376759
-0.07416670769027049
-0.21198076960744988
0.04916549371758752
-0.01770670722243349
0.02709610920774190
0.03623443264603717
-0.01790908454842330
0.01870401671686249
0.09894867966242134
-0.06378156770027184
-0.07930748830524861
-0.03276104531141785
-0.13284560565699480
0.02869867691108716
0.08607371912381705
-0.04097877645217015
-0.01392405617915208
0.03608449079051507
0.03644835219468753
0.01932173475913798
0.02821077349571735
0.07261684392468974
-0.02647573934769780
0.00502027811625180
0.02465279304367143
0.01226717540340651
-0.12811869896697123
-0.05008051393217814
-0.06702610096687903
0.06440725516439852
0.08032663174245717
0.02901337662424726
-0.01011917670373447
-0.01035047575438314
-0.05171831427771809
-0.07673244988747498
-0.02097750102923827
0.01224553998173261
-0.01769332460607272
0.00321536720539917
-0.05119711082396473
0.00199685690530455
-0.00008002016577405
-0.03560012913518242
0.06323556731645887
-0.00123452372643560
0.00629536831689530
0.04583339420908842
-0.05851759457103698
0.01986800150822761
-0.09662135687751226
0.02422438443069461
-0.04036778313574943
-0.00600634925949024
-0.06128429518553645
-0.02342906184401169
0.00309761155844114
0.01270108659194457
-0.05415990831625939
-0.02475870490230982
-0.08504569869487301
0.08402038462262185
-0.00889330836355584
-0.06060801968960695
0.05650805246047855
-0.12377516540937082
0.04491584459559609
-0.03136211625762174
0.02461198222429564
-0.01549397565762348
-0.19042250019733079
0.15301884847110958
-0.01124505449742775
0.01697623257334619
0.02501030398300985
-0.01215684441772736
0.02857758021717878
0.04157144637745230
0.02509437988051221
0.02064098107866444
0.04451528198875949
0.03155791690384437
0.00635622787414752
-0.02326346645383549
0.01473009948999490
0.14442643232492131
-0.02835841450110098
0.02809018546676743
-0.03397835940389331
-0.06921781094464353
-0.03332011378101069
-0.04179675156279018
0.00266396804245256
-0.02731080422721039
-0.06854997526010391
-0.11703305055171728
-0.00389963441282264
-0.05794560183638464
-0.02681169450766585
0.07712083294362733
-0.06318657472157055
-0.09146655629768302
0.06605557971181657
-0.01802109607593217
0.02536584500583108
0.14297081502008507
-0.05150210493665990
-0.02441647044470164
0.01047187066355950
0.03453528487144639
-0.00680742865976018
0.08580401291495361
0.02011422710962073
0.05890439873226275
-0.04627944575442376
-0.00657703695575111
-0.03763550657491542
-0.02614008202963517
-0.00684414462728563
0.03057245483540460
0.01480248329172038
0.07554034979345180
0.00329531433031337
-0.00408558095599315
-0.06714843732541387
0.01256261644617730
-0.05573869516390020
-0.11555442217144597
-0.01622924724609053
-0.01052994089826054
-0.08838918044416873
0.02048285269321721
0.08609120630195544
0.02568956876514391
-0.03989282106434518
-0.11436726397286616
0.05012778933885263
-0.07677310939229388
0.03397559123023929
0.06767886486280857
-0.07341988657666969
-0.06605729910479365
0.03351896766199650
0.04664837823821239
0.07254708075819243
0.08658401122093802
-0.08879437706807847
0.00616014279728692
-0.04035033163461613
0.01680211643186519
-0.01418880608090918
0.00509239174425527
0.07477412691300502
0.05250014748742312
-0.07375508908723968
-0.06527340806839686
0.01667655065279048
0.01882116631943796
-0.02455968632063975
0.02276769801976552
0.04442568344099369
-0.01207984218784697
-0.03146009535853014
0.03608649523638976
0.01139635465764791
-0.00984995001669513
-0.02582499677078286
-0.01799395869766185
-0.05582812595223374
-0.08430598718802014
-0.06051718765946223
-0.05416524351791913
-0.03119938640001056
-0.00656374406480931
-0.02477100706230425
0.00692360658728004
0.02103307592349913
0.07751011319592647
0.08791044702233371
0.08190620705578416
-0.02946017838913371
0.05182705055226611
-0.03246437537019157
0.08771938005826424
-0.05047601989357277
0.00851486756550134
-0.05187875081859332
-0.00392512735431707
-0.05160746753597388
-0.01483689148026254
-0.04829440977403213
-0.12656568787556391
0.04704142901741112
-0.02811912067446985
0.03027515733761195
-0.03755069855229742
0.08074008604864079
-0.01496713802814579
-0.02459490504566832
-0.01553201815572644
0.09654155960325358
0.07347268262101439
-0.10944098060485730
-0.09117989247176950
0.00656730351404498
-0.04380342846495882
-0.03115405098945007
-0.09905219677751043
0.00532736696445837
-0.10405740199883269
0.10322279191130435
0.05557810344421295
-0.02594825928629736
-0.00736478807030984
0.04388129767966936
0.12441238370469875
-0.03277155734701782
-0.12011256696620171
-0.06804910944621377
0.19292717842169807
0.02404565114474260
0.03534613451797731
0.04530255071666642
-0.04780448631423083
-0.08799535181108047
-0.07731217845933022
0.04118790803308812
0.04363003103964103
-0.01367346396796043
0.03637916440451775
0.05825729496115896
-0.11331082040423227
-0.15756707312284743
0.08397985124945556
0.01267817801101469
-0.09641739241213006
0.04699007977830299
0.04622102198137736
-0.08022906839955574
-0.01203868547934017
-0.01148918081177626
0.07855931423551014
0.10186073653978650
0.04148014341650838
0.01840012072820661
-0.05444130970595882
-0.09627890949094139
-0.04690961144113833
0.02175907720951187
-0.04778887746038109
-0.06882358469501362
-0.03666533103858898
-0.07296765159861193
0.02258363168914264
-0.00169946925925140
-0.02817891429908929
-0.07730401283309643
-0.05957535964164503
0.14607034111471973
-0.01968220665191208
0.03421569088179375
0.02952792396186616
0.01541478420774930
0.00385697672471388
-0.10683128631605582
-0.07448168449916680
0.02373488186353166
0.00601752661411243
0.01862579390051482
0.00097817685910966
-0.02803676516289905
-0.10923027652450963
0.05255828097042090
-0.02986853240602541
-0.04630010245606687
-0.07505158460261241
-0.13722718644328960
-0.04049463284300601
0.06151611631947968
-0.02270475299948615
-0.03136452632494641
0.02461228663071052
-0.03557479840988886
-0.04191284722686164
0.02336811181431009
-0.02873579545374661
0.01207130026662828
-0.00126494716156193
-0.03741064197030303
-0.00461962527916419
0.04011953199132107
-0.03793405638629028
0.03344926386830247
-0.01005836186266247
-0.06748371681628136
0.01374645787537741
0.07846333145163648
0.06632390312249278
0.03685387133542120
0.06121938710147042
-0.09705714818248246
-0.11225422238819456
-0.07041343337112703
0.05946945455028280
-0.08005400315593068
-0.02650073855919729
0.10022699964812594
-0.04949169177812388
0.02004079997788698
-0.02616404600206648
-0.02387579433455442
-0.02465529998242741
-0.08172729966154300
-0.04688448315467549
0.07304453462120829
0.05267594562791552
-0.00914264837896809
0.02869822128561360
0.04957891524106741
0.00322089381657370
-0.05938213255446793
0.04949478158319680
0.00616288811857303
-0.07539621714903169
-0.04513725285922648
0.05179213792408231
-0.02136273031095151
-0.02756697488563652
0.06789999067235994
-0.04902960943391148
-0.02593689774565357
0.06249746798992073
-0.02927309560518592
0.06928435495163061
-0.07964460040487516
-0.07832529863394111
-0.02680288440093225
-0.15129562821640449
0.12038719184457086
-0.03107779695037305
0.05735489378709500
0.02696443801913087
-0.03102454440882296
-0.08445543399952291
-0.05209300135037743
0.03007599836160333
0.05989524628668779
-0.00543460267070850
0.02267064346398189
0.01361395281014149
0.04454399979082784
0.05350954582052332
-0.07419740516945286
-0.12224889628842012
-0.02458641372582336
0.07406451035706474
-0.14742050647476451
-0.11009459207893610
0.02394700326142057
-0.05698207490301022
-0.00067728632661177
0.04846479803081037
0.05191566624959450
-0.01174197525926827
0.07187054853815214
-0.03915703537137764
0.00012896104142725
-0.00440029433090896
-0.00335696056689218
0.04082909431716136
-0.06080334143181949
0.05391100852136465
0.09036285983153670
0.06596926625254707
0.04915358363740056
0.06100308258592124
-0.01148431557391827
0.02062410079990616
-0.00425338208289560
0.08296946054720127
0.01462091394660441
0.05028168209991728
-0.08609024305432733
-0.00496710933215427
-0.02374377371862618
0.00110214469882119
0.02441450488804995
-0.03586223333428581
0.10140167462706021
0.00635596961565125
-0.01895202950694554
-0.03647416808598666
-0.01533381468943488
0.00051720693268452
0.00553850871364314
-0.10311991011906613
0.03048714494001614
0.08206339791449564
0.08993679606860706
0.06381209692057054
0.00693918512529568
0.02025125199669811
0.00365731055066819
-0.00289144576399812
-0.00707954895621586
0.02613232673001856
0.10530362803679318
-0.09163099073055504
-0.02084312989981904
-0.04438749736458567
0.04931780999284147
0.07809196235651646
-0.03112662611090700
0.08158513056321502
0.07485469541744773
0.10719869669244379
0.07162452934300000
0.07187056831999658
0.02708379793880054
0.03359995452236140
0.02472726446839311
-0.08678448917417571
-0.03665693635295499
-0.04360368719607025
0.10039684911072115
0.10334677672554415
-0.09516237832013694
0.09846786310250435
-0.03969151032712802
-0.05450495151162854
-0.00632019247004843
-0.01681290307759003
-0.06492722054861227
-0.10558105720061475
-0.19255811221286895
-0.01755223682624684
-0.01740867754961865
0.03413284082398754
0.06418672128129728
0.02680791141636702
0.02007303230575560
0.01349425500262923
-0.00646299992243294
-0.04663634511167379
0.01348117057526194
-0.01200828093238519
-0.05116619087873416
-0.01889162290581040
-0.08310366942993368
-0.05388170615956549
0.09957772029296236
0.02939303956165359
0.11498883077164930
0.04811004473173508
-0.05424168111292940
-0.01872727184710106
0.01060621246254944
0.07091236384480666
-0.01480632457623765
-0.00882783492235893
0.01611412591118597
0.05604817517174798
-0.03648566750157768
0.04355622683996693
-0.06834554117084612
-0.04114085625703664
0.09522912014885233
-0.11141362744014764
0.13778568365477900
0.08458953393189599
0.03063586342301784
0.03115924334314380
0.05318345349624524
-0.04752319850193020
0.04077262670532467
0.04352591141918662
-0.00683671935896773
0.05829867762885144
0.08313208031784280
-0.01473220466626502
0.00048835915242520
-0.03011407008714374
0.11242540661455995
-0.11676074057758161
-0.01197759003188784
-0.06855445567017773
-0.05190147775264532
-0.01231454590910451
0.06108077151472334
-0.00481117491735845
-0.03007368415529248
0.05065328684132653
-0.06409375517430899
0.03884324555097481
-0.11790211277461314
0.10110379467592202
-0.01631809244098328
0.05380263991413092
0.08967648693156609
0.09230062393005389
-0.05631777766977421
0.06825894331133571
-0.04263584209855352
0.06179117450386565
-0.00498203634843208
-0.05154039095256208
0.19270144234091294
-0.00255500984449947
0.11626786760040861
-0.04752149476303438
-0.01892268213531348
-0.07355700117215963
-0.07819158246336724
-0.04047503967637618
0.03176923784344284
-0.02657638240388776
0.07199778912582658
-0.01207531360821168
-0.06094491268608179
0.05297095935470899
0.09887260478552984
-0.08695241665708847
-0.01867239860809392
0.05444436469788713
-0.00347110651805258
0.09712705171835531
0.03129764475443728
0.09108751767813632
-0.06227700302162377
0.04230751167045803
-0.00296202594005106
0.04504691342933292
-0.00451723628659142
-0.08978295684022204
-0.07406108310304663
0.08383493446792413
0.00742202422480550
-0.02374373110988619
0.05283451165653206
0.09835955964861495
0.02344859329916016
-0.04676148741712291
0.00378910678591754
-0.07369876507402344
-0.05788111734679505
0.09669672860139941
-0.02210841651200307
-0.08710652098153515
0.03335426641526014
-0.04532250181247401
-0.00719972646445156
-0.10195238774655910
0.07994015037424276
0.01827862886577668
0.02405310308187072
0.12066386457753610
-0.06409832573839987
0.00765714634117602
-0.11800938984793104
-0.04330307339088445
-0.04439084740494297
-0.06061159691157127
-0.00620106147408085
0.00980916193898273
0.00132954754920988
0.00311086963732593
-0.04083663012163113
0.07942534932830903
-0.06425498840279754
-0.04335627109140389
0.08112510776630590
0.15287315522424927
0.04185817093564106
0.02364247961320850
0.05325094600376757
-0.11600988662415863
0.02721395286449721
-0.07629076543621877
-0.03268393624847078
0.09264774220648908
-0.02731305776352992
-0.00082924195074876
-0.05797769270568270
0.08041184353923447
0.01129736362327733
0.06284807870650705
0.07965021280755595
-0.01958899326816275
0.03401316563701019
0.01204855344898355
-0.08234527016644450
-0.01458298317217456
-0.12324239956271099
-0.03465399039300205
0.07119758439122797
0.08042862126311420
-0.02335783649044114
0.04602760848625510
0.14421031050396674
-0.01096948846324840
-0.01553287821946364
-0.03712990582055786
0.02424091104891711
-0.08516130661215192
0.06190126492606727
-0.04859896072980277
0.07981569002216553
-0.00502740466041485
0.06860811065135385
0.03637955972975527
0.06013020675325603
0.02684449044772719
0.03446986979123060
0.02591335279231752
0.05677978740047619
-0.08038524684527951
0.05023161386592069
0.05677712324356218
-0.01422027656910191
-0.15592768287494602
0.06928409647148709
-0.03735957626108748
0.03543412839819394
0.00887475641139448
-0.03300057209769539
0.03732181705410237
-0.11191548989189673
-0.02164423102674187
-0.01580929419878823
-0.01356212402471562
-0.11846389201155924
-0.08032329324346973
-0.06493173363723558
0.10462598774541811
0.07167309057843262
-0.01172101617290882
0.09029359691346017
0.06657954572803369
-0.01633688236890844
-0.03812847969181871
-0.06595235804382929
0.09432496750771024
0.07481689580779614
0.00560056987964521
0.06355980315631723
0.02140741121235555
-0.13943368724912644
0.01287974639741505
0.02777372122448519
0.07948827761287589
0.01703366692006348
0.00495375604777783
-0.05400307333324431
-0.00187992639966781
0.03696776576391220
-0.06290576655423419
0.00311366513948216
-0.06331874243936803
0.02541964410579003
0.02829091280450391
0.08432354549725538
-0.05516901008416638
-0.03050898687260466
0.01101550415645538
0.02673392140793114
-0.13783477782032791
-0.05478989424261577
0.00054493933554579
0.02199591918859895
0.07986853148067140
-0.01075053436409475
-0.00957632331047764
0.00602922268685072
-0.02206132048739021
0.15405293443244750
0.00763677442236633
0.01395212592680824
-0.04857107488880243
-0.09828645750289466
-0.05981875895489608
0.10002769862807818
-0.03042336043192158
-0.08933671752547104
-0.05353966320794344
-0.02739637993869315
-0.02723837366527900
0.04819344617684123
0.08470540337466421
-0.05013125336163104
0.02556685707104151
0.05762854538643834
0.02175539058996438
0.00672133268597180
0.02318927492297011
-0.06506744577640286
-0.07414605517991787
0.00294850601728101
0.00175801696076884
0.13552110963641109
0.00323809251894190
0.02741806907587780
0.05019747523364423
-0.07759195320080788
-0.00342870715100312
0.15153707415126097
0.03106774252095108
0.13655152187617592
0.12991174768847780
0.02214054228822132
0.04514833954232490
-0.02754457934552320
-0.04017184306973770
-0.03935564774610736
0.00234377933305400
-0.05500959540855613
-0.11502920190809378
0.06793397992189683
-0.09539504504005843
0.00167923352221204
0.09800623185004972
0.00056415749796696
-0.00892041421330363
-0.05487995946049089
-0.01330202737086151
0.07532470754979320
-0.09988188321437169
0.09973751745100415
0.06078185728404755
0.07225824684791196
-0.05379171180155994
0.11648787452750195
-0.00889837099852120
-0.05191195103816879
-0.04395753371875735
-0.10098426223350637
0.06415886232589144
-0.04327165707831771
0.03330720880884169
0.05791351163803649
0.08548548647125775
-0.04041262287998296
-0.10134454095604722
0.03096134210311076
-0.04538538657555594
-0.01404506004064902
0.01642367100779770
0.06813764569355719
0.14520684947578111
0.02712222147820421
0.05772248347898381
0.05652779387605197
-0.09356870459627364
0.07832870966125241
-0.03833825869077135
0.08329760104051433
-0.05386462402927885
0.01362447057225782
0.05932586887182160
0.03409609213043905
-0.01661257593464613
-0.04239163349694076
0.08809186559570308
-0.07923024640917778
-0.07688795910793428
-0.07183942406630271
0.01230748902666897
-0.01281178422249316
0.05870979299566154
0.05587379383400119
-0.03683785291445388
0.00459479626093063
0.13970170825343250
-0.04141933997314504
0.04630263623522112
-0.00351183430447321
-0.04247989931473288
0.04692032472489695
-0.04893109515990902
-0.01996809087039694
-0.01727292423960971
-0.02555572063370480
0.00017870712819931
-0.11882056396543098
0.05799507232660076
-0.06073846798721538
-0.01503539122711914
0.10273840382815248
-0.01872259340609223
0.03831669356878031
-0.05015065097411701
-0.01985151960239034
0.04631721553725637
-0.02407063270255981
0.00532702081509200
-0.02528922753790851
-0.01980861712635833
-0.05259078229715011
0.01106528363738810
-0.05274675023812381
0.09014450317832955
0.02302864920071514
0.11360134091313595
0.06698749482565695
0.01005646952662073
0.04806987926287470
-0.01101741768589358
0.08884980225902429
-0.01850630819175993
-0.06982645048801821
0.06544594807071759
-0.03078695038355363
-0.03557265074205380
0.02333385493145774
0.03978443410428951
0.04402109485019710
-0.14727029336756089
0.02491433149212156
0.01526994993743084
-0.02336782536076865
-0.11717418590626560
-0.03822896181336286
-0.00205274659874610
0.04055737056600939
-0.00696857693222847
0.09447800148595108
0.03166743892937607
0.02236662730549609
-0.05840256692091052
0.06246981308761981
-0.07048131392372632
-0.05417841040851341
0.05604989837331705
0.04427600101422331
0.05344641681304949
0.10077272335639617
0.11238285984274536
0.04773383402590225
-0.02011107123206411
0.03442376100609123
0.10280628481752006
0.00588290786666038
-0.03155236430328918
0.03085386977298032
0.02714909739855165
0.10833761895923814
-0.01997025890131642
-0.03637987242056395
0.06531167849890356
-0.03242014162045097
0.09047669938183794
-0.00083607754208617
0.08190125758013857
0.11485644251283282
-0.06431389891536227
0.01224174021503515
0.05365625345610939
0.17615481543598960
-0.09484449387441789
-0.02724090418571470
-0.02061008875930442
0.01307059050648165
0.03458333922580824
-0.00836639197480319
-0.01564315406486229
0.02858947264820491
0.13842491377058844
0.02804378145863129
0.04228675652070269
-0.01915915753825182
-0.12055466483711874
0.00579458969786038
0.00982833045451318
0.09655194795882442
-0.12775096609372683
0.04204593864712394
0.05819902600713833
0.00908048327965684
-0.08532619052677469
-0.00407863177501877
-0.03418331463250675
0.00647499265215163
0.11036475373631503
0.01144292567675920
0.05850853490319418
-0.00126161511217292
-0.05245100582778246
0.06521145592621436
0.02424258330579425
0.04533214228244059
0.09073335256498420
0.07851613558778946
-0.04662037202843280
-0.05200227324068100
-0.00849011813092532
-0.00367419627834172
0.10120732417606822
-0.05594916011753910
0.08842133186445816
0.02589345789708531
-0.05539164545417462
0.10435128256609016
-0.06322628574839810
0.01198579046298445
0.03327661551125395
0.16181429424448157
0.04199917430358908
0.00979382659273568
-0.03605327953894288
0.07801981549268580
0.11092379331129228
0.00163569219808218
0.04897257789840678
0.09150016714404126
-0.08833256174124887
-0.12600180113843279
0.01792612504461573
-0.01740601476954905
-0.08125630913117655
-0.06361218455984752
0.04835044874047301
0.00368208834843936
0.01118861505727084
0.03047896391366322
-0.06807098152652788
-0.00722225629354309
0.01358783578608434
-0.04329955050485240
0.07512822335159884
0.10771738154395054
-0.02105323179287630
0.00468379183672621
0.01267378968660726
-0.01837332937779831
-0.09839545281131894
0.10313561239448125
-0.05071630791465198
-0.05361661114798071
-0.01190860664246939
-0.01187413878579171
0.00023094256886211
-0.02644768926778366
-0.06942864494236313
0.02714444960482251
0.02605213381936283
0.00754782905187879
-0.04979133643579169
0.07097514970010214
-0.03188042353838068
-0.02760074336194202
0.03355345194186696
0.01318488357786821
0.10779874883922891
-0.02953377415633175
-0.00667786996134449
-0.05272885606368365
-0.04110004034836052
-0.09105038471998847
0.08468298732987692
-0.03072899352874718
-0.09370184229493196
0.01796277049883424
-0.09087201639134584
-0.05246467459748640
-0.07787833246381096
-0.07216531104715364
0.00830581170013265
-0.01033829918432276
-0.01963670147134593
-0.12628100103928758
-0.12601333975595741
-0.08278038849480474
-0.07151839700829435
-0.00507291944023334
-0.05401542947953001
-0.06683406784431946
0.01276325706693029
-0.02745406267127886
0.03460738595491645
-0.05564252707858380
0.03321364712530136
-0.09840945185059692
-0.04605307698020244
-0.00331589542875746
0.03404636736425688
0.04447091356820072
-0.01184679866278621
0.01991477673750715
0.02354253500776717
-0.05476297512316038
0.04033020154576205
-0.00475837063694694
-0.08901319634767463
-0.04820032246163564
0.02109794780077710
-0.11905111061504317
0.02116317590669798
-0.01014044445623125
-0.05699108464413109
-0.00253548240833648
-0.09968241996281534
-0.05839919045859592
-0.09474534943249652
-0.01996953313265032
-0.07832968356712507
0.15445417472802669
0.02805437859061942
-0.01975557904815339
0.06017655633163106
-0.00713078823893632
0.02150362765418784
-0.04202870440969488
0.00257144096258385
0.04344765922495641
0.03730321230904581
0.10209385030695478
0.00761551745138604
0.03524957334772530
-0.16686496224365396
-0.04196204736837206
0.01017421131367559
-0.04898509761637341
0.05762423305566186
0.05833387718277607
0.06073198365080932
0.07432314110660668
0.06090217740129929
-0.13741591828137564
0.04028038341956196
-0.10137323195459735
0.02949549237168188
0.02006983574992562
0.07764256808691068
-0.08687491182447978
0.01888780556949162
-0.07456249193933230
0.06398963245463667
-0.01534751760229099
-0.03847138165646293
0.08878199532942561
0.02843299808701573
0.02261886110082145
-0.01556288063610272
0.09031474157400558
-0.01125932740434656
-0.02353841366735311
-0.03825439541546890
0.01607400732053493
0.02853306780614425
-0.04969002518481656
-0.06868500680581761
0.01661262123184342
0.08085520007647845
0.04040086945373587
0.05978577223680840
-0.03140416607801315
0.02090412743854553
0.10816608914991810
0.06836933880496986
0.00645318514437137
-0.07586472704647527
0.04803644683055847
-0.02773027427643155
0.06911775217191268
-0.02819473483849620
-0.00575199670861582
-0.01826197245340152
-0.04303787828226951
0.02720611273684299
0.00354328943863937
0.08786436081927664
0.02920878472190395
-0.03209412040125029
0.00091507228072621
0.01936950933452196
0.06224718734254490
0.03004483259993954
-0.05042165024469056
0.06179071099477124
0.04644312600279945
-0.08589260683311155
-0.02172089398437149
-0.02488815139835619
-0.00339587772698996
0.02697534765106127
-0.02659951258106429
-0.10192416845214830
-0.00186961564490189
0.00584681843480128
-0.03718777246219264
0.01642432064543960
-0.02133418528246650
0.05938373245214203
-0.00644939747020949
-0.06675305099737752
-0.04740951018836691
0.10106297226149880
0.02777363288594613
-0.02633997457582944
-0.10222484810605430
0.00169902255705404
0.01873189564628663
0.07233396142781220
0.11848828831620191
0.05745028124472712
-0.00073198483479290
0.12278685038432650
-0.03547700318673426
0.01605127156259623
0.02585607773489638
-0.01127509042572718
0.03674336230448567
-0.10378697918298796
-0.03616070371885941
-0.04877538041923449
0.03346414260188667
0.02512124868155939
0.06384683880274315
0.05748378221717625
0.01623595436855704
0.03000815105644185
0.02490779978307155
0.02440894396178156
0.09546952820105990
-0.00033697797223861
0.07900291678785150
-0.00479684113275802
-0.09040885534595643
-0.08920570338823224
0.05977833381831880
-0.00385402591936318
0.08929594765900110
-0.05203063648542845
0.02663061423742456
0.05148232691309926
-0.03935793641845457
0.11583526901596065
-0.08605799776347982
-0.02143906335689844
-0.01243546635597706
0.16665089642123054
-0.06443506671713624
0.07037662087129827
0.03285472968703113
-0.06191622433245996
-0.03508913489372194
0.09854058145157039
0.13898117309460187
-0.05466820187421605
-0.02570694043973989
-0.03640504372412244
0.02413686548734255
0.03453553689812286
0.10468990852090354
-0.05619657752297884
0.00713499365717682
0.12616031968532873
0.03785897585332169
0.05341384707211402
-0.01256928922248892
-0.08378710211796508
-0.06185857120881130
0.04409962540456783
0.07548545969706037
-0.00870979863781704
0.06643488474787251
0.03097448762077496
-0.04001167900304125
0.01219322488618499
0.02335078814126031
0.06608478815717533
0.03282147783102720
0.03355985994343712
-0.01052972862166269
-0.00376110859710347
0.05396024198578052
0.12826345173057371
0.02844378603037579
-0.04707768536166591
0.08002485317620243
0.04872906033561189
0.02541343590386231
-0.00972653476783295
0.08979854440024966
-0.01170170153193111
-0.16217926224198653
-0.00224965439861423
0.02613000298510690
0.09689026353069440
0.11129764910653497
-0.04394552146514353
-0.06833839220450917
0.05966250067525246
-0.00289008650479329
0.13310196925246939
0.02204620621340936
0.03532895922234812
0.08130430272105249
0.07940138468630638
0.01458368505933690
-0.00563199035922409
-0.00028438887969454
0.08508035097629042
-0.04647619033861843
0.03574998407361411
-0.03505352102963571
0.03612052407725196
0.09051963782319951
-0.05542132484580300
-0.18021110920894368
0.00488096854488003
0.01348675472095447
0.02571189445942892
-0.02574002383556875
0.03452543554834903
-0.03914921555600404
-0.03860131875947476
-0.01383936536162597
-0.08799088004745272
0.02901804419212887
0.08035236100219771
-0.00753465925709518
0.01998466127791348
0.02660275842840852
0.05589146363264567
-0.04045085975949463
0.11092300957167156
-0.05520747463715584
0.01748875070998516
0.08847980974415666
-0.01398130090881942
-0.00464365984813696
-0.08569790437038657
0.15166065359853823
-0.00763174257066491
0.00658352459403410
0.02512736710210582
0.09466227604614716
0.04706659781634327
-0.05987754160737607
-0.10629870790530364
0.03729598844343211
0.01220057510603261
-0.00787958824874162
-0.07663159845937051
0.06927776440408413
-0.01503301605227370
-0.10609391903600443
-0.11843020043748419
0.05744977948910685
0.01977829502082679
-0.00155296629923213
0.07483222576385576
0.03655937629905261
0.00755584767231535
0.13089790310731217
-0.02850276745113161
0.09630809664680239
0.08693108545368050
-0.06374158665555758
0.08008714132704325
-0.00631281090344027
0.02914698200558354
0.09092165052006837
-0.13400684612578065
-0.03824041925709759
-0.03995953914268820
-0.04731192778684446
0.00397799966641412
-0.02113944356880965
0.01026469103345628
-0.03359652659261340
-0.02073548666478548
-0.00888960292872243
-0.14097856151127702
-0.04632463932281839
-0.12127795139195108
0.08656195236445938
0.00030275134200849
-0.01728086119704589
0.02283787895276595
-0.01147226815366677
-0.04054355634678661
-0.02680332284533252
0.00262594008254616
0.02205186864775656
-0.07422544939790031
0.00608101720760950
0.14294908204807255
0.00485366638745100
-0.01180880584670388
0.02347234353330550
-0.07775799049997235
-0.06432721996769911
0.00584827264541706
-0.07043621167180616
0.09473603189745372
-0.04683473515491149
-0.04381091892297604
-0.08240461632544327
0.01763530897626437
0.03437208831174379
-0.00572721561217551
0.00707251235542721
-0.00192242127113291
-0.05694144095837263
0.07893550118985203
0.05950971889268473
0.11423153487854147
-0.00058211110176874
-0.00546046505358722
0.00762358846527405
-0.01751464109662252
-0.06713343006675579
-0.04928113406786672
-0.00229559896434965
0.02024297721757743
0.07054039122496988
-0.01679635515867547
-0.00807360647865365
0.17010604705541535
0.05113978221242421
-0.02719382931161297
-0.09780861374659895
-0.07265116303358728
0.02376367623272517
0.01185916440400770
-0.07664295058977798
-0.03151227121654311
0.00250823667452420
-0.00141081724695235
-0.11643216718637121
-0.07435067942349778
0.05735253324199165
-0.08707365284988586
0.00284388612366928
0.06709563072727175
0.07095626501178290
-0.08633597477011515
0.00910305514502839
-0.03693521805794364
0.00867820399307257
-0.00868941481971919
0.03919752630723460
0.02405333563182606
-0.01167415350831702
0.04638959524305283
-0.06845970634510695
0.11579620850800997
0.03548926614082831
0.02377995995016975
0.00418838167541321
-0.06245788920311859
-0.05737626521911392
-0.06872490382921696
-0.02828897398761304
0.02737453958914970
-0.02400347958693819
0.04699307011786497
0.05096526580194318
-0.02231057898189859
-0.06736993206363182
-0.06196585331409051
0.08354630947549051
-0.05001867227307593
0.05490002052716500
0.06581303353889745
0.01393635866389164
0.04097103572537750
0.03199384442536782
-0.03319002003306386
-0.07634941082118063
-0.06963873839514807
0.03213438319759597
0.14626121054484809
-0.06322788316992897
-0.03953135872061391
0.04837813323305158
-0.10513523535909571
0.06510852850667814
0.01613646324056178
0.03270596180574872
0.03028913402306983
-0.07392127593995780
-0.06431102131833839
0.06127025541625904
-0.07746970458081581
-0.10448270855550243
-0.02325691901711800
-0.05470047809781834
-0.03527081639644333
-0.03421032867974859
-0.15499881775886895
-0.04746007705849380
-0.01522572761788851
0.06472456532544416
-0.05949523334264004
-0.06438085158105050
-0.03533355215839411
-0.10080303430732208
0.00422371999197347
0.05845596973447164
-0.02236898810616863
0.00820879993770274
-0.01794960493529108
-0.05456598823288300
-0.03997247472085390
-0.00210359771010654
0.04565987312763237
-0.07262195517531504
-0.07129199711760342
-0.02422479854801552
0.04865511158943905
-0.00069974832818702
0.04683237361588413
0.01835590374514846
-0.07673823738340299
-0.03477401424798874
0.04538221012805130
-0.12752414302072643
-0.03285683243199847
0.06198992388740381
-0.07702853779704434
0.05990293083520153
-0.02676105229819362
-0.12677109126249483
0.14138739857433077
-0.01702087798265913
0.08580568266695662
-0.02512825701135015
-0.01084146665179812
-0.04361656515607219
-0.01472106666645623
-0.05425433427156293
0.04801601388420302
-0.01237910810315504
-0.16181460747334395
-0.04012591739193656
-0.00942164840060652
0.02150490387037226
0.04143617234320276
0.04294970093564347
-0.02393626746387724
0.11099732043784022
0.03727874767381822
-0.04245256796583134
-0.02102605513444207
0.02645380989444676
0.02364198029903179
-0.01637453155779790
-0.01073640674842871
0.02373884732919155
0.02301033530168552
0.09027810636165799
-0.12664214789124900
0.05825222958528735
0.11959937213078671
-0.00710021530205155
0.06797606142011128
-0.00263242473952637
-0.10874934893173564
-0.02549078971685005
0.03799114548107190
-0.04757121593216770
0.07578660836389450
0.00268395743912229
0.06486587910216805
-0.06418767348625289
-0.07446046415265617
-0.13893463978167422
-0.01748332680177918
-0.04684293312905394
-0.06460370603636179
-0.10577137008505072
-0.00985865179082039
0.10644752073351013
-0.03115227132128170
-0.01366479890583339
0.04894818056666668
0.07096017425929228
-0.06947739543747822
0.03953178487419268
-0.02191579125296625
0.02695741942047171
0.04133514797520742
-0.01693808665307852
0.01290471633187498
-0.02657739595325499
0.00790726055585650
0.04282734754344525
-0.06359794183979828
0.05894156290583281
0.09639968303617348
-0.02612325707450973
-0.01333146977048842
0.05270066448024000
-0.05610208241449582
0.02344968419093416
-0.01981541475425961
0.04450775857188757
-0.01287027211830098
-0.02507147031852894
-0.05542956493986594
0.01377146996968846
0.14296974941684554
0.09555862588850943
-0.00556412776928273
0.03239718680897540
-0.00366662968300258
-0.06721073046223262
-0.03352266078909281
-0.01515935030210353
0.01302627794986856
0.04197648880569377
0.03677582453601674
-0.05720936893197731
-0.07265330969099147
0.07137701003557234
0.00245788727301737
-0.03653818609367086
-0.05373016093685935
0.01308675712319297
-0.03010033647523455
-0.05279374444920861
-0.03830669867817321
-0.01103205422830363
-0.11041505736661433
-0.10180218856730662
-0.10719976529152797
0.02833652692868827
0.01456300773964097
0.00258715199556038
0.08189021317249234
0.05253556654153947
-0.04339421040638088
0.02410149459598853
0.01615668792533208
0.00453192116481204
-0.09192341485882978
-0.00499005007398990
0.08596479153058866
-0.05551883798386258
-0.01449848003232848
0.09455714224917093
0.10484119184793668
-0.09042243420616247
0.02437702863475883
0.01398138398292097
-0.09356700995817452
0.03004288988443229
-0.10667539671355240
0.05162115438939183
0.07776337428993772
0.02781548502873757
0.03520100524273227
-0.02329214131959471
-0.01058190693406451
-0.10074326242896636
0.02232672580715616
-0.14004905315946681
-0.01969964919995011
0.04056102636533649
-0.03870467767434162
-0.01202734258851135
-0.00537680069025524
-0.05201525778677157
0.06562591302302657
-0.06592914750106479
0.08443796567656618
-0.07831860711608409
-0.08600034536182351
0.07781076287134694
0.02336192748589926
0.04825980151228770
0.13049395610297065
0.07382069456812637
0.06988946517544500
0.02515547360284929
0.00896316434988690
0.01518203731574619
0.01896162711688565
-0.13879362525043146
-0.13167804571764793
-0.02941402874972303
-0.03439819720367924
-0.00910919117503482
-0.01009703286839672
0.09578591593541873
-0.06098537398456776
-0.03248873014106768
-0.06627452499232976
-0.05912772089168648
0.01838312176679981
-0.17314525701867600
-0.03034779202557516
-0.12773553907259491
-0.01320979319592866
0.02160181681220713
0.03091058842413294
0.06796140076640571
0.03898888070962005
-0.01333055348838914
0.02286327330647476
0.05188460893147982
-0.04194845371953071
-0.09814437985364585
0.03021115636057991
0.08134759135661027
0.06566502638996080
0.00304753959232874
0.03678717443564625
0.02635068559483918
-0.03213737339793228
-0.00219737902378455
-0.04011955557800898
-0.08783115172745776
0.13131916516751246
0.07951630630902186
-0.01330072023102984
-0.03451311257536135
0.03219303955291664
0.06867005227848046
0.01353730329993245
-0.03964119820728220
-0.06157335970342006
-0.08648085536976220
-0.06878108403527690
-0.01721616689746603
-0.00202675889325847
0.03463933049574191
0.06049840310064138
0.05820470317299594
-0.01659669801961029
0.10580496313576093
0.07219488502443128
0.05663686648787598
0.09763658758666144
-0.05318581875682171
-0.03128010021364418
-0.02732701675781802
0.09318505662347229
0.06149631072117401
-0.02884485743420853
0.01164144458882738
-0.06057068177496084
-0.06957806853397681
0.00944478073602902
-0.02643857288514907
0.12374099703234329
0.02787986241175914
-0.13348055408223264
-0.00862294425139475
0.07676026014923897
-0.02269492550510495
-0.13811137010697982
-0.04389954558829634
0.01416510297868955
0.04533585786066149
-0.02796613719943447
0.07117844592600928
0.04424459412539430
0.03347337333264872
0.03562415430048010
0.08928807017773782
-0.09015271863590429
0.02255296414021236
0.05943196610559270
-0.02033809583958602
-0.01167856050205019
-0.07598088716882974
-0.04291260360610540
0.04296435190312582
0.11733368121303475
-0.01383901805619134
0.02276964944102483
0.01074135182374377
-0.01399656699868975
0.00816347595736207
-0.06772572457870665
-0.00164696855973964
-0.03463066593299437
-0.01983923609777759
0.02973092285960600
-0.09896749918166073
-0.07552847086241796
0.04995976332224968
0.00106795996408050
-0.04063066644943965
-0.00817840818765130
-0.09990480117792187
0.01656278221088909
-0.02183940764164601
-0.04627829092709792
-0.05961366594307990
-0.01351194413853717
-0.05290458339843696
-0.11554801487345870
-0.02457982458424702
0.11182396460946116
0.00233076082051554
-0.03202823341267393
-0.01419233088395729
0.09485875614461520
0.01126945624241348
0.12021732315380344
0.08518830105428385
-0.02265517718708038
0.06061326028531277
-0.09058360166524627
-0.03020643870409444
0.02932395942895688
-0.07377467155175499
0.03428526416962677
-0.01671481752881041
-0.04621931008029535
0.07644544200182173
-0.01360756985558295
-0.07894582541390349
-0.08029035244685227
-0.01031215412230221
0.00742071304439228
0.07359704358496173
0.09179456898182996
0.10217459628981544
-0.01736764891065212
0.00475348151303007
-0.08716050776341805
-0.05527992418681273
-0.04054981017291919
-0.04327004546005183
0.08675746273096366
0.03882758733734874
0.02406276636580915
-0.04438410968764982
0.00380288809959820
0.01155852918304343
0.10211070239016920
0.09831675945943942
-0.01631580980652484
-0.02917916551759403
0.02330933301903821
-0.01545406091159724
-0.00276338595444494
0.07631050437031531
0.11218770765997824
0.06406423050461016
-0.10218250127819209
0.05008081632756270
0.07155168146324418
0.02838361503150588
-0.04480669776265547
0.02271857145235469
-0.04408816596163809
-0.04857619299127258
-0.01564605395247185
0.01940682652233358
-0.01114078846538178
0.00816285004335264
0.10354035913996348
-0.06783762298003274
0.01583250410024480
-0.05307131005207345
-0.02489925957369974
0.07440565504968974
0.11009316730931758
0.00591995479091308
0.00796131603640348
-0.03447556025900148
0.01449954658948300
-0.06061779811551231
-0.05561046541188198
-0.06266152564090210
-0.12291544998509581
0.03124965960072182
-0.00383615779040359
-0.00684054123411155
-0.00625606591708872
-0.08215752274696161
0.08889514693734422
-0.09850655723517100
-0.03268150784987672
-0.03488257654191194
0.02893397369137122
0.05998734415729245
0.06032422235296043
-0.05398372765369323
0.04741557568122119
-0.05331131962573092
-0.03478582895100584
-0.09295936310492878
-0.05348968946817317
-0.09676955716738105
0.08467000586940186
-0.00796268944791145
-0.07194471603515569
-0.03910320530103165
-0.09112511599915532
0.06498171808862072
-0.02435639310476465
0.00037038657714911
0.08869830762130643
-0.03231510711896925
0.05781633878467551
-0.00933599390823013
-0.03732746573304234
0.02665427295796049
0.01348886959304824
-0.08467369338280244
0.12666787780258104
0.10779272317122156
-0.02902142737668776
0.09829095625579125
-0.02082882340356723
-0.01890361244896062
-0.06522336024519312
-0.03593358712794389
-0.08294876942311134
0.00476822976762835
0.03820588510298365
0.00150607075830660
0.01235663221016537
-0.07757377389821822
-0.16188427975090303
0.02414433617363756
0.03026070273161390
0.01282875605918709
0.08402037558899471
-0.04134816177043889
-0.11052637256093611
0.01839764496343942
0.01825626224401805
0.01074744125688950
-0.01616125495734635
0.00831234159102944
-0.01584070158237883
0.03699600041213934
0.08588421225188153
-0.03068759635472169
0.02399562852591211
-0.02048495839186095
-0.10346540182281215
0.08748148902550652
-0.02599752155210058
0.02872216752644595
0.10536001556751690
-0.00786360353793079
0.01440580028008392
0.09719085830534729
-0.02851909574302436
0.14339384177670164
-0.05735776010755088
0.04675695158840380
-0.04144296161070837
-0.01870085365459289
-0.04613945546693492
0.10362540975901453
0.04195059389174165
-0.00165394498032894
-0.00763975102288883
0.03851806192148340
0.07874867525617456
0.00132224597841775
-0.05761445855888994
0.03823327659101580
0.05988193850506356
0.06046063018578659
-0.07411839263305488
-0.01272033682762938
0.00557272458248289
0.03548566503865163
-0.03129899511498385
-0.02380744130990375
0.03044625612841662
0.06032666376037912
0.09236977360237424
0.06461194916548360
-0.10828186728541525
0.07629347206153304
0.01127945673981723
-0.03431537439301452
0.09945655043107948
-0.03634320262924597
-0.06086867529012534
-0.02158613860562927
-0.03656075155898614
-0.07301195428920004
0.04684396254209419
-0.04707197877589302
0.01557110046899103
-0.11066573209945596
-0.02987894015053355
-0.10960571173058672
0.04230842770085286
0.03988199383145455
-0.04202646292604890
-0.20393074341358580
-0.09951239201956606
-0.07698594504256544
0.06578352474875920
-0.02683073854755678
0.11004586976779229
0.04325581182779080
0.00538521204394945
-0.09880582219738576
0.00421533696270800
-0.06012773576368581
0.08698281525604502
-0.02906834666917410
0.00593119446169448
-0.07355944051952881
0.02804638503540289
0.04454385821212432
-0.00043397537314385
0.05644507523828027
0.01162479232102662
0.07236796714312832
-0.06656190396266069
0.04130542148507420
-0.04287134972369388
-0.04840737931545278
0.06943549082518470
-0.04187444725259918
0.10412648940849381
-0.00519699159584544
-0.06494497792718475
-0.03708678888001274
-0.00146149858921568
-0.07135472504988481
0.00451044309973713
-0.03010931338639649
0.02649057538311420
-0.06009263031700255
0.09261835882596850
-0.00112402295966368
0.03971771870872976
-0.04115332495929810
-0.01206663870367608
0.14556829546182162
-0.07388175089585775
-0.08012559983729214
-0.02293207578607325
-0.06273813973062972
-0.01591572031276307
0.00719090435126581
-0.06818912650662626
-0.10958655785184519
-0.12874769090474122
-0.07841335931918569
-0.05280165599659237
0.00456165571797501
-0.08150295986396634
0.03228706796740663
0.10505723748386198
-0.02481953919780252
0.03545083791672575
-0.06650055907545500
0.00406449053862428
-0.01496158612759033
0.05602008542859276
-0.11021834183054528
-0.03901170606588047
0.03902876699468398
-0.08344191361902727
-0.09723532653052697
0.06948314475376632
-0.01097522671310506
-0.04570278500204242
-0.01380029226736886
0.11817109667939969
-0.04183545127974279
0.04657399818531145
-0.03932162497996255
-0.06231277803000057
0.02164891152250908
-0.05752538651367081
0.02194582387166566
-0.05973751756694438
0.00553631185358324
-0.12357379706797977
0.08856168119647126
-0.08407871976706525
-0.05224962264529844
0.06146729707639750
0.11408817076321978
-0.04684578992400777
-0.01718286975755759
-0.02829636917422060
-0.05023506299112207
-0.01874597456168021
0.09468298184791289
0.03853606287850677
0.00780934721929234
0.06744572254681055
0.04745364687375001
-0.05770696430631192
0.00902087615913972
0.05701871410383358
0.08103063658924989
-0.08049556992769984
-0.00788123469959307
-0.11846742844836097
-0.06992441441095303
-0.07748004918117569
0.04132287069684863
-0.13529385308432224
0.09549930605048849
0.02607745544583261
0.02383288698649818
-0.04879599908013629
0.00719862293285926
0.00670461534922506
-0.04098192995312454
0.08949062849425962
0.03244233344201515
-0.09761456724968147
0.05046073538042044
-0.00660340710821765
0.08750982031959727
0.05361129594743755
-0.08611043189828477
-0.04308719344366958
-0.03399340807561871
-0.01879842136769960
0.05221060150019910
-0.08530710790068986
0.05190885724980090
-0.02825626960938517
0.04352618665677058
-0.06132322845805428
0.08812232221075460
-0.04170476968939325
-0.00213673008807834
-0.02820739209754089
0.10255151458831976
0.06304433385159500
-0.15524233073959096
-0.08788702362377639
-0.02971802561714526
-0.06572805407591412
0.04395910509091105
-0.01869786641136427
-0.03937901440253384
0.13425717838113291
0.05236786090980360
-0.01527727146637649
0.17050368319134762
-0.00375667397507518
-0.03266861212267299
0.03477546643789748
-0.00935318440102175
-0.02291291786477858
0.01671855646166240
0.02151468212461177
0.04828211674866063
-0.03321057489036890
-0.03046138192946148
-0.02672426029627807
-0.03429659461241653
-0.05853122528764825
-0.19716426536037424
0.07235371745545814
-0.03091351777747370
0.07086386046249016
0.02613562073501241
0.02486690265261985
0.01462034894503884
0.00401801257766906
-0.03551517464438289
-0.04945649639680255
-0.07207864442392191
-0.03513072974809636
-0.02084652993177221
-0.00280495951986465
0.04418467057286914
0.05769394061228723
0.01446171593402242
-0.02234740788039896
-0.00961901358128615
-0.03899696808796031
0.10702495873254791
-0.00655653173741960
0.00996809454082607
-0.02689986012114365
0.02961069105363492
0.03503596978349051
-0.01852241449284463
-0.00864708310100414
-0.07531768199848138
0.00413175709139654
0.04833211022152081
0.01361562250885290
0.05656963088258000
-0.03678415811520686
-0.09750488323779742
0.00325629930408779
-0.04122121969638971
0.05402908929739990
0.02840769674072441
0.00375575171236874
0.09932657172419002
-0.03782444972711482
-0.00720771915639322
0.04987264364646390
-0.08377677476791331
0.00788879222278516
-0.06166626076492512
0.01925152341434867
0.04769274044115425
0.00641717362584656
0.00561182981796006
-0.14236147808033112
-0.04938269793279425
-0.09365508782893116
-0.13207150580254812
0.04687363766501196
0.07180564755382816
-0.05641955608217165
0.06250764769518692
-0.01775005652363823
-0.01717339062536237
-0.02128744252171202
0.04133800173204010
0.11487721573035214
0.06673385151104713
0.11620557123862786
0.02002885624897612
0.03402268302397406
-0.03658622011145633
-0.13679931429424735
0.02280920223494909
0.08009104290606460
-0.02050408189592704
-0.06738654828764264
-0.01968888006952974
-0.00553504832295973
0.07390874562652558
-0.00870167257243885
-0.04844302077912194
-0.05737348848456085
0.03113747227576878
0.09554573224065652
0.03432541012818326
-0.00361718021277263
-0.00135431316035230
0.03040598652164121
0.09214828847350548
-0.00998902948980777
0.00664147301809352
-0.08434059932856953
0.06542877235831646
0.01433374706351439
0.07054658019544587
-0.00288449053198646
-0.06051806244714170
0.00241988972871558
-0.00031592895789385
0.00656947789688535
-0.02509142197900665
-0.09215627756592043
-0.05832576709985783
-0.02694964501931784
0.13459404660516411
0.03286610058998646
-0.06371797791055962
0.01491840054071259
0.13211025020993078
0.05341637488821962
0.01007044507060946
-0.04420416327960103
0.12551410585321551
-0.04251067135912708
0.10103379777591771
-0.04710261582156973
-0.02979107297876587
-0.07676351712017777
-0.04362483218360057
0.02553024961620740
-0.10567794836163634
0.01492752375040087
0.05988888053516758
-0.08946746313174088
-0.06510265753311129
-0.02445911023352939
-0.07079961860156937
0.02487738141271501
-0.00912861480606762
-0.08054554174794362
-0.07934598918780755
0.02407948143940838
-0.04015792530425916
-0.01634070046238781
-0.05395426695371597
0.02118643025017455
-0.02060574309298732
-0.01177522885286779
0.01198219797894127
0.08488168553546123
-0.13744801092651290
0.00915966950753463
0.12412197251648575
-0.08169308896482970
0.10030067407181983
0.01483189755441842
0.00681182750964300
-0.07497082757563499
-0.02185300689512689
0.02601332324659271
-0.06598543133409923
0.04246011130006747
-0.00039952697324789
-0.08401345728525937
-0.01657654490808665
0.10483225279671066
-0.00661292183833380
-0.05830090141707067
-0.15661620233468412
-0.04761810886152004
0.07857534051843822
-0.06201585862329947
-0.15023120607884083
0.01107725020530689
0.01477892406527170
0.10450855659303415
0.05967341627538796
-0.02983348827524354
-0.08620626773289283
-0.00127121508075757
0.06122048498065048
0.08956922877402848
-0.08688964900572801
-0.00531573779647036
-0.01513586337906006
0.08082300546215768
-0.09819296531840009
-0.05683625955136842
0.00471166031809428
0.01261908707033747
0.01683683095855440
-0.00885877342894265
-0.06386986507913278
0.08674290282632709
-0.03033131437565337
0.00395872460174390
0.01702082493138021
0.07020907169382401
0.01091409089257126
0.02431849146185305
0.03825958126696734
-0.05318205566852316
-0.04328181445960300
0.10751288373962753
0.06165973397012035
-0.06128513671585558
0.01189217070460864
-0.09868413084925809
0.01307599969147409
-0.06222193364113071
-0.04236289458964330
0.10734530647927859
-0.00427800206913258
-0.00809568418920783
-0.02922477802857739
0.02474685246502769
-0.01365276419312301
0.09065910718551722
0.03350839314068877
-0.08012081152350391
0.04636740871146666
0.07815453101162771
0.01629227288231452
-0.06413482276672561
-0.01169810776232047
-0.14040483620627353
0.04002763169041786
0.00934061191058318
0.00387985591525774
-0.01337502354644343
0.01311499189220364
-0.08866921420753911
0.02445616596274150
-0.06376472125484949
-0.04492201686736569
0.04856689179222885
-0.06737215231787748
0.06394841388532489
-0.00734812170293698
0.08506304330493519
0.11056088515610316
-0.08153291461357741
0.06262064328158584
-0.15582882236481674
-0.10042337002155363
0.05076642698450517
0.05873317094091651
0.00252034626441982
0.01454827415729310
0.00061397761801364
0.02732559766660875
-0.07369243972238422
0.02175738814960828
-0.01710984097097315
0.08828174661514242
-0.02312192480786996
-0.02058384099330722
-0.06334618732793468
0.09173868764336272
0.03248142699499466
0.07013248962921860
0.08199437495353822
-0.06112245744803442
0.01500803050739289
0.06551788809297615
0.04756380928739595
0.04649358727594303
0.03898566482265062
-0.06971415554093897
0.00382559020894491
-0.00508670363362097
0.02598486027578039
0.03045565116917751
-0.01455207372475513
0.03192712449397526
0.10619939099009418
0.01604548073941445
-0.00208071495554825
0.00968213051422432
0.01711923452642789
-0.06006778417658313
-0.01924732576602315
-0.06302073662033947
0.10795495271369256
-0.06178217628448454
0.00146111336687675
-0.13184128439870166
0.11163442760214819
-0.02662887578853715
-0.00270400937147613
-0.00017753026868044
-0.12673469761606179
0.00051884560551609
0.08581276061245149
0.06262645710448729
-0.13580702251474885
-0.07946350628911335
0.00666184202337613
0.04920553156753778
0.09321820583202545
0.04956130636366329
-0.06311093833270857
-0.09252156017447914
0.07914798125436591
-0.05258836554158676
-0.07578054132347127
0.02944429732725249
0.05447710347193108
-0.01239206049033357
0.00979911852784895
-0.01111143209506682
-0.02614092383287864
-0.03009789033734532
-0.04743596761047154
0.09150263735192250
0.14313399909060304
0.08918584736678888
0.00119466295633079
0.10272461186316004
0.04754894233169728
0.05127678132545501
-0.08438647233489784
0.01340206340626574
0.03731560615969633
0.00487234263443191
-0.15570564207630075
0.01944484787862693
0.07360718332312693
-0.06061268552175014
-0.01894526045512647
0.14443394205356228
-0.09436982176311541
0.08834606159487417
0.01563406455725000
-0.05541099593789124
-0.01853217805968723
-0.02141774887120374
0.09056818100181678
-0.10351966828454472
-0.03115053469024064
0.13270839084963656
-0.01543539183827253
0.00924707651798810
0.03270802348751646
-0.03381656007180391
0.01223093409463296
-0.07809340598067196
0.04051422859082206
0.03571330525446386
-0.06201490173319470
0.14834981003731437
0.03784791258737688
0.10753347399126924
-0.10115126098081018
0.01131108042131146
0.07318339919506585
-0.03414836822126955
-0.03415340452031604
0.07120444912977028
0.01757380147293160
0.02105186915003120
0.06371128782269447
0.05709799714348191
0.00212353208845920
-0.00275079346202016
0.01158164472513124
-0.09728154332469566
0.05362778148808692
0.01136408322869044
-0.05693095481475051
0.06112716016885128
0.00517210342858039
-0.08842126111438053
-0.06584639912368734
-0.11017777525196479
0.06213110103969904
0.00283315661325957
-0.00520767711890242
-0.06051439684654059
-0.01470739550035581
-0.10660700300363893
-0.05841906718206642
-0.03844684231324002
0.07621642538745534
0.09607626444813097
-0.04530407763937678
0.04459587950921778
-0.06333779136912729
0.06766260734999800
-0.00018463866961568
-0.02878243386525847
0.01583354306204559
0.01012081697546125
-0.00067921245734299
0.08815756535153128
-0.01200713640471007
0.05752230790280623
0.08253040415813873
0.07862757428703585
0.04160828849713265
0.13728975899508591
0.00744216699625972
-0.06218733456793839
0.01042703829305053
0.09169478725961241
-0.03198742302741162
-0.07253047602707098
0.05231475462767581
-0.07550225785305810
-0.05011140800371480
0.05363985076182784
0.09043843792831351
0.02662528221520565
0.09239007897073560
0.00876611608754129
-0.00785956643009199
-0.01003316247922114
0.03690250428112992
-0.02382432570915734
0.01474043529568548
-0.00518472174060254
0.03435356388081651
0.01417979708311877
-0.05529903709530554
0.06426721434080777
-0.05203680475034014
-0.05502025241686465
-0.01796123942532574
0.04188649484965044
-0.03814328681138458
-0.08487378612025534
-0.02896194310342359
0.08944797082851649
-0.07096361265143340
-0.08230661732194317
-0.03443243425537378
0.06834151092796045
-0.17731113096085532
-0.00724950516978931
-0.06444444669385917
-0.05881375182123719
-0.15991430595138431
0.00931955378153326
0.01464702414390463
0.01033006718137644
0.00138578287787685
0.00917611175736973
0.05287629222301538
-0.03591080356299137
-0.01581119840073067
-0.00997480486352169
0.14087325294228081
0.00520898429134822
-0.14850694715878279
-0.02501548753410569
-0.10776806727410357
0.00294340467704574
-0.02304984019399231
-0.05162407364647385
0.02086280699381787
-0.03517865340696438
-0.08157981437167683
-0.10542130694637308
0.00537195070065096
0.10845188549315377
-0.01236639140092499
-0.00633343793232252
-0.04854286721707511
-0.08070205824164887
-0.00514280261977257
0.02006224150054173
0.08541737368321632
0.19290478609672151
0.00508905089056669
-0.05746080516391826
-0.01163957855415650
-0.00967581179205298
-0.01256510444615006
0.02574815715808111
-0.03557415065745805
0.04390538862470202
0.00468480018744260
0.07504971097481557
-0.01816697427423573
-0.04705101745190364
-0.11466880759022026
-0.00342842701233764
0.07258594896457596
-0.04773320762571254
-0.04896447856785081
-0.01492128944041139
0.03109774651680653
0.04585483171972900
0.04717754009903388
0.01645442025368598
-0.07424615029030687
-0.09251117226428825
-0.06233313969766952
-0.07877607592871771
0.13211534722259710
-0.01315268469802645
0.09172129319591879
0.00968358286019454
-0.02911581055982573
0.04729883032847873
-0.00228499437963305
0.02735125529014008
0.02882167979987278
0.03478956901144113
0.04189230326420999
0.04556123390775991
-0.03582789125265530
0.00997752758232997
0.00710645707260348
0.02411035167795324
0.07536944691847557
-0.07940707490297333
0.08848143394242634
-0.03214699920393251
-0.01563634418061345
0.05577387609705624
0.08434015871897821
0.01309584438935895
0.09085194295172436
-0.03636707003000102
0.09342159810261137
0.01466881653776080
0.07242427629168975
0.01440471676920980
0.02802314203202742
-0.09323144205027441
-0.05508315817336938
-0.10003188982833190
-0.06554521017618682
-0.05615288622440857
-0.14672248690437859
-0.05783710845658887
0.05205477672827911
-0.01810862468372555
-0.16097389615358140
-0.12259214250058990
-0.03738399101213622
0.05989054670763189
-0.01460570420803665
-0.00473096865216970
-0.10611442121802345
0.01949441636373097
-0.10116339034354728
-0.00549169046688626
-0.03034119037923946
-0.03256458870875503
-0.01699655538504562
0.05189099017147265
0.00935012348172644
0.07535654695991358
-0.10304234547369440
0.04239621631426369
-0.07604717362968950
-0.02785318904308114
0.01450520697544744
-0.12318638092636021
0.03288340924722976
-0.05847985062128566
-0.04974339557663609
0.01954687451249816
0.12834332950438435
-0.06991177824577388
-0.03357374485072828
-0.13476518936565823
-0.07149933647225995
-0.17165357172851275
0.00638661540071934
0.03471955257082460
0.11687235702423331
-0.09533291401098588
-0.09704456537469872
-0.10382498148500259
0.04523986851834540
-0.04553733835904622
-0.03714094029411266
0.04136385938005459
-0.01172930108135417
-0.01170921676422191
-0.02011786713194312
-0.04915780410955613
0.03489534214180532
0.05061323059035923
0.05942329224730135
-0.10255884042980337
-0.01506485646856118
-0.03629099067255754
0.06213897080742709
0.07575994390066898
0.06975375950340855
0.01353378531115065
-0.07014874819885335
0.06958967257830580
0.02637880121973976
0.02230899025060751
0.02580663436179521
0.01405511367112445
-0.05409773873848359
-0.06334596437114796
0.10438679234343436
-0.00180466167008442
-0.05856129566951298
0.01013190800788809
-0.04805224149408405
-0.01418727038525273
-0.00868627609693732
-0.09084004829226053
0.03352516614952702
0.05107987592967306
-0.04011052639448345
0.04065748781302379
0.04093073754375380
-0.05712346116635857
0.01263077665835358
0.01626782263758464
0.10071051550195528
0.00317350996205578
-0.02456824926897737
-0.02066836921317204
-0.01515434681017809
0.09359813410375241
0.04997357176393024
-0.02351053827200275
0.04776733361789882
0.03959729180333781
-0.02381679707434280
0.04837370041684733
0.09863062149337128
0.05087799243646902
-0.02610720915628275
0.03507901756494730
0.01159336647612187
-0.02847450106634433
-0.03478431472414135
0.04239087998482352
0.01607069273544342
-0.18463778227859295
-0.03479232256425102
-0.07366236586733238
0.05342148748401824
0.08446965130046943
-0.12491271490306674
0.01279975243648841
-0.15917594878852781
-0.02555054832435420
0.14830509045429777
0.04740259821815485
-0.04036295930826940
-0.03688321549440384
-0.03504401446570198
-0.14035559861232372
-0.04166813994886848
-0.05121372136907060
0.07319824693106547
-0.04425725612986331
-0.13713525435797524
0.00432519829573943
-0.04542876047112531
0.03909456140497947
-0.01104089896042035
-0.07742024382333419
-0.08667182382234261
0.04311689247820887
-0.02402596893293588
0.01804074300013905
-0.03402350097558453
-0.03280699924261236
-0.04081860916196384
0.03992466860718060
0.06454271724794437
0.02304843912456088
-0.01309773010329304
-0.06390277932974228
0.01982452700668467
-0.08854742588091793
0.04375669311326242
-0.00299178479538873
0.02653268805492304
-0.09147001987007544
-0.00636385171602769
-0.10939875587501197
0.09267562258307416
0.00261500776621876
-0.11123750439193064
-0.02402532096567537
-0.01680164216910177
0.04591795684300355
0.07110308108834126
0.04134945276788433
-0.02429245090316231
0.00607406576151741
0.00091261977822065
-0.03916780752510316
-0.03109714356001332
-0.05275432783957513
-0.03907464865954526
-0.13402141156001496
-0.04343482865147303
-0.00702261170574768
-0.05101787435024458
-0.03414806282361824
0.02128369025602796
0.00212543225865580
-0.02663488084975460
-0.01731570107080696
0.08748316550055754
-0.12377932201822961
-0.05960658989499085
0.00184054878683442
-0.00857593565465235
-0.01449020151694513
0.04520249166080158
-0.03438382788575887
-0.07581443287370471
-0.01118999884118047
-0.04765809135193724
-0.02131045069799141
0.00635610839497220
0.14086313392183822
-0.04872546650268331
0.03589808083273500
0.01000704602846355
0.01687722416353614
0.06439280698685866
0.05391492858197801
-0.03373320061928994
0.04288292551335188
0.10713158078875520
-0.03013690887710950
0.06447289365100575
-0.02350127688367564
0.03789044909473739
-0.07101039862610448
0.00886550188275746
-0.01799389459164106
0.05465472763302606
0.10531265199460975
-0.00443937121650988
0.05549421549654987
0.01928398990546994
-0.01593850294890278
0.06633957768576527
-0.03461934804461363
-0.09389614528414196
0.03637669507382379
-0.00414131348723719
-0.16748270290091077
-0.02013607528576682
-0.08105553844356485
-0.04006311114205180
0.01041656709081952
0.07195561502997333
-0.04641330951071864
0.08824452604425416
0.08171415262930534
-0.07995528968718121
-0.00833366285101394
0.04204158279406958
0.00499416014647277
0.04556052075105186
-0.01118541890529062
-0.05725128173737170
0.04101206855192488
0.04150863341697520
-0.08335654534706381
0.00142771790101021
-0.08986963279464599
-0.04220535491245501
0.00836555088564914
-0.04064761091672931
0.03891655693048469
-0.01932889523688376
0.05690864586744791
-0.03018860871189270
0.00836281839553164
0.05181078179064418
-0.06935563275996488
0.05638535058842989
0.01327126906291643
0.10280801819783417
0.00397771039611619
-0.03588773158652168
0.01518497585944411
-0.04253075387426253
0.05121439074963047
-0.04844200601091627
-0.00627714751138073
0.02974576907048362
0.14498789689055594
0.03021841293216633
0.01336338621276823
-0.06221468768091191
-0.01669713028531517
0.03262981650993542
-0.02347390681238582
0.02669550482922252
-0.00749195513264856
0.02553792687955724
0.04066840325796104
0.00539411196593207
-0.04494151531446608
-0.01341000882197500
-0.00836391589393005
0.00390377182097459
0.00655898548653165
-0.04306591840676542
0.08005313404415969
0.08214377518858705
-0.04795609401785818
-0.02661611116415517
-0.08185135996197790
0.09394212335665916
-0.02059599961946003
-0.02191991357695034
-0.01873435516325908
0.02551756144049416
-0.07948981240790687
0.01274632761604080
0.03184387437030852
-0.05242466780834140
-0.07409383009734574
-0.03359005785797992
0.02721339692903450
0.06334321600236981
0.07395648980908638
-0.05805993117347006
0.11322474311094316
0.01576016094211557
0.04590179842760828
0.07958827852048812
-0.07543353414358753
0.04923515697590541
0.03012822276284537
0.09323699871208119
0.01452615893544306
-0.01487021253882365
0.01728596094213463
0.13747164948028662
0.04102232054325076
0.03663591049017634
0.04651547401813746
-0.02336349449082982
0.03429925254888247
0.06859318542010980
-0.01905947280756274
-0.05565712221550123
-0.04018608122065594
-0.00396948647650552
0.01462915792215562
0.01022112033514693
-0.01370707000527551
-0.11202135445127795
-0.08395477802020883
-0.00524208838729311
0.03803374280213952
0.00921525839384007
0.01592310613708120
-0.04929039397650443
-0.12916918010679371
-0.04530059934257879
0.01966153463697769
-0.10939292437121596
0.04428776154870563
0.10582924383628654
0.05736005369266275
0.10415045624318246
-0.05899637695745225
-0.05113519915318181
-0.01623002531521111
0.04834475023032798
0.00915926248713198
-0.13845694225653299
-0.02829808292378431
-0.03756368503574888
-0.05526412790175114
0.10800817460569227
0.06985445666694651
0.01963360551325504
-0.03854486029131314
-0.01464133070182344
-0.06050888276719149
-0.03335994407729709
-0.02405337280458937
-0.03025307524999780
0.03145785931887780
0.02143875188838049
-0.01575986737992535
-0.01451973576870133
0.02771364596110349
-0.12160175728179495
-0.07125925987314230
-0.06046080948672445
-0.03838454104266369
-0.01202231296559157
-0.02288535772447870
0.05167330409372384
0.00317596020584418
-0.09829312417032102
0.09034105876042600
-0.06545274040359986
-0.08251621627646810
-0.07740168212276337
-0.00531217669394749
0.02570287060928393
-0.04452478916916648
-0.03713251940537669
-0.05213805514150354
-0.05489995802632686
0.07144732683971229
0.07244311569888791
-0.04416101216964347
-0.01387242782844155
-0.09041485742220903
0.02088974316560590
-0.10402820440557362
-0.02058832999920803
0.09370439975855219
0.00572832528966332
0.04890569991871115
-0.06897156650129597
-0.00104486063526879
0.10481458957799630
0.00693736500750315
0.00833150183284359
-0.00576077817893728
0.01183678808569136
-0.00647558896961000
0.13385825703977697
0.04769310283188821
-0.02345297765594229
-0.03105567807323379
0.04992482905324113
0.03942326684951686
-0.12316068154788672
0.00934817855088314
0.16415364642997068
-0.12368174965475572
-0.04972306408605783
0.03726757115895454
-0.11688511722467330
-0.10260603767279496
-0.04131487205492079
0.08889568525333921
0.08281119943492124
0.02254444600624356
0.00673136973353474
-0.08235493118416962
-0.06818991599209454
-0.04467231206839069
-0.01644599193487568
0.05193578562360014
-0.01554940418547530
0.02687586217616318
0.01308991835946874
-0.03687769695100675
-0.01616300295446550
0.03436648230068531
-0.00803147075035057
0.02915097870354483
-0.02142812539709061
0.00119964211343783
0.07795209679341468
0.04003640510960912
0.07356257338303353
-0.02161316797467619
-0.01973424934052179
-0.07638160806739032
-0.07337369363762303
0.02523969409804425
0.10822730511540778
-0.00329858775789774
0.06093103296467383
-0.06367832999529141
0.02452940204536841
-0.09383162226130243
0.00856368208812836
0.00680823696214536
0.00857931802353843
0.03388810644527201
-0.09190610605181221
-0.10234931779492031
0.00774082621291365
-0.02960924348026633
-0.04314171359061592
0.06680370557567801
-0.07911803295008789
0.00727588397662813
-0.03441484422071300
-0.01549157676603958
-0.03722836324964288
-0.08348710017888482
-0.08713811386494935
0.00135007975761933
0.05624708928753517
0.07364154053744572
0.03998315136862450
-0.04903345087682851
-0.07765789872488160
0.01291264380944812
-0.07569412820688388
0.04175409776767176
0.03707223488041659
0.02103425422284399
-0.00854580753537182
-0.02708744106914837
0.04095236564793971
0.05401267731932844
-0.00578170794645464
-0.02881341057091680
-0.15573818100336009
-0.01202377784621247
0.06197034701358222
0.02563501163913268
0.06095400689712965
0.05576773624458424
-0.04237662029677294
0.04352576504051052
0.06178142612878079
-0.05372892583702482
0.00704708486852632
-0.03249791861636570
-0.05037759425123698
0.01775373735511686
0.06865891804451499
0.06537525928405642
-0.05410235008507482
0.01295694060338267
-0.04845560384569540
-0.03957849811370912
0.08246374922583159
0.03794386622700409
-0.00322894924995273
0.00724089131995008
-0.04866361335919529
0.03226101663888272
0.07766614464865453
-0.14718806968954085
0.03682123681123763
-0.09953261162714398
0.11271853760112314
0.07781640863893653
-0.00523251940919576
-0.04156627185805235
-0.01034303933096572
0.03718424226244483
0.10668989765337956
-0.01227021038984756
-0.03693401088549920
-0.12132210762919393
0.02675548905377240
-0.03584279613732148
-0.05748291675097796
-0.00412483220716733
0.02757601468042317
-0.00929883486884879
0.14224329721927670
-0.03568954023466069
-0.02838634020581922
0.05189333710027720
0.05686879931404169
-0.01263140386474336
0.05594761608589298
0.03298645207993808
0.08626234899921489
-0.04013753523149945
0.00481198305451023
0.01178251335862299
0.18028438217460171
0.04748321180243426
0.01980851510600602
0.04619020872591881
0.10761794370490681
-0.20020821541158126
0.06281773881407662
-0.06622647210628886
0.10111910069480536
-0.05741753007261744
0.05307132467672029
0.04485196096772980
-0.01709916577986103
-0.06713267331659685
-0.02077405709027688
-0.01923321419325406
0.08440009925765939
0.04793935264510267
-0.04203635258198352
-0.05246372346900831
-0.03308086939660920
-0.08577678566630111
0.04330163885387318
0.01770200030624538
0.01313557291220666
-0.05622740133492029
0.07314135168749057
0.05350821900923963
0.11066527131523234
0.12371369774618093
-0.05098273710126378
0.09151804862185450
-0.12071273677854161
0.04967537283381595
-0.09074589279335443
-0.12538361481071844
0.05555112466358590
0.08727306752039571
-0.00655192788151537
0.01604024048195854
-0.00289398455452713
-0.05490734802930487
0.03620937621273970
-0.07333603931107294
0.02478455825442127
0.05081675941857548
0.07881503227282721
0.00639965054690126
-0.04895374277923363
-0.00674932633849197
-0.12254880096371838
-0.10387127157720440
0.03242454691546749
0.01885058542790901
-0.01549648484403660
-0.07454804280409399
-0.02456936400786058
-0.12563417511255368
0.04559714426318221
0.03011719914407546
-0.14998691777397466
-0.01451173131956864
-0.06896065845905182
0.01431591132829611
-0.04431441865911993
-0.04480292130244259
0.12209328163959639
0.04046294421757726
0.03695067857893982
-0.03375252088659298
-0.04590277810867857
0.08137046455087761
-0.13173446484166210
0.02538350152731503
-0.01841081247714171
-0.03275023918290781
0.07388045547005351
-0.04440792427295333
0.09975265720928279
-0.13225583655594284
-0.01259221786597801
0.13400628371051182
0.06750602698757788
-0.00962259620675233
-0.06752977991798877
-0.02392349687656964
-0.02598188817616673
0.01622419159223282
-0.08445118792741332
0.05909995432996950
-0.06425527906216733
-0.04768818184823789
0.00822344850640471
0.02805430183596744
0.03146514588311882
0.07509643455435372
-0.05148660789782609
-0.01015289025174227
-0.00303025728217110
-0.01720387309775895
-0.01991567304712586
-0.08030754850940261
0.00909062137212013
0.11553749146731279
0.04146816537458049
0.07213784808554716
-0.00251026881862004
0.07199745605690686
0.08857166364067258
0.03322635676452587
-0.04123234892878212
-0.04277270316706473
0.05847593263630831
0.16555983631300664
-0.00134036043252108
0.07553497303336887
0.01560863884870144
-0.06519664701276404
-0.00841763916854246
-0.04090739492938948
-0.05586857376050228
-0.00548374790448426
-0.13734110411926168
-0.03857588362375997
0.06822930256700421
0.08956001376029230
0.08198143108614346
-0.06210537148242125
-0.01322702495924387
-0.10751483302338564
-0.06419387691483364
0.00985167690670998
0.01497987152053799
-0.07905856691262593
-0.01987923948768884
-0.00251983742414413
0.00239979176706046
0.04460140381682246
0.07838297716635642
0.02581361930246180
-0.01118477375333293
0.02853181937651615
-0.11342234497394590
0.01602448153517251
0.02501939770351536
0.00496909191457571
0.00360770147059397
-0.02438685013496654
0.06242184090938570
-0.05742054623333252
0.06607200952031532
0.01245128910530060
-0.00221032419671375
0.00125146486812012
0.12171700305756394
0.09416589032815836
0.10374040905586526
-0.11060826123834142
-0.05837605604355513
-0.08763435537122198
-0.03722972494465152
-0.00837532155256859
-0.03967183700168173
0.01249956412134615
0.00187423075403970
0.06194076581183745
-0.07201935214539357
0.01483856586516014
-0.12338208710893774
0.06590352711659514
-0.02675983338233688
-0.11442307066590024
-0.02343869663826093
0.02744088310478011
0.03082741755445589
0.04008343980636749
0.00964011271986853
0.02112376439659532
-0.02921665892117209
0.03667127621372914
-0.03576271345232081
0.04391773098704881
-0.02202359377249627
-0.15640627188172448
-0.04266787137232462
-0.00829322582810482
-0.01766169332053068
0.06682210937821748
0.08090686663890811
-0.05211026559788398
-0.01692829950128506
0.02670684639598993
0.01569356489297124
0.02716515545185565
-0.03482829311031365
-0.12180236762811993
-0.14787465756185203
-0.10085108945719742
-0.10029486513123599
0.07451252822880448
0.03942695259763418
0.00311085710157318
-0.03595721192927921
0.03203825662647430
-0.04712259456900065
-0.04842828181707783
0.06005405950373380
0.07101447009119173
-0.06256479463112213
0.08307163220942022
0.04101394420995027
0.00394572404747923
-0.08276946764248699
0.02623242377821941
-0.01627361460850975
-0.04161558029077814
-0.07394271221157464
0.09687644060462149
-0.04388841545095627
-0.00727781737253885
-0.03325223608386520
0.00562417738731543
0.08883363716283212
-0.01720001799868496
0.08253545861528344
0.02151720519814974
0.14678598096198200
0.03485829539938849
-0.03423747539735901
-0.00144101334569339
0.02874769483443124
-0.03251326908414813
-0.04413339009668397
0.02127969673851257
0.05735707977377606
0.01014866016838624
-0.08573651482610695
0.09083902851673616
0.07985128082331652
0.00473286215619686
-0.07819643950771508
0.02870250338156435
0.11393867780204896
-0.03075872392125879
-0.08356331047281465
-0.02408797774959604
-0.07907225487826475
-0.04111136847390184
0.07057989584612459
-0.03481381676065573
-0.01742439294744649
-0.03319818195566088
-0.04118060313155164
0.06490350163976528
0.00478017551919073
-0.09957656116683809
-0.04337523320715137
0.05932150305486555
-0.03355419237333425
-0.02794801114825640
0.05850210279688348
-0.04114987551283645
0.15685014146361420
-0.03780210829853454
0.04251045943413429
-0.02804879332434298
0.02105366369583136
-0.04221730108460955
-0.06256867673218525
-0.05783758217093801
-0.00951764879260386
0.15371728278627780
0.00381798919861572
0.07462632977050224
-0.07120723922780582
-0.00292091227276680
0.04680611822934578
-0.01644356415443025
0.01326459725241978
-0.10175575224783504
-0.05640003373213862
0.07849922930984413
-0.01559369576447907
-0.00665102034293478
-0.14602673305704517
-0.09025248803920209
0.04859739073091687
0.04308041582414798
-0.00646172011143954
-0.01927159728157308
-0.10624260696255829
-0.02549124207903055
0.05284133809171405
-0.03871240439274269
-0.01563087732651721
-0.02650825196363864
0.00959195368178828
-0.06642001542585454
-0.11890321660986387
-0.01937568898774978
0.00724600268741870
-0.02826481542982329
-0.07226231192130471
-0.13211558618703861
0.07814912158811893
0.02999894838735120
0.01212208416978104
0.09744034474803571
0.05062461139216864
0.04153787753146989
0.03991030512156210
0.00081122426962277
-0.01929813516554782
-0.06715012815970237
0.01691030492935846
-0.06669416962137156
-0.17879046462980033
0.02129590915780807
0.03022432342741475
-0.03242831549559873
-0.02946396950875885
-0.04127235053098547
-0.02780373890862151
0.01219168309284626
0.05073958221230228
0.11410575114920622
0.08816478143973090
0.10390029384016125
-0.05184431567279137
-0.03193960184429784
0.02576300425211718
-0.11288537584621938
-0.01589847432317617
-0.11658759985367118
-0.03389444753222574
-0.04799296785639557
0.05332857331766108
0.17921622834499740
0.00908551588303422
-0.00163697619859637
-0.17809088649112906
-0.01788011933618240
-0.04973884601561904
-0.14975854813903602
-0.08896563923814080
-0.02774820301782195
0.08116093131098982
0.06805153715347557
-0.06412409981560235
-0.02736793573488218
-0.05144875092965102
-0.02199164355326928
0.01750708060824914
0.03338019828648205
-0.05380504084007295
-0.02728846488578425
0.08728442026103699
-0.04202838037725134
-0.02609481236924947
0.08288158697121208
-0.00952374920123837
0.05661619097847941
0.08028646447211120
-0.10998266560694847
-0.00416584961491300
-0.06023002819253027
-0.00279906992666960
0.07396918235153416
0.11018455437139141
-0.02064922035884882
-0.14903069639245095
0.07269459044108048
-0.06071109460671510
-0.09115124156740029
-0.04517712706691324
-0.07458296485334652
-0.03627407350017615
-0.02346763657305708
-0.04310551504484654
0.02803598580527166
-0.09149205927667760
0.03807971221961572
-0.04008322863295483
-0.05795608422630008
0.04440751890330234
0.04116767860460289
0.02770396076237705
-0.06509284191697977
-0.04706333664967687
-0.06943366711027656
0.01877440525503262
0.11035422015236815
-0.10652583168398476
0.00561023615586028
0.00709685987583118
-0.04103397064639820
0.09701862665830291
0.01907315080436868
0.10231849969311864
0.11379525435651894
0.03566583223240458
0.00436583712833246
-0.08720611654945375
0.13129370480124977
0.02833703636180422
-0.05616549871935414
-0.08031297539311248
0.06424794017149273
-0.00514402760504047
0.00447208753327217
-0.06751048551330280
0.00502938483851306
0.06575552124198197
0.07916647604082873
0.02686237080931338
-0.08479232876348537
0.06103581656467742
-0.03189051379355328
0.00433281513125164
-0.12519728125293031
0.00138114475180688
-0.07665506959578028
-0.01583056617060330
-0.06718610884047964
0.10796359267349238
-0.00244622563215397
0.03499637404261707
0.07040702772964985
0.04013786196083949
-0.02137323973186862
-0.05006261016950837
-0.01807139546553567
0.01345948662086212
-0.00534976046421368
-0.01841357010272038
-0.05761959716340022
-0.03195828312864879
0.13479867647904015
-0.06159678798226612
-0.05399245662966314
0.11304823698516954
-0.00500451698409886
-0.01773234403970457
-0.03066162215977158
0.02390601164622244
-0.08153433641595738
-0.10224004424575066
0.07043825308894866
0.01062191812441817
-0.06277704402543917
-0.01338326695344768
0.00733770960641898
0.09522651122038038
0.06220582637870307
-0.05713044932199812
-0.04863745584052162
-0.01448272867516825
-0.04294341672934271
-0.04639835643981997
-0.00791853394527208
-0.02013820327046691
-0.02668386110405723
-0.06808532219339192
0.06967339111846756
-0.08454827054326862
0.01514243432437833
-0.03161323888263052
0.12777947989999849
0.08064099211721908
-0.03756002607101804
0.02183534305802967
0.10519703469410185
-0.04769334496865599
0.04833636748261135
-0.13080044846787614
-0.08576647263132275
0.07867802582469846
-0.07473175904130393
0.12162255064068336
0.07367299319339457
0.02195112525322768
0.03061287065422972
0.05153242875787303
-0.08736278245881478
-0.07988797557747386
0.06010867215484453
-0.11828721420888057
-0.02379976538788100
-0.01317179959767229
-0.09304812506643104
-0.02189141345747910
0.06483416285007974
0.04878639000597610
0.12917261823232432
0.05006193234075825
0.02108906422747680
0.14326918683297402
0.03795695798379618
-0.04614858287042695
-0.05114610675726896
0.01690087814694946
0.00758579015753826
0.02945019426220571
-0.04441312757872205
0.00774789537910430
0.00552423803862355
-0.06168535305564377
-0.02289821182740135
-0.07129990967129514
-0.04564704921788679
-0.15014159530550769
0.00291498788977256
-0.04432792557788551
-0.11367353822895686
0.01039378625644615
0.09392792074232044
0.04975656374654186
-0.03892477212281472
-0.01856511131662439
0.00470650930359361
-0.03377990481342477
0.02444425293188173
0.07532802125349011
-0.04633362332519193
0.06216581893032223
0.02990384840260766
-0.00068071758247515
-0.01182927183393383
-0.07962555492459487
0.05047898262967658
0.01389301702164443
0.01522507977453643
-0.02814208741774939
-0.02998120148561009
-0.00438146445192495
-0.01932246219943052
0.01315577619392756
-0.05858879255225766
-0.02828792717833356
0.05262480947705871
-0.06204490337900932
-0.04274651862184151
-0.10618131481790474
0.04341093404980104
-0.05120490980443522
0.04975409242059649
0.00325751689493636
-0.09497014842241029
-0.06745503927432635
-0.01336145004728339
-0.01351449672295913
0.00149593894077493
0.04903567376392294
0.02554654979456655
0.03080467857473892
-0.06465303934630066
-0.08087728710027060
0.11686548924226174
0.00186108110188325
0.01519517229216935
-0.21134060736160040
-0.14091296357578953
-0.06598865690381146
0.03370175969333520
0.06903418990847235
0.03904216095661586
0.00469368591164143
0.00895936802900744
-0.08956024040920402
-0.19552400439754894
-0.00755572089670490
-0.08910848394349971
0.11697178938613489
0.09839203336866900
-0.00271281592979912
0.03702633194631975
0.02673346759164532
-0.03490250559856766
-0.14823989398647230
0.06637327868315041
0.05341354182304296
0.11885876928878708
-0.10863808549852716
-0.04501909769081010
0.04023738486807092
0.02380923215751340
-0.08574184628769085
0.03258502693131374
0.03284853415744390
-0.02738269777011276
-0.09623609427642517
-0.04686406115450393
0.05746934414913141
0.01377171532629597
-0.05923437014982757
0.00273814326803302
0.09838013742081142
0.01909918348737141
0.02413456417531142
0.04588282263669358
0.08856308383336270
0.00768070085445357
-0.10912628894593056
-0.10116662646157148
0.01922397710797749
0.06371102732259118
-0.05533844161064500
0.05508980026558462
0.02520638202175510
-0.00204938786064420
-0.13856822980278000
0.07238216046835430
-0.00854559781492962
-0.01008461543409467
0.06255272173690136
0.00631854616522102
-0.05702541042669810
0.02355009435977493
0.00184362191959843
-0.03629008433167433
0.00735951592449640
0.01416511790440822
0.01607815687792780
-0.03766209751054346
0.02848331124425330
-0.08207815250021019
-0.03825610876257401
-0.09560208179480843
0.04249831572030167
0.00280263826493557
0.00259780586807886
-0.00258682013115615
0.02960718295347076
-0.01340675756797233
-0.03970748799561317
0.04945955384103373
0.01462726487260341
0.00383132903086864
-0.05012129330300800
0.01706808268818178
0.01563958329871854
-0.05212504266741385
-0.04932625597770724
-0.06412274382313110
0.02216891899305936
0.05867597162369476
-0.03923914786732555
-0.04441570243770177
-0.01029314497730277
0.06196935432727634
-0.04943151991663022
-0.11262295192305419
0.02986425991708125
-0.04099815947127965
-0.01346336733775159
0.05812027874290260
-0.01175905428680992
0.02872078278635995
-0.07280559678744172
0.04318483664927254
-0.08912678736801395
-0.08843339916334388
-0.09059670967512090
-0.05832189815676296
-0.03840675980347080
-0.04557311795976249
0.07667575082443391
-0.02142627435851452
-0.07708873964944049
-0.13182027376187125
-0.08284509010960814
-0.02822038275727957
-0.05515893301503212
0.01223681697933971
0.08992775578753165
-0.10685285544504000
-0.02696252988357058
0.03837403893254274
-0.05587220428760290
0.01769529448657695
-0.02062580991314559
0.00937887712742979
-0.15092096914513994
-0.01370640893039551
-0.05441605821228464
-0.01582870754933558
0.06351491211943748
0.09458573643613552
0.02347389106202629
-0.04482640803792821
0.00992538211929684
-0.07908861166119990
0.00337686277640848
0.03658807884609831
-0.00015375229194058
0.00008568329716860
0.04844794176217405
-0.01965647329998012
0.07116264763340123
-0.06541847163374867
0.03942168496134660
0.04969241246244645
0.03587172895813694
-0.00625064543386174
-0.00250790349813697
0.01922134951664360
-0.01537627133487883
0.08490231411994255
0.01228310911534733
0.04806236568743918
-0.05927717912607939
-0.04774857213212678
-0.06124035912473935
0.10119384071547338
0.00340349530224244
-0.12165041085271452
-0.01040422496341864
-0.03180970953618338
-0.03421450623620836
0.05713304319231673
-0.08983996995436187
0.05841057183247693
0.00944265492893417
0.09164780527002936
-0.04535662939375669
0.03917372626863849
-0.09702444015085686
-0.15269776165640583
-0.00787958302191013
-0.00654933364422837
-0.02088473260592335
-0.01892598288297062
0.05363240294509676
0.11066259968373721
0.03745685611539311
-0.08466244590399416
0.02981487861048044
0.02096964087590321
0.03173626740626891
0.10467663056624461
0.06452330576518182
0.06769748862113191
-0.04501673378975541
0.05144263515796658
-0.15012746921371806
0.09845945179475574
0.03150283848428060
-0.00545318460015136
-0.08328092124490409
0.06808958683167478
0.05601379775127064
-0.06316587007514289
-0.05036913515871490
-0.04850440813943965
-0.06482282908375220
-0.05486870579944191
-0.03372929381940214
-0.07758851868319128
-0.07702406060085148
0.02653948947741133
0.11487931939009750
0.04440056611654426
-0.04843825741189271
0.02520751290898726
0.00213072058484545
-0.03811884220111566
0.04407424718858238
-0.06642827001901783
0.06817269760116187
-0.01167893887560831
0.07687035312543354
-0.06347788988696988
-0.08528468751788539
0.03061191204509772
-0.01083173694623289
-0.04705848761518396
-0.03002008326493628
0.08346026040431306
-0.02802505178015607
0.02786808239664509
-0.01894010209148548
0.04660559470315983
-0.03561432065649117
0.04443047909923502
-0.05979158381019577
-0.02305859415226226
0.03647767964875571
-0.08247351277802334
-0.08789065607820526
-0.07544003658363201
0.14931028984661124
0.03891689271546662
-0.17060065716533127
0.03684215019432196
-0.17331875243207298
-0.09220190841752308
0.01818373980730490
0.03704661921047651
0.00514650614291202
-0.05308759003190812
0.01647097961926339
-0.04211666871182342
-0.00656039864968513
0.04073549237124938
0.02954263273762202
-0.08860043733668206
0.07077043237312949
-0.05294859985393321
-0.00710347198329262
0.01734498718356316
0.03540984815478854
0.11061794957049520
0.04881998249807840
0.05904975827036708
0.07110116839257991
-0.07604582615813066
-0.04809344161852171
0.07081872330972966
-0.12449413792257388
-0.01955856017985938
-0.03926759003580554
0.10537796211862432
-0.05618348028723344
0.00799984909797998
-0.08969363316710030
-0.04351612655209314
-0.04136037971735382
-0.06533522873872796
0.06367618949359580
0.06995434407415078
-0.08107947488793533
-0.04575101673115325
0.05085329307525765
-0.05557175914205753
-0.03363341459500682
-0.00760226805724930
-0.01787733090474281
0.13330195151391375
-0.00906941957089723
0.05037626689347579
-0.04533820457416617
-0.01691136378289589
0.04784548258366168
0.05573708692436034
0.01102491421455381
-0.00990456681379725
0.03673113684538745
0.01334751260354625
0.06320395239584274
-0.11907549649599730
-0.08490566322122496
0.10932773760490828
0.01790828883473711
0.05441850580454489
0.07108622685817007
0.01469951269742238
0.07220734653984023
0.08159632587939865
0.06611349729753217
-0.00596586550531565
-0.11878903167531302
-0.10118940128297982
-0.02919280416383179
-0.01280483406974608
0.00275100304804009
-0.02732442248769520
0.13709414994933392
-0.09362392089217124
0.17984446603796236
0.05208938550793943
-0.00317452760320241
-0.00772058669919717
0.04421355199348573
-0.06198305843444905
-0.03563794925801640
-0.06753547608502050
0.02212048613526017
-0.02078631734511909
0.01847709645531598
-0.05435717912928337
0.13257291889995959
0.10138277355260637
0.04797464085430794
-0.04826292837117318
-0.01455375994193694
0.03674013954783254
-0.00604684986946098
0.03200175214558616
0.02040814441120661
0.03669421458759551
0.02484675894202780
0.08737152252512577
-0.06753320690228906
0.08837397028121885
-0.06280449124802737
-0.01506640023202351
0.03831373171998218
0.06190830364497207
-0.00107761260807772
0.08406982234868672
0.12002703780423878
-0.06550327921549028
-0.06869844760314256
0.05901188426413937
-0.00871764237073729
0.05395432796930745
0.04705612410321922
-0.06509737804560296
-0.03708168594650530
-0.11542599123557480
-0.06028836594677781
-0.08817007604193515
-0.04137703968358317
0.19036625342869265
0.10451379020734447
-0.02307828891462636
0.15729395098694532
-0.09219205826696487
0.08554830445924154
0.06453420041716756
-0.10443712407531729
0.14648815773762827
0.07926756692289208
0.03626941864046374
-0.00300747397410424
0.02003753102308098
-0.01340185470220909
-0.03217449643764580
-0.12720313407429343
0.03417998755686377
-0.12000502267979717
0.14423354283946996
0.02816789034299794
-0.03377589430660622
-0.00594803563886411
-0.02020019601813560
-0.03605416439757270
0.03163172802108962
0.07385002678920592
0.03062416574871084
0.04559974087935987
-0.04810857939945414
0.06873084918320217
-0.08944271920306943
-0.01203534297285965
0.00085234013022347
0.06354905938404601
0.08201441854040495
0.03801994697441427
0.06046971656081067
-0.05808088890927030
0.14650055166379902
0.00468714395826604
0.04141319463845896
0.00992335749098088
-0.00939046396325544
0.06406464595197707
-0.06528562818427622
0.00082713846275699
-0.00399581384265065
0.04918155525503554
0.11211218857375241
-0.04668530001116109
0.00973606485630530
-0.02143562510610623
-0.01482361329595389
0.08499664299136701
0.01537625722908257
0.06608446576610021
-0.01975507054956733
0.06276202882977008
-0.03132450320635832
0.02796452702034931
-0.08236196474198292
-0.07837929592739604
0.12985502018669712
-0.11362760420982668
-0.03938434619125187
-0.09077647425584169
0.02730791841802802
0.09308563557201217
-0.01044292679699145
-0.08109151213719230
-0.04177183102408688
0.04884424315024102
0.04652513551451537
0.04575671829283136
-0.01931484262175593
-0.01163710204707424
0.01528384855307699
0.05379489377738995
-0.06415509084024604
-0.07344092363178784
-0.03093171113825474
0.10219321501005145
-0.03542799395937729
-0.09949488041270943
-0.05259576693026671
-0.00671810301210121
-0.03593256785559981
-0.04028118088853948
0.00391231957305389
0.05816288210909024
-0.03870210355362788
-0.01730873206249796
0.07580621299540195
0.11143615272290754
-0.06091937204583291
0.10482830332773030
-0.00438432395559868
0.04796416347664371
0.02265283879760062
0.02282789721352182
-0.04758783045115133
0.02583050998310101
0.08778717506143698
-0.05789822882701327
-0.00173481370711382
0.07635636136943913
-0.10112020299767494
0.05127934275768415
-0.02752603078490342
0.10642880257888207
-0.09156554656346041
-0.09147294681596441
0.01308431013200530
-0.00041443700555583
-0.05833668333345580
-0.00810167252781494
0.03687697157412582
0.05044961563879791
0.01727376402151396
0.03634109835238926
0.05066105998089088
0.07766024821353103
0.09403489085488038
0.06046843650230721
-0.01666697212441677
-0.05389109378325019
-0.12165159308832230
0.01624206996134174
-0.00801519331024241
-0.06041446703443857
-0.04661123174603958
0.03715005386995605
-0.06995973275659076
-0.00708815742278100
-0.03285961946799696
-0.03299378634089850
-0.08124888672851456
-0.03752159799744951
0.07685603053543200
-0.00922284093911986
0.02141563943214895
-0.04412151103780260
-0.00804459212041924
0.03629106452368777
-0.00080564788533961
0.09437139532056150
0.04488165365391793
0.05430546159240113
0.13327244357116652
-0.00988092183252270
0.05794185983554984
0.00499788015111722
-0.06306417243556091
0.21199206480244151
0.05005725804933275
0.04360583508185411
-0.04327893873471361
0.07568375756313164
-0.01640704652580863
0.08619277786868673
0.06912877916536496
0.01820447285642264
0.04948454125816509
0.04072702893787965
0.15730561629107023
-0.01958561960736138
0.06623616382824454
0.02756810311476382
0.01264191070871673
0.08162741688911852
0.00356736576444095
-0.06930612658716787
-0.00904557536505086
0.08067018664373327
-0.05268350133130097
-0.09959677624138617
-0.00683502227123383
-0.01421339903284224
-0.00027380766549180
-0.03001683948600523
-0.02085486818486749
0.02766387907953086
-0.02110043271831590
0.15128405343717138
0.05392517585711717
-0.03755794648831772
0.02433879706000057
0.01570503238666578
-0.00015468336775882
0.07141923701682130
0.03976757754956548
0.07174339630111114
-0.00251167063097601
-0.08372171011036575
-0.08199744274960687
0.08178127633457220
0.03434568255649066
-0.02070189407011548
0.00325800531996457
-0.03284056747355160
-0.03058503884775572
-0.09168406170911120
-0.01745116418803576
0.01027914044258766
-0.00011817587851581
0.03077696744874898
-0.12530820695782516
-0.01156417995606140
-0.09962620692192338
0.04018096455760863
-0.00662465908695424
-0.14146290616682852
0.02545362869892433
-0.07871078286407636
-0.00103112034746350
0.06951041221590422
0.10910520181734384
-0.08924215428943238
0.06041060839209045
-0.01122900637454634
-0.04771381922776236
0.14715235865608559
0.01587677808441228
-0.07067473855245004
0.01086060763497137
-0.00309839520674251
0.05823585386309654
-0.02308097754161446
-0.04052783715270230
-0.03592611949332491
0.03568126114214639
-0.16394149999965033
-0.04207605463346491
-0.03153831664962763
0.01194218123215101
0.09339932872448223
0.01739440785192467
-0.06187077811598562
0.05024574749336948
0.13385840989262734
0.02335643572516689
0.01668333554427201
-0.07806782982772749
0.00374692768378834
-0.04280258886031775
-0.05620910209256250
-0.08902083868610250
-0.01042525893819888
0.00251763265978141
-0.03067740370499237
-0.02355569473037407
-0.01711847353683206
0.01297666480930189
0.09690919210854297
-0.07426714337205752
0.10806515430512531
-0.05441010137585285
0.05218045227866751
0.05437634890275875
0.02998293057161676
-0.02554414496478847
0.01048039104971787
-0.01976262966238682
-0.06232641526567653
-0.00728358423608236
0.02542225831514870
0.08362790199297299
0.04747678724081666
0.15368902238491325
-0.06919265102267518
-0.07667224044355614
-0.05288780590114828
-0.01440994283348936
0.04214075794637751
0.06199652461037000
-0.00526888162511261
0.04229262932717863
0.04715974112567429
0.10931127208429854
0.03080143177954448
-0.01462369992855463
0.01533673144151427
0.12399003409454956
0.03101666842685414
-0.02078278946737954
0.03050917461130898
-0.04580863839759398
0.07007479869930640
-0.08410437329980261
0.01310516704687755
0.02013218830451259
0.02883833408423105
0.11320267660511137
-0.03145426896709354
0.06685329217894519
0.01343806990612455
-0.04217579447254251
0.07139786018820725
-0.03886918816573277
-0.14383865123583531
-0.03047873850640690
0.03791456961413604
-0.03523840061170433
-0.15989494588290759
-0.02427643268257421
-0.11160179679912148
0.07201312272842156
-0.05308419579288357
0.02875231594095373
0.03651306591530756
0.00124427464517835
0.03995297541305312
0.03365778816969654
0.07398876211653982
-0.07966075192171755
0.08315585870839882
0.05068600747257038
0.09072403433689159
0.07680982228767176
-0.07500741678931952
0.03993685047509276
-0.16227145427331771
0.07342696717285412
-0.08173890054546999
-0.04454127353446884
0.02417987136126416
-0.12115310170760420
-0.02471315924977860
-0.02693727194736575
-0.01823507326079138
-0.05828978745693705
0.06838732229354660
0.07091868723299728
0.04881147753074809
0.03788897169659715
0.03148322228298496
-0.03375162621920167
-0.07373597882518720
-0.00025762479491404
0.06387150890276877
0.08449546853679579
0.05991837130320236
0.10301580825109279
0.08226770728365108
-0.07136447080498269
0.04284038348055606
0.00358242036678118
0.07928781183136739
-0.02851858640225603
0.02301862149027183
-0.06680647561841005
-0.02662573952006989
-0.10860484581072570
0.12072412516770271
0.08696916129381498
-0.03067988326519054
-0.10690540543460282
0.09133126121022815
0.07626147836894695
0.07678571217240257
0.04564344234243673
0.08466408363230267
0.02420672223770541
-0.01125974641055146
-0.06403438960385349
0.01517730372835442
-0.06924081878252336
-0.03101634159848839
-0.01990649441665011
-0.03223237493314260
0.03764038781614110
-0.05370390904402804
-0.02466928781488837
0.04286979673709901
-0.03662102198973799
0.04774585255512345
0.02681574086952538
0.13614123870694886
-0.00969186060852742
-0.13959229318304903
-0.07606760244985436
0.00936847382708960
-0.05995009948452149
0.05601804973844535
-0.01794034909228242
0.12314472706292304
-0.04105998146001433
-0.01432319282638467
0.02868157392079066
0.03402436336122765
0.00581117816588007
-0.08350994519019293
-0.01195620997523454
-0.10534871856626593
0.15497067867668082
0.04820410979219225
-0.07229892393154090
0.01578748296818727
-0.02641054872847544
-0.10536157390340652
-0.04850828334966870
-0.03418521307374520
-0.02853643937326301
0.05306547203925618
0.05235377039673457
-0.04997017593890980
-0.02614020298533742
0.05316135229227874
-0.06451096638535871
0.04380307521440673
-0.02115024288289478
-0.04058319771758940
0.13103681002955975
0.08351406659856668
0.02043893334722250
0.04113435720231377
0.01816926669763152
0.09766349903715424
-0.04921841147880716
-0.12601737084486206
-0.01168430789806345
0.09638433491118950
0.00103950256151637
-0.01923757466490442
-0.03104202309997322
0.00525792751950668
0.08721858692850390
0.04888629937669049
0.09232538552366054
0.02367834879081902
-0.00239256126614511
0.01672364934619687
0.02413729150118487
-0.06231669361753661
-0.14752719592388677
-0.08445729967801406
0.01525182278678561
-0.03341997181813141
0.04085043789139741
-0.00877239452594560
-0.07192465860235768
0.18822925204388816
0.00933143800160594
-0.07116465635398665
-0.00640037739758909
-0.00064712032634934
-0.03900401168671768
0.00628245935050617
0.00055685112023276
0.03729249523438114
0.05196512630151229
0.03651539198840409
0.01546145203956722
0.10687888822291228
-0.00547244448435564
0.00400288050877238
-0.02353330644222987
0.04100665172654178
0.07585945626529160
0.07152468964008737
0.03419781108788120
-0.01676705854934771
0.00627893129839624
0.00903597933249118
0.03109296972342620
0.02109277735217444
-0.00804347868848526
0.01187114167953516
-0.02861965018793271
0.07507380135195509
0.03782311282853012
-0.01594763183958587
-0.06783711522468322
-0.05488175073502997
0.13987355092394288
-0.08747176191148814
-0.08896941427029585
0.05686823427672270
0.07799534306437433
-0.05206193953060177
0.01011753605929674
-0.09601119531396447
-0.04389812414568876
-0.00278882692361441
-0.01405278363901909
-0.06433803554543120
0.05447877496465596
0.04006112307731383
-0.03429157520750011
0.05620654208366635
-0.12963292768655063
0.02639694854998327
0.02703853833266081
-0.00610632791021323
-0.02007339219850347
0.03232712521055005
-0.04910268970101218
-0.00963298637337751
-0.02013795652779183
0.00666412258639269
-0.04567419369941724
0.02942101181210153
0.03620807391800806
0.04798638827274661
0.04244955598616849
-0.02366961462826055
0.07545447869007679
0.07107568486885069
-0.05720905817831047
-0.02264890718030968
0.04462097931444387
0.01526039908288497
-0.02125987483067424
0.03200280476492071
0.01393065005949982
-0.20237473404760853
-0.00928938584155733
0.01148873885373288
-0.00626057640204625
-0.02102846654717630
-0.06392750157172376
0.05593985685678389
0.03717621085411069
-0.03329109280270774
0.03035012826406303
0.01366260561026456
0.05028970181583475
-0.09629276940263158
0.01471131579525703
0.04222567790866603
-0.06359013265245167
0.01893161522996228
-0.00937884848881499
0.00619431481257388
0.03403360036000546
0.02486838003379051
0.03671993454170878
-0.03137409305475876
0.01934401843185219
-0.04492234198052182
0.06393827154712216
-0.13078805200241958
0.12465945738509387
0.06659876676193630
-0.02946019191673266
-0.01111385843246510
-0.00646282924140803
-0.10827248130436283
-0.01177600591266835
-0.01869278786000716
-0.00717902612803059
-0.05580651233560467
0.03500760250058263
-0.06833239512159850
0.05506955737904459
0.09887422623574056
0.05790137993189306
-0.13879486289635706
0.03397533648205694
0.01441667405060995
-0.08453661171112364
-0.02759885151897165
-0.03289250233589022
0.05133151317075132
0.09776900798495509
-0.04075941331536957
-0.00183256425427787
-0.06568839777384011
0.07609033873592581
0.04379916430110889
0.02568594263835440
0.13398513788574110
-0.02934104971628824
0.07560371960210492
-0.01250507511770156
0.04040619849429614
0.02212811289050168
0.01408828273233413
-0.02220454058417951
-0.04720136888515310
0.01553036189724620
0.03965755601666152
-0.06797733840505438
-0.05284275905747263
-0.13825747966970547
-0.10627392669851472
-0.02931300507748713
0.10339695383721183
-0.01300402879907605
0.05606635461609093
0.12503568168440565
0.07610357835741385
-0.02641758726809002
0.05313280854024164
0.05760621405066309
-0.00773214836157949
-0.05478041009528958
-0.07436595424497656
0.08745741582142662
-0.15995552637539365
-0.03821639137799689
-0.03242350985548370
-0.03357693094964528
-0.03895242844152034
-0.01273908784817807
-0.01811576472111411
-0.10838060947099756
0.01825205851564478
-0.01878764433455924
0.06104689405508443
0.00866665760509496
-0.05175657960937070
0.00338632342166329
0.06520113638283773
-0.04236525066731758
-0.06461615799483882
-0.01421181095668073
0.05335052083743651
-0.08188174155541367
0.00027460983857471
-0.00889148408574509
0.05267871029224463
0.00524934338039785
-0.02080460428657977
-0.07827262760907670
0.11862281731527116
-0.01145200836969666
-0.02653809062909375
-0.11447132487441920
-0.10747875030592845
0.05564395384919405
0.05611674540003846
-0.08799977929313946
0.10920238143577032
0.07845871989000266
0.06493636857008453
0.05258752248807530
0.06417514245420962
-0.05860121372948980
0.00230924719314069
0.03733656541577849
0.18721385822130412
0.08913584528462683
-0.09484419081816951
0.05554654932594033
0.04386277685837861
0.01051051030660733
0.01560495452489358
0.08780096506421331
0.01834690834800178
-0.06314576068395354
-0.01326219210410492
0.02450034340292391
-0.02589688753650028
-0.05493459292472866
0.03428424147568637
0.08638726191886600
0.01142868741574754
0.07207220314295337
-0.05737365860392719
0.08272935524828555
-0.01791398560209717
-0.15392219180651173
0.10428716500316611
-0.06674412664245860
0.11201885294205464
-0.10369520979660841
-0.06804804210286368
0.02561588803614147
0.07140454638853400
-0.06936941180318038
0.15064355737988075
0.01493881238451252
-0.03660898556354625
-0.03531648677408295
-0.05170360629364356
-0.04897712466981741
-0.02951057361401618
-0.05369386157424932
0.02084166483469287
-0.12435687907226591
0.00955086157889159
0.04596020329850145
0.05270046479787143
0.02367809295275316
-0.05180900972227318
0.01417221681398551
-0.01942805295026370
0.07963171688192737
-0.01609875977851605
-0.04201990250610213
0.04181638887993364
0.02695235917283013
0.06243358511588262
-0.09201946389519615
0.06855341548942132
-0.04268271502321125
0.02508070663731627
-0.03661757767428535
-0.00544810752432563
-0.06387261977451424
-0.09470637492945451
-0.04156106774501584
-0.01497676695116146
-0.00959634701043839
-0.03705572285609996
-0.01117127992554471
0.01341454095289609
-0.04261352404659872
0.05220216812592723
0.00377498380075028
-0.08225315755001311
-0.00947996175606301
0.06974790956104224
-0.06821228183913389
-0.01343615190924410
0.04770703748268125
-0.10309975547754251
-0.01400292882350077
0.10598505969658169
-0.04679643126638161
-0.00879946585113413
-0.04037894918602477
-0.02269713178870392
-0.00263106980410603
0.05405479745149137
0.09110402690300279
-0.08587361583452213
-0.01392453277096300
-0.12535909164883347
0.05377185262424561
0.07616188109435799
-0.12058882407596683
0.02419679597763264
-0.10927144498757077
-0.07897505348050458
-0.10717145476376073
-0.08666976328424937
0.02630026628007934
-0.08871467432909133
0.05286080934689603
0.01373435299807615
-0.05662524225522378
0.05999852710437199
-0.01351065058096610
-0.05673005461231394
-0.07056532678302807
0.04954767504739153
0.03863183028660862
-0.05832841588052071
-0.01241051094619829
0.03851481303289485
0.03846733528829911
-0.05272596186604023
-0.10201561978983535
0.00714821091222580
0.13862681409978650
0.01961629359325007
-0.01758055714303733
-0.10191085966814734
-0.00341901788382832
0.01553392205957193
0.01418077271756685
-0.18179595082438813
-0.06645996740706230
-0.08198382910095493
-0.01759875917692131
-0.04952658561448897
0.02112400261037286
-0.05386349540773745
0.03285035252881749
-0.05140043150021265
0.06346180872183366
0.05887435611953289
0.10146527130752118
0.06805776989473475
0.04928891951186064
-0.08908579063160900
0.08455306546205504
-0.07566161554068671
-0.01777954885474084
-0.00212014370265217
-0.06234429292111257
0.06665574312892489
-0.00306273187803123
-0.06793561607534630
0.03490499775431286
0.03869282301826854
-0.01247199433024583
-0.12291601981383055
0.05515775736794998
-0.01636307928818768
-0.14003985579165601
-0.12902884006083504
0.05911482352027610
0.00208986247428486
0.04769152038630450
-0.01220157331227744
-0.01011083825877091
0.04210822737108490
-0.07443469041633802
-0.00213567172687075
-0.01078633026967191
-0.05257593075924822
-0.05255482285432676
0.05458530741865264
0.14968973148296399
-0.02755494410503699
-0.05393437210656429
0.05611183490888559
0.02079400938850204
0.09654652678549870
0.04007678310499351
0.00239088395147776
0.13406990576224231
-0.01392467427899502
0.04002286956740689
-0.01605945191116886
0.02801066622649295
-0.03019438020494853
-0.02314621402366075
0.12334189218646786
0.00655877944421856
-0.01002720111382858
-0.02539886266000868
0.12179654531990113
0.07622691650585905
-0.11143581444220564
-0.04089366129908234
-0.00873747688817737
0.01026615640492770
-0.10917259149981814
-0.02757009436482982
0.09411092012518725
0.07431778319096004
-0.09237961040556229
-0.04749083584880035
-0.00788425230078660
-0.03477517923446580
-0.03885814286162568
0.01875867950269462
0.03813348893521027
0.00563815222954525
-0.11032647508710006
-0.06881820276409800
-0.00920514941280894
-0.00563086801956008
0.08571561354869588
0.09451697135225642
-0.02105094851723762
0.05009356851624482
-0.00092326224955265
0.01677036253806661
-0.05807214588606648
0.03228083829898483
0.04278036897612741
0.04155041858566515
-0.05995542776663588
-0.05789279222339078
0.08221446786717039
-0.02473335267828429
0.01281261051887690
0.03188738690340702
-0.00815951144440358
0.00373973408825050
0.01297281652090474
-0.00651244604020321
0.07574803897417672
-0.00832270805004064
0.00154354179761801
-0.07107930197526940
-0.15965252007007025
-0.04482012045592288
0.08188305071143480
0.04297738957670928
0.04122813653470796
-0.08175183267895704
-0.09337688467960711
0.08718052781690491
-0.02218859831360291
0.05926464089195179
0.02676213346552342
-0.05080866907633125
-0.17239720023725774
0.04240823986138775
-0.00388738961998376
0.02682814691542494
-0.02941182841907366
-0.01577855837568025
0.04803355310142018
0.01836174311045106
0.14100488441160522
-0.01025698011211209
0.00112960474986999
-0.18761284439042575
-0.02005474861885241
0.05005342693976340
0.01781433244438433
-0.04625662602354503
-0.00327516039328585
-0.02607876359441784
0.02395205145134959
-0.02513924506027083
0.00400483898505817
0.03452237268646900
0.03223955165465554
0.06255125845915477
-0.01967780724230127
-0.06699603911702015
0.09350120451760781
0.07805404726669025
0.12427054152741436
0.05915580030257708
0.07189594598391992
-0.08000841921074538
0.01997510595331093
-0.01036796276426893
0.18402883821916222
-0.15254614381338119
0.06872576887024757
0.01187915148419346
-0.02915962194232601
-0.02659482892433122
-0.06959435710904141
-0.00966596810474701
0.02719265841435471
-0.00576845683029996
-0.07960450970676909
-0.11322283077082525
-0.02927945308993022
-0.09582661826722338
-0.03641803648200305
0.03227958395961587
0.02038499622454392
0.03652059792777875
-0.01947229376967043
0.05913728877748485
-0.06550593576896141
-0.02066268451280838
0.12291124814658497
0.05852198019842721
0.01922476428309342
0.00416654581874832
0.08578054998200522
0.07475708903257337
-0.04988180945712518
-0.05257049525398035
-0.01394413342600571
0.14131712656315867
-0.04199756404749543
-0.05903774160973873
0.07736053095235250
0.06075629537317859
0.04246843478007439
0.03354379687172537
-0.08342177846398773
-0.01309615696171969
0.05995212560389192
-0.03365847998958603
-0.04265956784740180
0.01267580594354979
-0.02271578658720757
0.02633474033456419
0.01860588940978158
-0.02785904525042375
0.05260463500558213
-0.01160477441070249
0.02250270642117663
-0.11774949108399772
0.05602674177058175
-0.00049034629198773
0.03385639486121946
-0.02376074164026802
0.00502640032689910
-0.10913621157346724
-0.03249546714199140
0.02848504337763018
-0.00400064916367045
-0.07609479532919446
0.03071035207194741
-0.07560044295709628
-0.06817247582748565
-0.07796580093520744
0.10663913523267952
-0.02124182358346155
0.00287106416245612
0.10564179951797195
0.02558649881498609
-0.07233158166075100
0.03921451888625926
-0.05693577308806706
-0.04490599188518216
0.05008703690910767
0.05305225222424335
-0.02428334418618072
0.08181784576935686
0.01128722362496269
-0.11279417305057321
-0.04745905172954399
-0.00889736013175484
-0.05044558570182420
0.08686005548073641
0.02614694261834859
-0.08167583644694375
0.07918222707198495
0.02629060132132257
0.03275217874521789
0.03876497583182505
0.06011782276982391
-0.03715321092583902
-0.08062199382442037
-0.05648666557789129
0.03547211594749517
0.04422474245454782
-0.00675322491431371
0.06527669430969431
0.12220795087081987
0.05016553844542190
0.10242215959814070
0.05637027250496702
-0.04794500904157171
-0.07180532483762712
-0.05387111258331683
-0.06893205563167452
0.01304458808003788
0.05777699116587669
0.01457609239975831
0.02414356840146900
-0.01588744283445579
0.00746527321810887
0.06283025689734142
0.11151342068165521
0.00131105151321787
0.08277894448293453
-0.07397420078797200
0.07216377381761757
-0.12128159462380421
0.02421861040843611
0.02623909224114321
0.00522375566738925
0.01418373491478058
0.00960551635961264
-0.01064194542686858
0.05336246674306008
0.01627005326405992
-0.01957417977432818
-0.09891726663559346
0.06338524743577575
0.00763943096574638
0.00273457475191896
-0.02715318545483135
-0.07782973662537992
-0.00812388685676818
-0.07235325264327865
-0.04224982148087571
0.03307124273735138
0.16440427903469310
-0.05711097479288001
0.01047651706915261
-0.02433419419456348
-0.02192032181891801
-0.02277063683774811
0.07119693331519061
-0.04004159238543946
-0.06416257423191800
0.06065461806887735
0.02496873146068659
-0.02693088259681583
-0.01401999672491769
0.10309184906223078
-0.08440575288527676
0.03820959353152571
-0.07157087300493171
-0.03804098507921659
0.00817901803378764
0.05271305778549175
0.00103796130906217
-0.01201048537866088
0.18793708771649281
-0.02493309078574399
0.15691979254138808
-0.02558395570799942
-0.01290633711799313
0.03998938284097898
0.03914110019095696
0.02773558792130994
-0.07165274497987045
-0.09220781679599876
0.11863802537423102
0.12152979562183922
-0.03850228858407881
0.12021899125412747
-0.00051321792939496
-0.08932268496140894
0.02576416087833809
-0.00488614865819293
0.06729977398081055
-0.02634834652241161
-0.06621988156481695
0.01882546894646922
0.01788888083382870
-0.04405292127258177
0.09702583409826775
-0.06608404544708797
-0.04156616293933806
0.02008044257105878
0.00575494848146568
0.03978475255667740
0.08552645160740097
0.02589058416014540
-0.00979641565950254
0.02429746824823968
-0.10810256713291604
-0.04070828141625733
0.08872696770162301
-0.02048320327170003
-0.08546061938320994
-0.03613579460498435
0.00588937806932764
0.03203002734752786
0.04568212441506119
0.04629423871386384
0.02677452400392574
-0.10428646620151645
-0.00388032965801792
0.06843926772236827
0.00218745785344507
-0.04308068002612184
0.12465104651398440
-0.01317737177813288
-0.03005574079076129
0.05004530523909052
-0.02941787019049544
-0.02019498604114933
-0.09492673369090138
-0.02886747553019485
-0.04258021001501414
-0.03741649996149698
-0.05947441994205019
0.06066655990508131
0.11484165212613563
0.01348957793487583
-0.09465175378440237
0.08848314171354933
0.05942687752349524
-0.02872376320190841
0.09156972738339154
0.05928475568212009
0.03288132780280298
-0.01469145511935558
0.01960849150707202
0.06906680356105124
-0.04966447988911464
-0.01121487536480826
-0.10857669771936954
0.04159171653739416
0.12175079380356366
-0.05273676858571332
0.00760013348963512
0.05010830106192170
0.00423131342759895
-0.15848006398835585
0.00901332624285324
0.06296120814258106
-0.01900339413164776
0.08782989051567062
-0.03992705466873920
-0.00557482240297047
-0.08583616321585416
-0.00696045212872913
-0.10073893244399632
0.07170589070111962
-0.07583097718440357
0.08601606626612002
0.17980718634638462
-0.13937804995037656
-0.06059110384068028
-0.03626340316428427
-0.03183869744528768
-0.10533144668200640
-0.01171955944037359
-0.08835247525534302
0.04227341891605686
-0.04769265027261980
0.03534188743955346
0.02365665966123387
-0.06261127210124534
-0.03285588558354299
0.01641626126264388
-0.05730889383277350
-0.01540509316166441
-0.05177856227345108
0.03840240561647112
-0.03539454236065522
0.01021119245679370
-0.03683729232774183
0.03731355161894035
-0.04999526742367471
-0.04228453733767489
0.01201068575564668
-0.04437998281207170
0.15674462669564948
0.03744370364782428
0.00559107804375631
-0.03128904235671788
0.03369600220054655
0.07577571918868947
0.03213921210780139
-0.06343981382514222
-0.00659878113904533
-0.03603358330736652
0.06349979270242835
-0.05826346546766901
0.07960097338769617
0.04037620912822783
-0.01883930506596838
0.06198997786226314
-0.04265119420663802
-0.03300920524575589
-0.02496191736621557
-0.09254295192440891
-0.03970350839128309
0.00723330509486137
0.08586306014508820
0.02069029180855863
-0.05706771172726881
-0.01167226448093809
-0.00979748479119653
-0.07011028024036389
-0.04144777183588619
-0.08589088919484685
0.01383077612808779
-0.06374743970043348
0.00560364207999431
-0.04599724084510945
0.06050785655041110
0.02060137707142799
-0.08693761834695367
-0.07691077802845628
-0.03667155898732805
0.09282565364638118
-0.02991134882847684
-0.10427996650965889
0.00722161453996385
0.05486595243706795
0.06026048059875797
0.00223196344863716
-0.04030630563198749
-0.01876923865830018
0.08731808628681981
0.08971187735304957
0.05647771434525786
-0.06391191954923346
0.02997067691135278
0.00989533097377567
0.06853590876059426
-0.04911806040087539
0.06209372778448966
-0.02531983113448121
-0.03002472640871313
0.02477673766228057
0.00639661456112652
-0.05027585213034805
0.05808597700382364
0.04767873186437611
0.06753821882123952
-0.04045000973469349
0.10905036882598057
0.12436651672274047
0.02586232114029055
0.01161936541165822
-0.08084884731454846
-0.02660732128023632
-0.01745333667890074
-0.01900001435339710
0.04802597653500281
-0.01690322757108194
-0.11543724765915216
0.03407158546133476
-0.03949194716601385
0.03817996361589907
0.04179352952019424
-0.04129125939990774
0.01008974677847172
-0.02283530804248694
-0.01821840829805957
-0.02868370658152193
0.08640254239201989
0.04104101286683351
-0.00696095703656798
-0.07658022786588138
0.01389786072915897
0.02895888484235748
-0.08239755976205607
-0.04336319521400764
0.00922723200323971
-0.03882741118892861
0.00855089162108307
0.08784308267679827
0.03782695902255934
-0.01413327044150797
0.04808817071899694
-0.04065039541450174
0.04647701711230918
0.06768168114086798
0.07109017809683854
0.01757460758808734
-0.06787782260478617
-0.03185587341352116
0.01217365274548295
0.03377311181943726
0.04059952392381892
-0.01055406179939009
-0.04617087217356667
-0.07052357382103489
-0.06552942184715171
0.08200774521207672
0.12821910866659397
0.06058763524090890
-0.02085179652827123
-0.09946844571887863
0.00076485717570736
-0.06540484525080738
-0.07009725493895475
0.03299564173983990
0.02990372171088198
-0.01279677967917891
0.00134936122659064
0.05191206198822620
-0.01701054494008102
0.05027215723234230
0.00566360065534148
0.05043068283578263
0.01924389142217217
0.01337870983022655
0.05330513419258043
0.05941647335483822
0.02776908971237910
0.00124759790550599
-0.07683703349436159
0.03220065865047234
0.03612038535773293
-0.00142584823403116
0.01562432734499052
-0.02095222045673188
0.04379817698984873
0.10027170275066286
0.03330721207153395
0.08637325558286087
0.05891502183859526
-0.03366429985473702
-0.04004764779522613
-0.09782828020118761
0.00981219090580088
0.05531409236270932
-0.05431165455266018
-0.16751728579323485
-0.04957949456053674
0.00560639754572382
0.05231506818176049
0.08746129422334012
-0.10156359368505777
0.01205758525897926
-0.07056366189109443
0.02383083534816783
0.07619528796078381
-0.12909891823297748
-0.02532793835511548
0.04596214425650279
0.09789593466044721
0.06335531748418018
-0.03197126723849295
0.10915667738758311
-0.04467817977887663
-0.06495525841535564
0.01180333923604281
-0.12082262304351095
-0.04430470083923838
0.02874594613073567
-0.02994060626397390
-0.05421391943474699
-0.02764576899397649
-0.05531135654107271
0.02074096241541295
-0.08328104524354857
0.05366494079165478
-0.06604499714993842
0.01267616211989202
-0.09624195192791517
-0.04120707044792456
0.14795083453230426
-0.00050945016402758
-0.00838965449080403
-0.06095217820604374
-0.00635843768799693
-0.03435244087294746
0.08929458485013346
-0.04859778002461777
-0.06552740831060558
-0.03187598922302567
0.08027538497179486
-0.01101282744114012
-0.10025276736706858
0.03828471227846216
0.05632321133859898
0.02618090269733567
-0.07505443086989959
0.01060900217603035
0.00183041297212458
0.02940953505245106
-0.04216556357343218
0.09186302557657110
0.11766443658150005
-0.04945173401741610
0.07250362159920874
0.01657387092711527
0.01719317010460937
0.09567876285133134
0.09951649703011411
-0.07229554816406472
-0.05897480362195168
-0.05868471017667906
-0.04346333151979500
-0.03535598693577141
0.00374756740444016
-0.00520338474200295
0.06550935777247309
-0.19164942113708119
-0.05875139388739693
-0.00393770894593631
-0.14002776181767224
-0.09554518312744484
-0.09414003038021918
-0.03875594630371087
-0.08150640203835745
-0.00359138555381601
0.08155596029214750
0.01401105867448732
-0.09768692591281412
0.07133802646517232
-0.02426364305974055
-0.07724900438710774
-0.05766429776419711
0.00059743799038552
-0.12122572870241313
-0.01549557555809128
-0.06477989148368563
0.03157435469078097
0.14168737086896296
-0.03257435810369833
-0.02493053709671684
-0.02520817989689572
-0.03450910341897741
-0.03463195124096165
0.00495655580818072
-0.00866300268325330
-0.00409856514602615
-0.02754467055607398
0.02466698599661132
-0.03895255781363430
-0.02310226320572042
0.03448844230238086
-0.03689831023030431
0.08721429751324718
0.03680190933340395
-0.05478511161053504
-0.00894029847697200
0.11551993800553781
-0.12551438707401211
-0.08690897599551965
-0.01051203956144288
0.05063559669644638
-0.12974142121668825
0.08786025361924457
-0.01015883360963248
-0.04615449469260350
0.04401866347645023
-0.01693126406850931
0.06643342904297383
0.00331643279460826
-0.10213298734864630
-0.02978572315993633
0.04409955364320854
-0.06049214743106834
0.10894298946689990
0.00127164183159047
-0.02542431415764983
0.01605179437120337
0.04412661138403271
-0.01427582436634900
0.03728068208093812
0.06424764703240472
0.06066651312626926
-0.01044150611280610
-0.12833734074646025
0.04914578181981061
0.04573320624023723
-0.05969349771127840
-0.01299291992097274
0.05937535704171593
-0.01905145772619595
0.01905774562510714
-0.13549083477621407
-0.07362953003233093
-0.03131448425470073
0.02627651240066868
-0.10851154799514959
-0.07071434321140858
0.04725107632593624
0.01412201764683822
0.08043271913230858
-0.08066209289826903
0.05372024607033362
0.13055277371040158
0.03421358939116899
-0.00084247933044372
0.03100694239951590
0.07237505187686219
0.09738568941025712
-0.10695398894376264
-0.03800276240212146
-0.06639045541323876
0.01884097283942812
-0.02564063761752571
0.05116791468925615
-0.10257873538627786
-0.07221452470491592
-0.13376977762555167
-0.01764907461824993
-0.01281840785393598
0.02304229301168051
0.03581173850136996
-0.01151917657064954
0.04256478853175601
0.03859630545986271
-0.02477566074477654
-0.06020815586267345
-0.04144753056606705
-0.05115906559381474
-0.08784774791453069
0.15811652453549857
0.04641431349235987
0.01068526716426013
-0.08781104952120410
-0.11711959022980618
-0.01721745714074878
-0.03671096381242750
-0.01956390756231456
-0.07798750658678788
-0.00971386753162289
-0.03246688672444591
0.00283453700150954
-0.00805021505413016
0.03143744673778336
0.11264088571217266
0.12441067363597105
-0.03283268208700838
-0.03449871115831026
0.06133621702415563
0.08349471727827863
0.01204364103894467
-0.06005234000724526
-0.12133341179505799
-0.05633937167881869
-0.04367378910523140
-0.02797594248081732
0.04200204915422090
-0.00013971739330232
-0.16236978358790929
0.05708013804009993
0.09823286453138300
-0.00017396211562783
-0.04165239400657748
0.05540752046366786
0.00434224097351029
-0.02992776803599425
-0.03426180232789583
-0.07508676337060234
-0.00888642533526098
0.03999370809280837
0.00664375252484219
-0.02444890092567811
-0.03373097858707742
-0.01905084029439556
-0.08825369017894635
-0.00290972328816878
-0.16984534275383309
-0.00581834445680614
-0.01903840594244689
0.07007703429975033
-0.10988314104167785
-0.08152466537900357
0.08549134965170260
-0.00614841332446572
0.04786790938870251
0.14455654182713104
-0.01032580145811993
-0.05385662771847440
-0.05275635709764939
0.03151241930902188
-0.00648325192344671
0.08053343291576369
0.00215432334531297
-0.00099862765640958
-0.07444696155500267
-0.07354687428221424
-0.10881490774516794
-0.01860945201702707
0.00426171316648601
-0.14840013066133470
0.12073160294090658
-0.06412993668013675
0.08811187437054005
0.00720724540547714
0.02297038908008887
-0.00404347312005070
0.03570967393464857
-0.01141606387369768
-0.00030899194569595
0.06517808145157927
-0.01060257969018008
-0.09070038851066528
-0.08692341004632224
-0.10208982161734943
-0.09252970224124885
-0.04561421331660553
-0.08361969187036521
0.06281252840374678
0.06807923739831133
0.01480491522510402
0.07964033638187315
0.06865697212365507
0.01147537860923791
-0.03873926342343537
0.03968339845398258
-0.03773465797734255
0.02753817430839316
0.04074659640261739
-0.04597570956031796
-0.07160235069897131
-0.02412209183441962
-0.06314536182690224
-0.03048314180897372
-0.03097879026077038
-0.11699091663052234
0.09158648658934811
0.04753197529314886
0.04850044302157986
0.03359664725933322
-0.04535597681889431
0.06398763232897502
0.02281126260571175
0.01233033263575027
0.03623449085434274
0.05651992453347481
-0.05211903770647414
-0.02311643208939643
0.03518115901538612
-0.01755478663250857
0.00517765759831646
-0.05884913066517784
-0.02378503592726591
-0.01344412630777731
-0.01201392760677390
-0.00227895049429758
0.00821991404177482
-0.02436264411772590
-0.04672513072919850
0.06972018383798657
-0.00022793430769609
-0.01194059097234892
0.00766946263837873
-0.08474780644781227
-0.00663780367362172
-0.04147326324100709
-0.06648699718481599
0.04101637430127461
0.05148164967441640
-0.03437913873406344
0.03186523992303781
0.17460152278588220
-0.05360503812678304
-0.01929416985656543
0.00250080841844271
-0.00017342376525775
-0.02411391408853281
0.06147329606161508
0.03692277374980206
-0.03119821608173667
-0.05164414850143326
-0.08373316900284297
0.07748987545509148
-0.06221881878196839
0.14269862798839519
0.00874563344906851
0.06872994514411651
-0.09182426744111630
-0.01373389266718452
-0.03238849610077667
-0.04614288957379679
-0.08953814125330295
-0.02927026223525214
0.04518701766184482
0.00748481578759047
0.05200384376398445
-0.03604723979307125
0.06289493522455741
0.06429574729997266
0.06382102648080828
-0.00862588243580632
0.06752868165297471
-0.12131585639625085
-0.00943314857782189
-0.00691471147257936
0.02009079631166925
-0.07434343285492442
-0.13848897485234865
-0.02010492169816294
0.08504444564480083
-0.03945858951650477
0.04126484290833724
0.00562806452526307
-0.00125903000720397
-0.00584562702385072
-0.05004517419553689
-0.14231494740679326
0.08190742853687896
-0.01569794731985099
0.09372813991060873
0.03124719023536851
0.01566348086032070
-0.07208939951960415
-0.06429865658264344
0.06204367430791876
-0.04488221509005273
-0.02526068757097356
0.02172287116719417
0.11048254024502839
-0.05091702871735696
-0.10926609453253988
0.10765945967359186
-0.13285996797428562
-0.06600029591152155
0.01090581499037454
0.01616249997941704
-0.12981374849460067
-0.02106360984773156
0.01892276097527095
0.09134283127573931
0.01432643668390772
-0.10400965045942731
-0.01590514885176620
0.00825527353604120
0.00313129349936946
-0.06800811577033450
-0.06071899561246618
-0.01583698649933955
-0.03671181923438459
0.04167321719683771
0.04521870788866584
0.02358817422643612
-0.03956182782634635
-0.00893785120559474
-0.03690021584600881
-0.14826967189102486
-0.10768064442538726
0.03748750637481457
-0.04934688045629080
0.02650132720222374
-0.07399457600238984
-0.05674948432037859
-0.00902021599252988
0.08570797230176530
-0.02113999707590719
0.05044526191320680
-0.03094853427573107
-0.08609888369347847
0.01970008526286240
-0.09550500265701657
-0.03358846378598320
-0.11694028805202508
0.04175020928974495
-0.01549923556235275
-0.06354686092868120
-0.02241951197558139
0.00348575312736488
-0.05746928742301934
0.03956010163784372
0.03302012881744744
-0.00759364527501170
-0.05003757128899616
-0.01780554117057561
0.10713776066714641
0.05263296179894748
-0.08190305113446684
-0.07144665190271396
-0.04944275041851857
-0.08286197848590811
0.00824806637868211
-0.00206222103043114
-0.06031157670378665
-0.01265509967832316
-0.08598619026385423
0.02904585627727301
-0.03442630360847718
-0.09849256997209108
-0.00653889372681543
0.03859355547455918
0.01217419963209687
-0.00097757092779726
-0.01041731406102189
0.06158438225314665
-0.01825720770815628
0.08292015061240374
-0.08315574004384001
0.08622279096999096
-0.04165624766363052
-0.01542064526440782
-0.08186094454584426
0.01866783800370952
0.13316544596104296
-0.05806865793997079
-0.02717516303227554
-0.02311195222849977
-0.04928864851587205
-0.03452825678537415
0.03713372443908999
0.00261689572298505
0.06559865580201979
-0.02915478608707232
-0.09837409528138043
0.03378283339318320
-0.09317281199021714
0.04232802659230064
0.04395107931132199
-0.00117763897372566
-0.03470326885148462
0.15224722133908417
-0.07005478582738857
-0.03816926975531049
-0.04573068652917731
0.01744991591918749
0.05814169570327379
-0.01104151993517889
-0.08037786660363649
-0.01026645145105498
-0.00828584395030551
0.02172915706139824
-0.05192421363222333
-0.12834746107455067
-0.02207406881226703
-0.08678265864333393
-0.00313701060951213
0.02718881830522066
-0.01917465427278038
-0.08270900492531175
0.04292272808252155
0.11355888429678074
0.13006865796017050
0.08283980841136732
-0.04775445978132568
0.02605986493854258
-0.09511019695809192
-0.13493829639916485
0.06012534184242299
-0.07509931937561119
-0.00038807591683865
-0.04209489690057362
-0.00803515309891551
0.02583603896945930
0.01694207188410921
-0.00972763513585204
0.06848313760653060
0.00001776008593682
0.04339099421689879
-0.00153436895696943
-0.01844008899026253
-0.13713156836208384
0.04395006272089615
-0.04329613115555576
0.10237084288207073
-0.05800964514550973
0.04886974091943644
-0.11832812086510924
0.01595940074549549
0.02600295738218395
-0.03491540306784920
0.01568493181433352
0.07494568506777143
0.07225777782296457
-0.00087817294161085
0.05065520502271374
0.05634578474918843
0.07738198389043899
0.07817067301288884
0.00950948249273198
-0.05383530227557683
-0.01453754877998144
-0.06524936046291697
0.07331285150415555
-0.00541522302602943
0.00399383140186253
-0.09334509748791268
-0.09795642858982748
-0.08230958210976366
-0.01690397235979701
0.03201828653702807
0.02963322835490382
0.04855696608460305
0.06832786773846926
-0.02452956543714190
-0.05810511053815350
-0.03306015779799038
0.03716080019584465
0.13837009148224119
-0.04871152116067524
-0.03733480723628329
0.01595992905490028
0.01866215954501045
0.03758978809585053
-0.08966207423542784
0.00865651452053758
0.04042159809758152
0.09565277055665812
0.05394411797620415
-0.07431744734811023
0.05724230647129711
0.02156663174964217
-0.04016822914546497
-0.10006974094371163
0.09941775208870324
0.05532988847978165
0.00167681894971571
-0.00420214652558786
-0.05486508929230323
0.00209507665150009
-0.06468927945940499
-0.09331222628447106
0.00692684146406482
-0.10507101956882894
-0.06290921826158898
0.06440654266652183
0.01720539962885053
-0.10412779572645854
0.00843339695533378
0.00293405083141961
-0.15092457675332996
0.00852936376811254
-0.04029201838133529
0.02085141057031139
0.01431718454091571
0.05062698188070095
-0.04277608319074760
0.01545364997543898
-0.01859161477228020
0.06217841537735171
0.01075172032649382
0.08946621385410143
-0.08040251062051043
0.06092114351049953
0.02480031515496577
-0.02593275180977431
0.02154878067549969
0.01812603339560384
-0.03126476468152506
0.03830729258812526
-0.01742799895548754
0.03582546944132798
-0.05377551324079966
0.01095598679728850
-0.03633046926276523
0.00212077517549997
0.07671794181698036
0.06219838314074379
-0.07842870765539882
-0.09349586713245688
-0.08299160168152712
-0.04034750542979084
0.10386353007632873
-0.04128803021793432
0.06092786289985008
-0.06236672080986289
0.08654928174924606
-0.06056647478115368
0.14850386059511395
-0.03406209999243999
-0.00289988862103783
-0.07559930171382212
0.03208640785392964
-0.05909324397269543
0.07548592534717981
0.07202312248348816
-0.09655699641571254
0.11651912973449174
-0.07664920672284302
-0.04419723023852261
-0.10823789631285975
-0.02226456595540618
-0.05328189605458813
-0.02727184704953938
-0.06984540002086585
-0.02460609560360382
0.03259689848735587
-0.04007915310448559
-0.03801129326133396
-0.10169082163086325
0.06567074782219161
-0.00922284652410490
0.03817381354935812
0.00813604980336012
0.00629494144678687
-0.04792048198042222
0.04321634709451057
-0.03399450930603946
0.07320636878117245
0.02182141677327080
-0.04676924393888731
-0.02572947784232586
-0.05312790042074878
0.02521473639886467
-0.01994588222350686
-0.08408668684330160
-0.07787146629813149
0.05334569999125882
-0.04967311002478978
-0.06733982008878601
-0.12204630285210408
0.00319363532235461
-0.01064889857925068
0.09531563139844125
0.04087120225917737
0.05095800105460298
0.09659416449217698
0.03032125703794659
-0.02702521086277671
-0.02711557790559954
-0.11823223183422706
0.03016958955254720
0.01589599290987698
-0.03773089028825972
-0.00512667448205175
-0.04057206619159748
-0.10173465812650337
0.05019231739854164
-0.04543141175508474
0.00495265135239965
-0.10346923516118679
0.01112029330803038
0.00182497191586199
0.00543094838601845
-0.06777253609582688
0.07353922991167518
-0.04723479315839047
-0.08042271317972011
0.03720303039158455
0.00952468844255618
-0.05430468562140207
-0.11214211784138331
0.03468197548168100
0.11029097382329558
-0.00666638755879089
-0.03370430091026015
0.08863668326407477
-0.02486451398080003
-0.02264542976136171
0.05104160107738133
0.02145936331093811
0.04109984572642598
-0.05187876362151188
-0.05173154679043426
0.08349233874587443
0.04793428747164839
0.00686576398915388
0.00010994759714378
-0.03729256169312493
-0.08973413450198547
0.04864159127690527
0.00792070895510075
0.07016810113145655
-0.02068104651185171
0.01519578778805530
0.01724444214785939
0.08976773401073178
-0.01496642346514229
-0.03964522209128708
-0.00062047020045948
0.01793900212940912
-0.08805832854428820
-0.07630258590797771
-0.13886489180513201
0.04126933313419521
-0.05612244718303763
-0.03578374895046044
-0.01117490906233149
-0.00825526033277873
-0.00474286259124493
0.07047683083328468
-0.00098727549519216
0.05106313069400664
-0.06808030127622347
0.04663334443784227
-0.06651838073189821
-0.07879540072207233
-0.02739738810704656
0.02451652139534682
0.01567307671766556
-0.03325601841799405
0.03066200339270765
-0.01632694698846764
0.00799644076221359
0.05135874339687477
0.04509972173025936
-0.07333852731494438
0.03364319853571442
0.07916347468412624
0.02137866302892582
-0.01800974324676487
0.08761128058245625
-0.05109260304921285
0.05659029633422225
-0.03299312325888884
0.04411779326475588
-0.04489126606911614
0.07750032756921661
-0.03268558711026812
0.00516396444982250
-0.04381407284384152
-0.06107184103534984
0.00547965743602730
-0.15288837835500724
-0.08082479817288905
0.05658307297699415
-0.08937700872825467
0.02747196012870865
-0.07924307732285062
-0.02264724266639384
0.07473843090864050
-0.04434530793742007
-0.03588043348747063
-0.02556477266103234
0.01968227180554795
-0.01090419716472689
-0.13571387251596631
-0.02378501557561835
-0.03246443523534196
-0.05140778320141290
0.01778742468840262
0.09807960890650677
-0.06142950245281239
-0.09741355739354066
-0.06397638476036741
-0.05700998549880319
0.00565273781119534
0.01437573324624107
0.01636067098993740
-0.05551827946168934
-0.07574528841987686
0.06441384992434369
0.09244167671886769
-0.00394441677313223
0.00570382020083080
-0.06247288429478771
0.03938920378746729
0.01622292911950403
-0.00045363906564124
-0.02814166050774383
-0.03837805140150178
0.05544613208968015
0.01200597708052974
-0.05135682829289587
-0.01811181467413600
0.10963520443629567
0.02986026960361192
-0.05333689925455153
0.09292192602541170
-0.00812932027904377
-0.12199528543365824
0.07022166561158147
-0.01733488579742625
-0.15658428117089529
-0.06887840468055623
-0.00317230945782363
-0.08504148618800825
-0.09220688315882060
-0.03325200248129730
0.08409320032634894
0.04871237398765585
-0.00629342043963311
-0.08952903671330392
0.01730221600000495
0.06503177576864437
-0.01265286343550774
-0.03612548910275980
0.03041092990724703
0.05672238753114543
-0.07588673396150517
0.02681416411498278
0.05900305051576311
0.07604990524207962
-0.04051766627338689
-0.05130670235207371
-0.06207729949447465
-0.00317947498709261
0.03123485874715869
-0.00434450479421859
-0.07976687260121487
0.09096727786396264
0.11113855649773943
0.03522068629454123
0.01946525818922023
-0.00394201347331349
-0.01288296382943213
0.01514938148182606
-0.03220849213955345
0.00293402644933793
0.03890047516655407
-0.08730995941639419
-0.01846001635504513
0.01321298788023266
-0.04990547052812185
0.03885073584481166
-0.00853980564180160
-0.01596888099448092
-0.01170689497280000
0.02227670452323114
0.04954011979536441
0.04991665118360261
0.00947407230309763
0.04538744111407776
-0.06585714264406604
-0.06430310804847540
0.05746071063114940
-0.00435119158549087
0.01527545180784749
0.02174075478341177
0.13308913104504008
-0.02528841297538907
-0.05406162400434281
-0.18696233578941643
0.05527588164341204
-0.00962267793661756
-0.03979519896629374
0.06166542799479073
-0.00673887073270614
-0.05033133955253789
0.09701364898378552
0.00099044136206930
-0.09660010478973842
-0.05033286897805143
-0.05593830171083276
-0.03314784494357923
-0.04979940579675740
0.05981027348946405
0.04873736212904984
0.01147072845578125
0.00451705037060091
-0.06051661274796940
-0.07049894277066866
-0.06445620149804583
0.17021367034243268
0.03361869764662342
-0.09246420925598609
-0.06970171793626673
0.00376579553099402
-0.04289734828423337
-0.12574430320618582
-0.03963594668736981
-0.05610272823428320
0.01013055087214397
-0.11462122980378463
-0.12692187225092780
0.05578500832308072
-0.03415047819187664
-0.01438104734188623
0.01868026446284679
-0.00498978247488269
0.06349513629954516
0.02773071053735725
-0.04318832963677015
-0.02951220216873115
-0.07562800699074732
0.02928853925535059
0.11674004775385421
-0.02232816226617391
0.02298280460744392
-0.11943542778845495
-0.01088918420409776
0.14956481271250527
0.00999264860198011
-0.01633699114918350
0.01028561137912952
0.03584907954484359
-0.06020110336026535
0.12770707216949667
0.00946526257402103
-0.10757936665927012
0.01068204842111588
0.04608944937573631
-0.00113032642623400
-0.05973012835446011
0.02969763514085094
0.05716743225637690
-0.03140584483309451
-0.07085218386950400
-0.01479606198292112
-0.09662694136266249
-0.07068171105148900
-0.10196420906820036
-0.01229876731318653
-0.06810559232994112
-0.13574155776198338
-0.07186784296446104
-0.04479531093065917
-0.02671377588385786
-0.03749538322776471
-0.07150579286426070
0.01276291869049649
0.04289830566612928
-0.07676896290811035
0.18300334942985505
-0.15813241951629547
-0.08258202798563080
0.04341403286442594
0.02470955283576977
0.11290919554643060
0.05265932580910480
-0.01777810597062484
-0.01992388038574654
-0.07339753406683770
0.05686391404796513
-0.00992842234781520
-0.14449338501497919
0.01429623239226002
-0.02578594474274693
-0.07036006500034520
-0.01426230406592372
-0.02088928658611259
0.06202481314988788
0.11857982431741096
-0.00237434960815923
-0.09985882580556220
0.01791517756358204
-0.00958465412467643
-0.15008689415393886
0.10119184933266477
-0.05569721339952192
-0.02027111816173655
0.09982793748663801
0.06689242704261715
0.14376434460154708
0.01765454268801336
0.13438970573743431
-0.04692691219005913
-0.04235099094157963
-0.04080706711957457
0.09798512010253640
-0.01910933956241622
0.06488305169650482
0.05373441618669494
-0.01592717977902296
0.01983881410278122
0.02521639503770542
-0.00079107784791154
-0.02934032282206015
-0.08836101681720850
0.03796740465357661
-0.02738265405966618
-0.09625215526332857
0.03202318859487229
-0.01914354125198024
0.03570644079250693
-0.00761936149500130
-0.00374449158005684
0.00161668488346830
0.03608247101964259
0.01267215737366989
-0.03248283064269159
0.00042545437120663
0.02054596171150933
-0.03389273781044728
0.08772726873619863
-0.00958702179650317
0.00072452353882771
0.00268342935427727
0.03666482854426407
-0.01081842412238847
-0.06192530783735805
-0.08853000092662267
0.02319875222723681
0.06617699494218568
-0.02538735353360557
-0.00858257978960200
-0.00970430287045589
0.06113210529557189
-0.00724997657058710
-0.00387709528483850
0.08247151109927518
0.00044380419825126
0.02077776699111708
-0.03309139469495002
0.00503402508352181
-0.00490919099655405
0.07635111524005862
0.02246151338904900
0.01300552567884683
0.00987295223633080
-0.01009762488695369
-0.01181140541707759
-0.03562469021616139
0.07450939657193045
0.16817740264561276
0.03527787123325912
-0.05951350980968207
0.07676996073852388
-0.01898108695451385
-0.05831790499964971
-0.08181632044219887
0.01044787622135870
0.02943437443496272
0.05563677705512902
-0.02711397949577274
-0.02519805745149741
0.04388224127901157
0.03822211156992228
-0.03739299183076519
0.01124065092999707
-0.01151587133632819
0.04005193164737626
0.04726863205303488
-0.01985392508387045
-0.07399773838609028
0.13697609106294120
0.02723933220680639
-0.13152499697799860
-0.03831217236475898
0.04815631517183855
0.05987302239892652
-0.06101551901495763
0.05159300524634337
-0.08286046906742142
-0.04509960742976579
-0.03901334737735166
-0.02019919207875816
-0.04813197172047508
0.06191911201387051
0.03640950668176852
-0.07480959838643964
0.03829785400072350
-0.06452070892438648
-0.11557824888737944
0.04333112828258140
-0.02541529459540838
0.03393674133163428
-0.00103968839721864
-0.04325289594084408
0.05323150787012588
-0.04172343595450182
-0.05387132720619868
-0.12508358192438465
-0.09445248544712596
-0.10856991887644055
0.00395437248892161
0.03634005452263117
-0.09893366617651880
0.05384103894111415
0.01883796605058902
-0.14668549078314774
0.05744879743701494
0.02118385742969157
-0.00521531215062836
0.03952492355349184
-0.00577797696932293
0.03867785826872211
-0.03549283746870930
-0.04162640788356790
-0.00754784445449570
-0.03017722186981566
-0.07061442803334260
-0.08218123050743079
-0.00172809481745106
0.00940797610710746
-0.04861496793770070
0.03517455617611216
0.01030991275557943
-0.11164587120156254
0.03892841686682030
-0.00484584608460900
-0.05489004896304348
0.17303006761026513
0.03722456534442135
-0.05687259523237564
-0.09063254685292937
0.06530985382635034
-0.08625413664492622
0.04119467060761332
-0.09504609618863570
-0.10341989361825316
0.00902424107907781
0.00935238048185501
0.04164756305267119
-0.08308634343547679
-0.00955332188283958
-0.00742260436500736
-0.04960235616531837
-0.12326633419533281
-0.03731967837504417
0.04520464465680554
0.06817527697233045
0.17654380626954574
0.02180773820971901
-0.11992906212473002
-0.00560389032188913
-0.07800593117399916
0.07826865088446928
-0.13632360685008096
-0.03108564982475922
-0.00849760192297094
-0.04825371951008026
-0.01099472711354949
-0.08990817074055292
-0.00723052999842144
-0.09714341386961237
-0.05919116960757345
-0.04514287842647319
-0.01280265656172313
0.19983830426364785
-0.01373197240406896
0.20375449530473791
0.02816283111828405
0.02391463809943213
-0.06558579024214199
0.11626718345861645
0.06010013069403354
-0.03916922489660717
-0.01083946801421487
-0.08021608257199400
0.02850957021732138
-0.00024605811875791
0.12122877249171204
-0.04072495352435405
-0.00536992433403540
-0.10082478411489187
-0.02131128413692213
0.07390489017757375
-0.07077652545855964
-0.06649988210937231
-0.02333483391858391
-0.01707935355904334
-0.01734422105571446
0.01071196994643330
-0.04678157070361810
0.05389148089993932
-0.10149404958723753
0.04705827313096737
0.09539883043212015
-0.00260154167656793
0.14552183686747655
-0.05474321904223696
0.06541233246907589
-0.03731518781940833
-0.03477234724713825
-0.01243049350531366
-0.00504371121264770
-0.00544261846943438
-0.00019797272365778
0.05556722304835068
-0.10641842265760311
0.04182332322642664
-0.05853973301741499
0.01623053615665180
0.03913912411058326
-0.02598697873285706
0.10283170104665287
-0.05100668335300784
-0.12464715450780743
0.04854598420542409
-0.03397572673495395
0.12705150867543846
0.02805899121099993
-0.10433808309130381
-0.00055253391957219
0.05787524317698424
0.00654644208236487
-0.02583602762722372
0.03050787304817882
-0.03578223173938572
0.04245367292210583
-0.14619541570165237
-0.03420920060696328
0.03127352186332710
0.07139780260929907
-0.13148283944632722
-0.01723759162655958
0.03721069518490912
0.07372336520756281
0.02629425145467142
0.06390368486920010
0.07253835042692895
0.06118032968751508
-0.04201743203435025
-0.04907623117805076
0.06000432210347523
0.02005930690298892
-0.06465111919416866
0.03097387555217409
0.16896456976213681
0.00931254852542223
0.04072280650923236
0.12231951463052675
-0.08930860913640618
-0.02002382597846741
0.09329093688155934
-0.02516745016574068
0.12435426180093889
-0.09285370117703187
0.01346015589609495
-0.02049658911814530
-0.06412114661659840
0.05335645544840598
0.01332216542859561
-0.04768705226176963
0.08103345478801381
-0.02887820602297511
-0.00668911372065343
-0.00948536541360937
0.02456386434184599
0.07228372192179915
0.01694605393583574
-0.22501772893397062
0.10049952381164295
-0.10634611585716382
-0.11706604996430195
0.01547068562345567
0.08341919946444738
0.08623977936028519
-0.09418407191056316
0.04216873516076002
0.05376310366087610
-0.01834711135115996
-0.08123478836483364
0.08058494934839019
-0.02903360718079495
-0.05303423957764325
-0.02390077503502518
0.03305078120199981
0.09388865538410512
-0.06735377261690555
0.02282189731960220
0.03902467430323342
0.01851035534287204
0.08290530233851118
0.06660824021505482
-0.00931594301117376
-0.00299737504552182
0.01122057377372538
0.06577589617265031
-0.03488662784491488
0.04644287224699667
-0.08361602364279982
-0.09319845010645189
0.02279770373661637
0.04110969809881759
0.16208379771510670
-0.07900618538094298
0.08684238416712212
-0.05674566302704016
0.02049900393449469
0.01854371108002677
0.07050789431332817
-0.07711376412113917
-0.08613528989165008
0.06411107959927745
0.02722684489314848
-0.01233713599223133
0.07558233314359018
-0.02259302089908602
-0.09425686683762344
-0.04607242824971504
-0.05523328800005197
0.00833253179834856
0.01473990489431849
-0.00857659590022719
-0.11634814164132690
0.04776743569850450
0.05706775875005569
0.01508863825825599
0.00662386609604743
-0.02141522286521490
0.06571154872750246
0.06025083419665563
-0.08674783499809267
0.00759696608185051
0.07549061003200819
0.00465763736628907
-0.05400618621583216
0.00936666754122324
0.03300566745216418
-0.03026237331593601
-0.02540087916516018
0.02155582020287835
0.01714836206723961
-0.03034018265425679
-0.01416258196785803
-0.07737633099875010
-0.08697346802158873
0.01107623390168444
-0.00349253680411533
-0.00586708890012748
-0.08641341663272535
-0.08658507259149763
-0.13545674388518089
-0.10666831850053957
0.03117157434310802
0.04197607917072446
0.01820919334596911
-0.01505425968671133
0.03070910407266097
-0.00511402531525493
-0.02646468002011627
-0.03961551434525157
0.08962592862735186
0.00464415026573457
-0.01866624778405139
0.08352556959791606
0.00575390967028227
0.01732674825840583
0.05716297068918530
0.07769689073136422
0.00877927612221380
-0.09370456191646143
0.04651323325466648
-0.09442139740196630
-0.15400459608582442
-0.02138495386583335
0.03839649285675628
-0.04349287609583005
0.03443278485342852
0.07583063017053288
0.11798458103436021
0.10200904256740952
0.02764904966943198
0.03548079574777032
0.02014371768564479
0.06780826355778186
0.02917503598656014
0.04498602304708240
-0.08534135606667856
0.03304517952298950
-0.03826567325187335
-0.05589512489930817
-0.02158707409925849
0.06696459555404008
-0.01695580426387897
-0.01323596018015844
-0.07727273515305741
-0.06354965363071759
0.04673686777579037
-0.04463825023297435
0.03009280937204686
0.07651269380695182
0.08370412587913821
-0.01737496795032557
0.04502403122791102
-0.02862489091175567
-0.03856615009213334
0.00467951378828646
-0.16204054494959369
-0.02907660517357116
-0.00127149591749701
-0.05806182032891957
-0.09299421084710775
0.02627167092405152
0.03064725127300179
-0.09800902960439871
0.03380473657461128
-0.03431058710474594
0.07540937500403336
-0.07694779226820399
-0.01916431332260426
-0.09751072813285336
0.04867024543069017
-0.04137796419903847
-0.01488241522761770
-0.03439621389448139
0.03627488093203374
0.05145327691543443
0.03703820660676684
0.00598987364798427
-0.01847211507960063
0.00389744054373472
-0.07948316657623437
0.04953509491016162
0.01064328987800478
-0.03768143823566054
-0.02871358891748368
-0.04704408917093866
0.00613056382840322
0.02040975299986338
-0.00022335733364341
-0.02075179686086666
-0.02234886167154586
0.05499037113305065
-0.08906435989325784
0.02014111542738902
-0.05663772737351399
0.07097807994843378
-0.06749605203810448
-0.04540900657006574
-0.00211513031245934
-0.07748453296969526
-0.04509444482194772
0.00415504982579690
-0.03944056286927693
0.00007794858391462
-0.05404790995021811
-0.15759403034630237
-0.04357610079442618
0.02028421281926064
-0.01845379924351199
0.05949443845341387
0.17509135217126320
-0.03099029249574024
-0.03828643662149347
0.02867654462286998
0.06552474448143633
-0.09650037903039778
0.06699524859417015
0.02437768536016212
-0.03036655380019713
-0.04705048082726277
-0.06961558297558776
0.00113780666327465
0.03854064713583839
-0.04638899120826989
0.09634588821947064
0.01388233370962786
-0.01499689993735772
0.07651482046008450
-0.04789446365631785
0.04236917020562608
-0.00859493090349613
0.07333236264413788
0.02713720393588136
0.02540685408889628
-0.07835741797225274
0.10423809138863349
-0.00497526551606274
-0.06002897314341502
-0.02095927551993192
-0.00670722658241752
-0.01807584877264044
-0.06663476220369915
-0.02275197780036214
0.04995765726714096
-0.05827271400472459
0.02157593413834356
-0.08456431240520869
0.03122165551864755
0.01824678400792376
-0.01001669957559038
-0.04565637411658287
0.00471795517901812
-0.07126488013208561
0.05292692112828907
0.00080768691530172
0.07210475712864359
0.06680213664837019
0.00037431932470454
0.07847149732081585
0.09308538505313216
0.07610664571880647
0.09626975468556022
0.05378574601416696
0.09252711116273987
0.05266649932120161
-0.03780092959208069
-0.03557951321500426
-0.00829453592264592
0.10659237569876602
0.09516911130470689
0.05174769068614365
-0.06895119488021291
0.01644790236567657
-0.08208012434125317
-0.03971304993091532
-0.09548736075091904
0.00662685244643846
-0.09097228429115917
0.07785535426054163
-0.00306355777213852
-0.10252405095422236
0.04957799019850263
-0.00409829374369097
-0.01862692270417090
0.10050792105518341
-0.07263153891465157
-0.02254305736899408
-0.05748464049891159
-0.10064444533898194
-0.02109374798339913
0.08387959489481116
-0.01540121029144784
0.03939259612041481
-0.05297180117005635
0.06877867861672295
0.03966815947662344
-0.13562016273488703
-0.07827379630174011
-0.09292842543315605
0.05454699212563228
-0.03451386008616590
-0.03135015567527245
-0.03468175913815866
-0.04480123179887581
0.00565046367878263
-0.04262773294153734
0.05710056592626690
0.03957412729860860
0.03163971602971834
-0.07103678073309122
0.02937332958571698
0.00828341105045949
0.02083143614212839
0.02524501504953742
-0.02040578238494409
0.01092516037822002
-0.08076475316459117
-0.13994866015736654
0.02683593107826543
-0.06639673703706093
0.04041605151886665
0.02505921283359210
0.05130055151160700
-0.02634564083778310
-0.02569394910798136
-0.00151626490940397
-0.00673447719227602
0.02519653292611429
-0.09055792108026708
0.01109671414176066
-0.04197088752382997
0.03598001936362127
-0.08532078593799150
0.02697055660713431
-0.01438325603746486
0.04808775852628523
0.02539302380030471
-0.14249972220090984
0.04986488634184386
0.04419395951704674
0.08763150800860880
-0.00079076051735359
-0.00323731416028270
-0.00849686691147221
-0.04186048930564615
-0.06577086062244231
0.07789575816362598
-0.03956698669168957
-0.05570421718813933
0.09046790454648140
0.00931444943299994
-0.02113887656053757
-0.02866166934967012
0.10767725912874147
0.04147779494427006
0.08511318507699504
0.02315885189294626
0.08867113492875678
0.00640399963340218
0.04275324350740219
-0.08918265276660252
-0.03559798380068401
-0.01726637541248167
0.07852971609705077
-0.10901955322632123
-0.05415980520215116
-0.06561750050713652
-0.10070432225229671
0.04152927136930339
-0.05414287715003588
-0.02084813968572168
0.00639833260606962
-0.05326039870250843
-0.00686307272732153
0.04309396409586455
0.06484777367201844
0.02245527080851944
-0.01660491972472171
0.01750069300452073
-0.02865706280005265
0.02640548370999544
0.01870331209806339
0.00994206573005821
0.01524522319927743
0.03732693158100624
-0.04693963837742311
-0.10236779042935604
-0.08343641797014116
0.02764187058336866
-0.08375218706705234
-0.03865912207616175
-0.05282734249510884
-0.03673440157859117
0.08598327368985377
0.02086956098599128
0.07285397192232594
0.05254476174144028
-0.08623294471665484
0.04392765520175657
-0.02837429093394080
-0.10939534202833899
0.00224168529378053
-0.09960541468076974
0.00201307154546539
-0.05352613662230950
-0.07256754677802496
-0.07056401811628664
-0.00133213648002604
0.05150553067016963
-0.05378072331066076
0.05930469992961909
-0.05444845905849688
0.09322052983798844
-0.04298892091733822
0.04075503281831570
0.07680366848198253
0.04678490596738822
0.01899815297993952
-0.03271465030443577
0.06018752087996991
-0.08538363277097823
-0.06860539424475846
-0.02168085559409865
0.01764072306898419
0.05125354411231935
-0.04066780086768212
-0.02122817315115064
-0.01075991451639873
0.03656088687762932
-0.05585817147997615
0.00001837980492160
0.02856588230430503
-0.00103072336849961
0.01830438704059650
-0.01595949755886846
0.09910552752724905
0.00030458741882417
0.05857748793434492
0.05439655328824896
-0.04654567035461324
0.01670370443203008
0.03438829054251043
-0.03149299387003043
0.00853440755207763
-0.02501850700870092
-0.05391191189937779
0.06896491099352024
0.03713821716170317
0.04574677913703374
-0.06360830664969670
0.09542995085813757
0.06125443790752767
-0.01305942306127933
-0.07314087300306724
0.02222229688111366
-0.05095638418781040
0.04927508037721817
0.07987640455884813
-0.11022771489972036
0.12801079469049217
-0.11373682768696833
0.12637021472327992
-0.03983397587399173
-0.01547472169875317
-0.11414300952555910
0.05680665866207192
-0.02755412802244100
0.03199628281118795
0.11734411271898575
-0.00525371212058521
-0.07156859298170354
0.00588441827609303
-0.13553732242680441
0.00866888220292499
-0.00317295458676815
-0.03093996663453578
-0.13046298695390054
0.03752407161496606
-0.09148586411752159
0.04161406529865106
-0.06759385628664211
-0.15627793367037202
0.05973353647852428
0.03866796410834570
-0.03112186674087501
0.04590635213079787
-0.07217204213986092
-0.04920409587233358
-0.06681134869037818
0.08200969465073323
-0.03574162691845479
-0.02900663102555063
-0.11443427164401372
-0.03236993580287247
-0.02310808902617797
-0.13900555559776406
-0.12639462029347676
0.00224597823768955
0.12150906457629441
0.08299972216776619
-0.04629536679509506
0.06863938033857180
-0.00013762257423739
-0.05394082037222694
0.12800659831810066
-0.05604249123151592
-0.02182038623106339
0.10861117650480268
-0.14303430719505078
-0.02715945340360805
-0.07216560129217231
-0.01760491815775096
-0.06492828792818690
-0.02248430390235726
-0.01657637743335099
-0.02699324106584065
-0.00247602919062567
-0.08902670649362600
-0.03896305214425839
0.01849190047038445
0.07106119976762300
-0.04351667612068816
0.01718292724444694
0.01272387252343444
-0.01305980334334846
-0.03721199319996438
-0.03810392300627659
-0.11018753599239689
-0.02155084605302982
-0.03852734219290722
-0.04048454753397599
-0.00684641524874721
-0.09015371431953689
0.06909386476160370
-0.04783491899582325
-0.00729359596051402
0.18160827355999690
0.01170683245568094
-0.01177867504950299
0.07545590138848043
0.09571632373170913
0.10328383607172394
0.03671329357107088
-0.07521985257951606
0.00518760296855562
0.02389489517349243
0.04328249433971967
-0.12505117698684734
-0.05593777361298106
0.04078973140918617
0.02794678593950816
-0.01976563599227555
-0.06488744885477570
0.01881837504059383
-0.00835689385726027
-0.07199791743529185
-0.04561438004120275
-0.01468080180309796
-0.06035056738301239
-0.02973345948615989
0.01015600276762351
0.14363140201519245
0.01557723568040501
0.06996530816303398
0.00177599421565866
0.00853512257301009
0.04900648011656165
0.05635008563986519
0.04980610060074268
-0.00931616696734999
0.02394279129582464
0.00162988289813275
0.02206602227951462
0.07666172660117165
-0.04946469648285284
-0.12230078339797212
0.11849373178658487
0.09165005970052384
0.05573187706279591
-0.09413439581859384
0.01451874468275818
-0.05677849715145424
-0.00080968117637935
-0.01123514864199296
0.02337463495351974
-0.01076980095435643
-0.10735162122735353
-0.01432492678598380
0.02463619216887878
0.06427887432357961
0.03836310342405912
0.10246559810283287
0.06914204829123170
-0.04220823593474046
-0.01894402865057375
0.10345942919962059
0.06490527200402832
0.04858100304837601
-0.01912121036330004
-0.04181214211156378
0.09079763819133092
-0.06617276917715906
-0.07242824577746013
0.08930894343871232
-0.04260124016309585
-0.04798698840192417
0.05467580855450409
-0.00051894254171372
0.01091614694901298
-0.08743457441074662
-0.02784074493382524
-0.02201281685886041
0.01418280220012431
-0.11610846681177885
-0.11371580856590567
-0.08267046199391798
-0.08006654349933824
0.00193414454714842
0.00136121858089146
0.09821138694628974
-0.03077977922569875
-0.05041839305410496
-0.01758602968382325
0.02685755409545879
-0.04491829737644741
-0.00834727671439611
0.05045359305386449
-0.02254164287772237
0.02905945149906208
0.11301611839867594
-0.12867381639069925
0.06739380433287435
-0.01413244639138692
-0.08238913651255943
0.07241302744949001
-0.01811731899476789
0.00227855805608382
0.05013084418513770
0.04282096144394654
-0.01704817871723996
0.11254142774765748
0.02941024964971271
0.00746554780080951
-0.04302827887407418
0.07735235826890706
0.04598098025591037
-0.05400280763303072
0.09516718019145307
0.03078564513983031
0.06174498916738153
0.03463582761034843
0.01334849004399662
-0.00902772048713308
0.00284384725468016
-0.00004895604611896
0.06326055677117957
-0.04437822605402762
-0.03705228301302139
-0.01755083236781742
-0.00255603548437799
0.10326657903081059
0.06458977223175182
0.07392174339713749
0.02755070708357029
0.03034623729741738
0.04365786825930351
-0.05007530164273517
-0.07957671263186780
0.01580168985159786
-0.05152197991696258
-0.00690960801461920
0.03250808808290133
0.02549944010486093
-0.00055532235287615
-0.03881165820798509
-0.07527822293214954
-0.04861965459132507
0.08890048451755443
-0.02506215052721820
-0.07980971603696600
0.00622035150552242
-0.04708205311132897
0.05348488765123577
0.07898266886532503
0.10610480086013835
0.02195915593894666
0.04353030231071141
0.05491298869723094
0.00173601924872768
0.04413744206170978
-0.03738488202040808
0.02867956660464690
-0.01898655492009277
-0.00811535094596815
0.04563777317259191
0.08540927337636540
-0.00356900950013815
0.03248477206491930
-0.06515444253320601
0.00178243142435659
-0.02891847950991861
-0.04995240358177626
0.02136455731047202
-0.03261197991056522
0.08562543196599290
0.06609414942537009
0.05025514500161159
0.01620074462171927
0.01790436484613729
0.05108523901213134
-0.00145705099829966
-0.08572546893379077
-0.01732670027065790
0.04887202209328585
0.00688328307602283
0.03557372392777411
-0.05524976031240006
0.17659997061401836
0.11602408664759424
0.09227587540087887
0.05936419143517736
0.04790531191111842
0.08288465127320027
0.11060901054398709
0.09121059963257491
-0.03891527444130131
0.03044371028391822
0.00205334943291161
0.08686409815612331
0.07865084768410481
-0.00186080255533734
-0.13215766713540186
0.01838557201353192
-0.03483614270942727
-0.03622842940616159
-0.05868928298933866
0.06188009568227344
-0.02949782036738382
-0.08083288998758872
-0.06954240017098408
-0.00874497365777091
-0.03913714884294738
0.00077172515767539
0.05096078948051613
-0.07201902783849264
0.11216655078749400
0.09665688748622170
0.06674233144268263
-0.09728826550343908
-0.03534445826615880
-0.07766648900072975
0.06814744671509165
-0.00575389385433211
-0.03243359506780510
0.09110794311709079
0.00020268866544675
-0.01487751402975753
-0.06228611945316606
0.00088267360155144
0.02473632011335803
-0.00123146265930878
-0.02653558900328817
0.06042833119293059
-0.00232516426176063
-0.01576154299606757
-0.03522717048297735
0.02236464200908775
0.04404339917663346
-0.10418047814811882
-0.07612888679151245
-0.00157666391091472
0.00796557904691460
-0.07924026507267730
-0.00608609166813308
0.02388523634370077
-0.03067236757986249
-0.08723994014102772
-0.00439767369123351
0.03276270164909883
0.01146194650725533
-0.00450687434416854
0.06243673952399571
-0.01667756073774204
-0.04303813672207035
-0.06265451678756456
0.04138616938874923
0.00518318564836177
-0.09743134949507602
-0.11375287566293592
0.04417700493680130
0.03629967527603914
-0.00159534613431803
0.01731119351386861
-0.00794935496740991
0.04853142873794031
0.01732319885848605
0.07501909232282485
0.04662184396231513
-0.04287159296164068
0.07197715105580929
0.05207110323692121
0.04279706618717150
0.07555691216749036
-0.08548111631659507
-0.03352815421955980
0.07848882265312446
0.02554321355136134
0.01183460616839471
0.06632250050980695
0.02537372713968301
0.07342483174078487
-0.12095097723932660
0.02623859394683158
-0.09497383805625879
-0.06045212473558511
-0.05396412220087756
0.03614903935829061
0.03493862722649450
-0.04792092864083944
0.04044750086353303
-0.10827619124289625
0.04585582650003623
0.02624910312457540
0.00309398672131264
-0.00299252016452401
0.00036268610694171
0.11211682308713788
0.03610724308540698
0.02114599465977084
-0.04181740810407627
-0.00904478293662527
0.01343346946803448
0.04082160581821988
0.05395972058265489
-0.02071541460217057
0.07680818898692908
-0.03978081118413919
0.07735378200393532
-0.05551608499717427
0.03034594298203982
-0.14820796549967696
-0.04904064888910218
0.05431890438458113
-0.00137302240600033
0.01889814726371491
-0.08142279072815721
0.01610188519184786
0.05504015403346481
-0.04626834455865445
0.02830028738322020
0.04545308161237861
0.07999499974741384
0.15636798687746886
0.09699220708118569
-0.05666595132184484
-0.06512397658468597
0.12697522481111870
0.00998389077038298
-0.05482434875221934
0.12067703428092601
-0.04322667934554996
-0.07794102760763263
0.00440691996044602
0.07795182736581928
-0.07312730936643796
0.01329071269240424
0.12599462348842649
-0.05911577367844251
0.10947839757715447
-0.02234818283149407
0.05239212824936215
0.01536709789742798
0.01589585492304400
0.00158385324294576
-0.01036135966128626
-0.08106173150524419
-0.08468641048066985
0.09806111281008087
-0.09897315970621924
0.06397408139354832
-0.02582444910496167
-0.01002683734179660
-0.11704200815391329
0.06926178679718975
0.01255098095931633
-0.09665841425594411
-0.04792307532682377
-0.08866010550172596
0.02384926519013417
0.11700480201581358
-0.07206963293415054
0.00757028593869869
-0.11848383428566028
0.11684650139425760
0.02095895428869893
0.09496904091938599
0.00545871978254731
0.01879655027662548
-0.04204453303551335
-0.08913670434232043
0.01182169314317191
-0.07321524553419169
0.06837471653950777
-0.06316326806008664
-0.03279178602477219
-0.11615198206654241
0.06151776391320738
-0.14362241663942260
-0.07731317919729566
-0.10960344748246988
-0.04903356014225403
0.04591220131656667
-0.07199611990263607
-0.14809067386641858
-0.00732092053273411
-0.09815655130034284
0.01409768370069139
0.05633364761837166
0.03782494152294869
-0.00429677494677028
0.06279352655557688
0.04377039320309604
-0.00512726612050465
-0.07742351469723835
-0.05129446874181093
0.08749818509111866
-0.07977964032726677
-0.09707719574680670
0.10057183315581450
-0.11327799322429093
-0.05883061238463284
0.01745687403860396
0.03116162012789681
-0.09378035635163756
0.00461837887721159
0.02803637897423645
0.04431296490017683
0.07909746338031449
0.04628309647811144
-0.07187320019304776
0.00503206580486734
0.00976650798995597
0.01554178974270296
0.03493593853745761
-0.01265894419133409
0.00717794588497929
0.06450756786094988
-0.04034592406885273
-0.00360348218187119
-0.02972083123383338
-0.00916161903252651
-0.03506670323052549
0.04338030255185177
-0.05810881279934814
0.00103262848810949
0.01778737963478609
0.16261404002098195
-0.04086229125414319
0.01798024663806057
-0.10986419520940073
0.07001299549626860
-0.04655356938732541
0.01414012877496221
-0.05637574051545761
0.02976385746934305
0.06453599625283622
0.02240891631023973
-0.06821049745440483
-0.04296721312653208
0.01150304052945468
-0.03581936521456577
0.02684718315895216
0.13008990137808277
0.02168283415101249
-0.00309768442107828
0.00888166220071066
-0.02496593634096447
-0.03922590705890546
0.02434175310087467
0.06479082806197331
0.09177155459427450
-0.01415749346672830
0.09355429060430097
0.06342991071180053
0.01180792676558514
0.06936264341698617
0.06003197174212503
0.06570792153877442
-0.01701125434130895
0.06869774698062762
-0.00131317523262197
0.04252886928996662
-0.03023189645385914
-0.03919804355433320
-0.05662586646381126
-0.02521041332291092
-0.02679014381450327
-0.19503845503170045
-0.01147361162260406
-0.15289440758066414
0.05065828778718903
-0.01320105895444435
-0.00051451909125094
0.01569271099146147
0.00812636521034724
-0.01875575857513400
-0.04666336116192347
-0.03609813999151754
0.01301341901725864
-0.00821538321549150
0.02303929874652569
-0.07654934755067454
-0.00525430514628092
-0.10136652993232378
0.04219892712858994
0.06911612809317802
-0.01965787599854287
-0.06457349257454202
0.06093321917826260
-0.02798889853389104
0.04992241141775678
-0.05960163354319215
0.07399631714207389
-0.05580058470956433
-0.03024269036384294
0.02142876335413231
-0.03112872783320146
-0.04760216115232763
0.00434767824682639
0.10068453515543288
-0.08309669568526401
0.00063086096441576
0.09710681106665268
0.11875122785243687
0.01703967253105826
0.01253656949660409
-0.14339603001643722
0.00143385564759258
-0.02648981489199703
0.12225784827994102
-0.05376206944162706
0.00904777648121665
0.01959586314051771
0.01755473181261924
0.04620413118501639
0.01416438794703711
-0.08670714911635738
0.00414150885046777
-0.04005120659179883
-0.00040117678784536
-0.14979172573687849
0.02175519248796176
0.16864145705694727
0.06397137521191815
-0.01741957809738034
-0.02845604587990543
0.12256224234639107
0.01203404759463832
-0.03414098014257791
-0.07007876175901931
0.00967133782536835
0.11778783117355975
-0.04622162872265780
0.03305967420933899
0.03318340884615766
0.03069626002415584
0.11046890230045529
0.00431236409053848
0.06842356696232463
-0.07290606105483473
-0.11556554570777182
-0.07158471577720274
-0.03633554035773280
-0.03447678445302264
-0.16471984418878935
0.09452591700000797
-0.00465023176498261
-0.07338847657509712
-0.03357392041870212
0.05602715997805126
-0.09379155137220775
0.08284161232840737
0.10422281353341802
-0.02188170937806614
-0.00837140107504628
0.10748770045141441
-0.01199460787967260
-0.05868384779093352
0.05339801795990984
0.06318888171101827
-0.03429712284899424
-0.06427509211203175
-0.00343199150947401
-0.02921212751588824
0.02633044273690048
-0.05017842041811394
-0.05722258494153484
0.00327375708404562
-0.10094832025415761
0.01941106512036920
-0.12074601260336178
0.02935740573157310
0.04180345206846344
-0.11089935392759490
0.01818047335352908
-0.01642004334915436
-0.01308743729589879
-0.08468558436654254
0.08289816194058669
0.00854950271382086
-0.06092995289415771
-0.07897893664962970
-0.04610770183237544
0.06954393250149704
-0.01819576070793568
0.00655444825927367
0.06532848420243265
-0.00149528050325358
-0.02780292008654525
0.16360855440875277
0.04249532565799938
-0.12383709366796666
-0.02596455069708188
0.03411470453383816
-0.06971034512844301
-0.02673804161765808
-0.00258737105706018
-0.07291285079621249
0.00509045666628558
-0.18754278631725171
0.00031264255394442
-0.06124997274949632
-0.17004325595448541
-0.06593903718279406
0.08013190855294121
0.07549291149367002
-0.02176890315588716
0.06540819011739299
-0.04265297213505057
0.01982765605017046
-0.00806342041116791
-0.03611540355036594
0.04069010363738283
-0.10323160894973951
-0.00051671017156949
-0.00551198433547626
-0.10743400370499849
-0.02416875299970659
0.03586415061931898
-0.00876150826041144
-0.04226961963533155
-0.01474494317078414
0.03577769499937027
-0.01731046159904039
0.00185173478066109
-0.05877874998774768
-0.00045823830772884
-0.08950718228696024
-0.10526679145985447
0.02544136831276086
-0.01306223581936110
-0.04386397323277832
-0.04005678042510762
-0.00878065693947630
0.03432574807720572
0.09224372818376350
0.11841362946572456
-0.04602650956277945
-0.05459412269117213
-0.05631534631821829
-0.09111306413694673
-0.02309217176391077
0.02251046329913550
0.08548218702153548
0.13661368870063215
0.04452266862367159
-0.01665460595204047
0.02698533754291318
0.00618697909381713
0.00806503690000241
-0.13198188512670403
0.04493550483574660
0.03601550249378901
0.02983148191312799
-0.02520354456939888
-0.04148964367617992
-0.04640676920937187
0.06890176577800747
-0.04467364747226804
-0.06051005808694832
-0.01819258834690023
0.00592811580626585
-0.05201612016143251
-0.10814752436715364
-0.02123923286330643
0.04940218658741506
-0.02198605833314250
0.05057706997886403
-0.19552496567914754
-0.00688357770972401
-0.03484883526911084
0.16485416092284638
0.05245246345955697
0.00346845419514460
0.02257192443710026
0.03527258899117331
-0.14651781207177955
0.05900187272948466
0.03268567327610723
-0.04169874317561492
-0.03616996077145890
-0.06476802064460790
0.00628475006324460
0.06310420480916951
-0.02676531601739915
-0.06446461527735413
0.06541303702857491
-0.09485792265031182
0.01811659536546235
-0.02713920029285913
0.00024727766886656
-0.01589682311275178
0.07576925863842389
0.04723542132160569
0.02747713679995852
0.01484082727916916
0.17904127054032881
-0.06230237130073046
-0.08067463687549713
-0.04094883964766265
-0.08773468419510624
-0.03311768407313343
-0.04098059691118718
-0.00054716193291827
0.03334709656846102
0.07939627941830753
-0.01742325032712665
-0.01012540699842326
0.02991658093852592
-0.04960372625114004
0.08963984294553967
-0.04595119481189434
0.03058907498204104
0.02374673624846212
0.06285911933464614
-0.02182147094141068
0.01392885955542518
0.12747387216105488
0.00135973132185536
0.00601942787252578
0.05771136609499726
-0.04056276751539080
0.05253960405661732
0.03061538250792610
0.09682942419138479
0.03775399860443316
-0.02539222638262736
0.00766633698018502
0.11142586316794874
-0.02036963101978317
-0.04223117160775974
-0.05508868006857479
-0.02219197115683818
-0.04148355457834942
-0.03982959976706731
-0.00427708311816476
-0.09703776849843830
-0.04622935785582508
-0.07743152979890416
-0.02288777065157472
0.16467783048281942
-0.06329634669461370
-0.00030531225947095
-0.01816716269734619
0.00100508613529941
0.08297241408203405
-0.10132981996231653
-0.11001499543684466
-0.08604813201195614
0.06292921380535249
0.06297302201591917
0.04405026649069286
0.03739741084416436
-0.11517860399652133
-0.01346232198066515
0.05678408851578463
0.02947893348122974
0.02591035154713888
-0.06063305274020361
-0.02114527212191245
0.03953047673099391
-0.10568791486207223
-0.04544320425390547
0.09438138656593656
0.04123576885960423
0.07355031004110067
-0.07176070332203527
-0.00746365179018137
0.02698754221814115
0.03598312665270610
-0.11470025184942303
0.03676516829234992
0.05180754777077691
-0.02045709213829900
0.03717725861328553
-0.09607390408434653
-0.05012676776689334
-0.06249269077734317
-0.03171665729967702
-0.08812822805413273
0.00810431142654944
-0.03487945032147829
0.02970352373395059
0.00572372160545404
-0.04344434489417013
0.04886339586834899
-0.11543049966770473
0.05994641534622192
0.02486786500802234
-0.02303382644408752
-0.04797308297777650
0.00402079119940009
-0.09025168877819782
-0.07269722778962212
0.01111799878250224
0.02058461406414670
-0.02089329393619864
-0.02755503514575666
-0.02212403043580833
0.02165063697182868
0.12413145042624414
0.05883810556560353
0.01222165587658193
-0.02239887111373399
-0.13507559969729624
-0.01343288494548645
-0.05669249817963196
-0.00341249208961900
0.02964572893784036
-0.03160561436366073
-0.00641806822090142
0.07500433739729749
-0.07533536841760728
-0.00130051326143137
-0.00091853412019195
-0.03722784689065202
-0.08310430922041909
0.12200054513685304
-0.03476692562849183
0.01940960022022746
-0.13554194869277120
-0.03201904887560486
0.12221762216596146
-0.03650817618448456
-0.01122191275062729
0.07587019518600224
0.05350206462677236
-0.08576686624136413
0.01501871798558103
-0.04087753526014870
-0.03519349375456637
0.08184051139459353
0.00900950542386185
0.00544150707583343
0.03660433754257418
-0.06997156378903659
-0.07199362104417366
0.01825111742423023
0.00779194341782298
0.04379017948037969
0.10742987179583860
0.02917209337637678
0.13113382220932743
0.00444741666740473
0.05925890597899351
-0.03598274670106200
0.01764126598591498
-0.08048150518101123
-0.04104732525014691
-0.00026315337524168
-0.03222370113542059
0.08236541864527908
-0.05972358858058927
-0.05576706034015188
0.10939947262982005
0.05516444369636247
-0.03563057167080765
0.01106926061494341
-0.07191551881950765
0.02366593421694676
0.08507977121429666
0.02675758653863486
-0.03394247790513712
-0.17687621673926313
-0.02441037628053299
0.07511919723851031
0.02375221776398990
-0.00524999558666540
0.04081180043006839
0.04268656947707382
0.09778230736561269
0.00046736298996566
-0.02581718864051038
0.05104346016682047
0.01477834291287311
-0.05711807037464445
-0.03369174839412929
0.08743677103488726
-0.02403934057820194
0.02698936874507299
0.15068413822928936
-0.05820327016077528
-0.12173455994300091
-0.03912857122160821
0.01170401538932021
-0.07125340828428670
0.00189036099814650
0.04189921547660885
0.01874708937340663
0.04541596913748690
0.01351334753671332
0.04139870192941686
-0.01857126397907545
0.01875871362584400
0.14405775080378991
-0.03722074357033752
-0.11875983961050916
-0.01092246155736232
0.16714632822699946
0.07633656400746876
0.02923503146493244
-0.09886621834595266
-0.14369047108464952
-0.02455855581987207
0.04679081163307677
-0.10345591577328642
-0.11231823294368928
0.04614958096008807
0.04303215345292325
-0.06088097521585562
0.08185816897073629
0.05057564939258744
0.07513662841100759
-0.00759100500293736
0.06086571156115428
-0.01689120256778189
-0.00505945194899812
-0.07646971078136519
0.01213879902472115
0.10057667094725149
-0.02489108521617806
-0.05688548416732451
0.08030965852189229
0.04096871701578526
0.08924916635543485
-0.05823400729113846
0.00143778485735329
-0.03021870719732474
-0.10265400542737738
-0.04104647460221072
-0.03530669956927271
0.05106487249997896
-0.02489157503295868
0.04706485464412942
0.00335107386901458
-0.08496538768371224
0.02987114632510289
-0.09950954397571757
0.08817549793205648
-0.01172504347237820
0.05339664530434034
0.10979893311934856
0.15543202122701544
-0.06273993551174240
0.00810591768408368
-0.00108457346969166
-0.00272056577644038
0.00628261561865709
0.02135984819485522
-0.07035685888663584
-0.10097977748068827
0.08821768898662262
-0.04354599570899874
-0.10578849489557679
-0.05590969865237050
0.05414447453630908
-0.02655373423546098
-0.12349392120866805
0.05921546601384446
0.02367822616098779
-0.01849904210404799
-0.01325014410389435
0.08102910756919865
-0.13105806090333977
0.09932831119675548
-0.04310388571808067
-0.08411821411568970
-0.08929437881945995
-0.05472848028792042
0.06367282214071956
-0.00432937740338944
0.10466590483207350
-0.08206834374315808
-0.02890011052629947
-0.02135166835545160
-0.08053120651031047
-0.06517572068676523
0.12458149971129226
0.02744840277159865
-0.07320111969924652
0.02663625759121104
-0.09607809377444791
-0.02246797516831600
-0.03322550502551148
0.01205531222273260
-0.07639083279828125
0.02807678540443823
0.06740806608033600
0.03602608303335849
0.06615232998148789
0.04479816335457078
0.03572295596237161
0.13737904656116304
-0.03899029211035704
0.03683778756815307
-0.01369430222653314
0.03542596431309881
0.02828219936283589
-0.08118142440036492
0.07407124258709366
-0.00899017473997167
-0.05191081454092223
-0.08523182392560541
0.03431486974583238
0.02156781535315934
-0.01410716929047512
0.06127546920385440
-0.00489374307503616
-0.06345479907497560
0.09290226508819209
0.07382875236035226
-0.13013863250933599
-0.05211594841818996
0.00403871153963539
-0.01142014651759735
0.05199179651617205
-0.03329385482397323
-0.02063527938340540
0.00230185078473863
0.02450233802468050
0.00863569174961066
0.04335231854074009
0.00303901069440628
-0.03103587459746916
0.00254324837284448
-0.00344984104610011
-0.08628157819226326
0.09234756349138624
-0.00560489362645751
0.01742598943935344
0.06216462138725588
-0.00741111753636897
-0.03180451960807459
0.00143374009287953
-0.00222215251979164
0.00835179351350356
-0.11461624776556346
-0.03925659943190236
0.00083217450935011
-0.00239299670921689
0.13104004648420983
-0.06802513065192468
0.03847674092492593
-0.02254396432550823
0.00217816317094939
-0.09534304864246770
0.02706178334159951
-0.01229413327803228
-0.13084170637510711
-0.04155840918735458
-0.01721820251365088
0.02591161088890049
0.03385545886890383
-0.02206829577689757
-0.07399689107498716
0.03285892615237064
-0.03175526573753974
-0.03673088987657513
-0.09828262348600036
-0.01955299173613586
-0.00548825094186197
0.11003748926546814
-0.03091139840577803
0.13603915519885545
0.00512764918660071
0.02703102844648281
0.04357715930759064
0.07320039582073955
0.08752357622591683
-0.02534408418588785
-0.12958920373575386
0.00421082586869282
0.06972725811512552
0.08524017172201040
0.08374737621288669
0.03210798218171070
-0.05581357863820031
-0.11702094864481354
0.04247972550704036
-0.02846484159349275
0.00491118862623579
0.15014706330314165
0.02781048733776165
-0.02844897055464032
-0.01756267635670481
-0.00893481112265177
-0.10020354092887639
0.07994217076984841
-0.07964198722724264
0.09521754810423173
0.06047072364958078
0.08450063840126663
0.11805211705872370
-0.01785686328300086
-0.03559998711921451
0.00177213074864133
-0.01200446497079913
0.04427203469542519
0.00461063345918033
-0.07408598408041325
-0.05224091608631323
0.00128607777080940
-0.10421328249366495
-0.03323230922278083
0.01761389062751912
-0.03276339176852706
0.08243563441929247
-0.04220992665809999
0.02052006026394079
-0.02186013266431893
-0.00459311071816177
-0.07992675646298017
0.07798923756048586
0.03802959099191193
0.07004792930275043
-0.06548579086862941
-0.16518877008437893
0.11597594743711523
0.04991016396145002
0.02734764493620406
-0.07973396765584920
0.07750006883036935
0.02773456880164557
-0.00252211556595710
-0.05405729023938429
-0.09707944279318069
-0.03794619129046937
0.00553742492663244
-0.00861764976412065
0.01091217510576289
-0.08562854070067669
0.05563022857435163
-0.08174402748524828
0.06031989447323325
-0.01988873027734941
0.05090499127116353
0.13341033340370326
0.08264066703283671
0.01725156032586659
-0.04517038921505161
-0.04873034410020415
-0.00997996726964883
-0.01206836142645985
-0.04568930082830194
0.05272210966039600
0.02264383155680028
0.00023178860629927
-0.02383261826016031
-0.01403439768248597
-0.09238838853119810
-0.10820373985099703
-0.12043652563197055
0.11015740144556635
0.05727277576581079
0.05438968995417120
0.06412374519931006
-0.03424011964680080
-0.04019900503955956
-0.02345449158390078
0.02933660223445998
0.01175390214794507
-0.09149203963941557
0.00030913939073681
0.00645684250703596
0.10637574555473914
-0.02700760656720639
-0.05124193378695938
-0.03700847597932144
0.01225477606400121
-0.00503874357090355
-0.02440050788515252
-0.01059970473964170
0.02853509091278939
0.05427655943075476
0.07876214192792941
0.00792809005062246
0.06154687288482211
-0.07738850791973384
0.07187046519259598
-0.10095069697970023
-0.13382696675017125
0.06562664948010756
-0.04592505698347888
-0.04857179768896020
0.00772828685662661
-0.03906089047914119
-0.08614433917491510
0.01459110875184501
0.08303695449962580
0.08738375507974631
-0.00583381039650469
0.05868608279096695
-0.01200891244399059
-0.03521906107330681
-0.03274657910208484
0.03223979987569332
0.02972098571767613
0.05817188557071207
0.04679408432457372
0.04533030652038058
0.01891641984704780
0.03632056479391083
-0.00961991267889341
-0.05453123544291667
-0.02060929323632464
0.07737547185526009
0.05866920368801248
0.01025596857727753
-0.00092472640905337
-0.00648376941280175
-0.04556424136398048
-0.03320061077325442
0.01458120193685624
-0.00384704768641932
-0.00222109385203843
-0.07555922155849663
-0.07642076847173830
-0.01287149421028325
-0.11603321299379735
-0.04324182318179982
-0.02324072451356485
-0.07296616725611832
-0.03107870257461097
0.06240439319938144
-0.05726687592051024
0.11160319829469091
0.05531595273775319
0.02682805791629028
-0.04690702544948915
0.01230671653026904
0.08059338697369788
-0.02379408950074290
-0.17486493214220813
0.00841047767938643
-0.04783957075455476
-0.08659502884736403
0.00284869729539862
0.00870375163022411
0.00655693525345363
-0.06221404140944529
-0.07261023103156121
-0.00381236023241561
0.00384472748985618
-0.07071962655392033
0.00637539800601639
-0.00382174394159753
0.00879819087323394
-0.08088965876790155
-0.02358460173915145
0.01980197397487328
0.00720650801126304
-0.02688705259414415
0.04450292834987506
-0.07891381241812419
0.10917249597404320
-0.05162519686109176
-0.04960182311952841
0.09045364147200277
-0.10923198219034437
-0.05513482164219451
0.08447240320127150
-0.01719007524631687
-0.04177764051046660
0.03541210814222840
-0.03577280844919279
0.11526138521833168
0.02053274864254532
-0.02588824258069980
0.04437749237085031
0.02628996873690667
0.01282433845966422
0.05089181891076207
0.04505363353575567
0.08181757367951577
0.00345000113654427
0.07419508584100788
-0.02135017759697840
-0.11723880785448740
0.03629361038479291
0.04109852868249992
0.01754419421154859
-0.06970482154272278
-0.08193651036603013
-0.03302609344152561
0.01639583464804142
0.07462638380432260
-0.15811748394410163
0.06870116309067316
0.00492000151417439
0.05634668338727291
-0.06474886730435209
-0.00687493778947463
-0.07415597482244249
0.13629441094944239
-0.07599394171735389
0.01521790132309008
0.05944606681416198
0.03560793925254663
-0.00378404985108083
-0.08684962423512516
-0.00639732290257967
0.00465309542248273
0.02095436025702283
0.07059545722355913
-0.01937840849974460
-0.07311680940456573
0.06281737442208860
-0.04512375933886596
0.07516950366544256
-0.03666076604016180
-0.02923887046144808
-0.13115181821076324
0.00293482003160438
0.07448687378609480
-0.01007010768156013
0.02863734276441412
0.04205537077363131
-0.00288077703780660
0.02046021598362509
0.01965402958938753
0.02821094033174061
0.05940379225842483
0.01653951252691247
-0.05568416867715308
-0.11197806703759834
0.03889690623447633
0.01431006727160703
0.02284333564321446
-0.02851761071949117
-0.04191740419992177
0.05051137889108682
0.03439649336144345
-0.02687347079412574
-0.08794083119479432
-0.00469675925096750
0.00941965187984799
-0.06071501023756690
-0.01292835302090727
-0.10698728567713915
-0.07452370836836114
0.01861450723824775
-0.12776221126809187
0.12263254740957190
-0.08874284418546012
0.13939507994501588
-0.05871928826233113
-0.02971667532807271
-0.07450398012607191
-0.07974857318096711
0.02522826161193973
0.01365387706628130
0.00619133634067012
-0.01992811402056658
-0.07258481041451427
-0.04389531265030629
0.08664469209884514
-0.02160066258939771
0.03949244594475559
0.00963171506274842
0.03540917096216691
0.07991473429660967
-0.02850212284125856
0.04256031858349214
0.03488571742153310
-0.19016128714011346
0.09142462940027321
-0.12918338742992116
0.15815607284878247
-0.03115992508291988
0.10756633515131421
0.10913628522635474
-0.04561471045111162
-0.02583903935450249
0.03885980116077516
0.04430031154818428
0.04680733726110006
-0.12093706879026309
0.09999708322037947
-0.00384917158764993
0.04461635851122606
-0.05006763624641275
0.02606086890273535
-0.09472187744806362
-0.01369361517473022
-0.00571664356478156
0.00566927962436291
-0.08840200191172831
0.14396790294371614
-0.05951390695928391
-0.06986893087808556
-0.04881761566118208
-0.00335427385532815
-0.04305433571577764
-0.10676528542371361
0.01591941547218973
-0.09755682433416182
0.12581642205943092
0.02613841517663949
-0.08923075591002276
0.13234748066257548
-0.04508660818761251
0.01226172413975276
-0.08619660141732029
0.00776669874626721
-0.01314743300242630
0.00764762034050727
0.00556442200972011
0.07863200803566586
-0.05911366256901652
0.09842301477695413
0.06383766607653714
0.04839306862922931
0.15201304902004464
-0.04946952073836514
0.01081907394174118
-0.12633161648435362
0.02045454526091109
0.02554511885553761
0.00354984040257689
-0.08330511187460894
0.03008008965682374
-0.07298714090946391
-0.11295505409888829
0.11496050246359699
-0.04058830721341641
-0.04232271040879861
0.05348240857810252
0.04499315634846471
-0.02576275234749040
0.12704795427453774
-0.02597127308618332
-0.12648592578714948
0.01430467137577485
0.05131695193692936
0.05545322464621271
0.02937343463854800
0.02417623997863399
0.11978388800335193
0.04950116695504053
-0.04841476846382290
-0.03004732720117937
0.03175148482513462
-0.12777771238287816
0.06922143501872641
0.16303358699256201
-0.00623070352053221
-0.04935581253105163
-0.07300785693217246
-0.02278507069577990
0.13654715346753238
-0.04942327531686062
0.14375145377746876
0.07721172504807457
-0.06715887303330449
0.04921364864386440
-0.00864944389526359
-0.04984153948864797
-0.05742927239220178
0.06106450154975391
0.02688632146137993
-0.00991064319595419
-0.10038450577788215
0.08262059685108777
-0.08966404197335051
-0.06553841265758432
0.00681686258189475
-0.02140529465349008
0.02898243217406685
0.08839201303542195
-0.08581033533971574
0.00162652513877585
0.09865094142513116
0.05729129024314760
0.05902010439661658
0.07922729241711844
0.05382668199082726
-0.10854022674695772
0.01833618339701146
-0.03737177487790945
0.08218123019655227
-0.00171503514029109
0.00196882661776213
0.02287434396511871
0.11620965156768465
-0.05243484112612890
-0.05921278110796438
0.05701251122856458
-0.02732704567347346
0.05354015601483692
-0.06587044430300919
0.00377226739372224
0.00461028056982263
0.02339745842182257
-0.07510907383099884
0.06871570890519858
-0.02489099238234073
-0.03355083879796456
-0.02388160197152196
-0.07514461758719018
0.06338386428346035
0.02284153261629982
0.04765827025096772
-0.02081477864254260
0.04434351086110915
-0.02823797200466362
-0.09140439315650419
-0.08214858545736307
-0.03243041773630006
-0.02191593509761242
-0.19077609822273012
-0.09008373938980457
0.00982942772703899
0.07044262649603945
0.10572163230318271
0.09642288522374165
0.02628038914163114
-0.08592426583066809
0.03934076344244314
-0.10413448612738352
-0.09785463422391535
-0.12657349122567998
-0.00414923169420519
0.03503293863013561
-0.04956755942383444
0.05007239673642495
0.03438878463330294
0.04137004710132165
0.08603725298435674
-0.08036523828080452
-0.07112397932758467
0.04715961054008459
-0.01457869621150434
-0.12508495556562343
0.09282615009563663
-0.03803735284528475
0.03758661116995323
0.02284878908684988
0.00574507870482313
-0.03037750017442150
-0.03139780548525901
0.01791485204149925
-0.01714687902719029
0.07002075845400808
-0.07065417524065745
-0.08533350513218525
0.13510031015134863
0.12877558684631693
-0.08147751860790051
0.12205299220612748
-0.13210966881997477
0.00936538254043679
-0.03867710694239524
-0.04417140738678477
-0.01451758456317949
0.12241741797460173
-0.09614679637274050
0.04439380269966899
0.04152774511794461
-0.06677799452301646
0.04714338392205781
-0.02832223694345919
0.00641408207690057
0.04108425649725679
0.02583348151583866
-0.04436454279580675
0.04093373702246006
-0.05458674890939828
0.03519648786433032
0.00674678649659226
0.00207536482228202
-0.06454666097703615
0.07349465169340644
0.01106493950672817
0.16051952872894010
0.10374830276312971
0.07507099116398189
-0.05404594816591534
0.19279781565811388
0.02934872580111804
-0.01745792191455932
0.02260624363735111
-0.02851927399267250
0.01853454628388014
-0.00620796954992870
0.03230306554884163
0.12462584407150533
0.05532973249103519
0.04402257631301316
-0.04359245036737731
0.06637834762444621
-0.04600839401850205
0.03970892400671252
0.00139493867738996
-0.05856584206602820
-0.07820121926683417
0.02913805298577749
0.00285920978930398
-0.01933789612343806
-0.03119612979458357
0.08705961929141313
-0.09303294114811818
0.14416896824698391
-0.01598300050807372
-0.08795136607637109
0.03944277457691978
0.07966751707651899
0.05013555712365381
-0.01551723119986704
0.02287142026851740
-0.07522272545462630
-0.01855078658327673
0.03200264175609047
0.08365448230830740
0.01032003485436345
0.00386733214073777
0.02286138856812884
-0.04828027421081878
0.07848315408487046
0.15259167228452108
0.03237249882904178
-0.01426614074822235
-0.03313645138824856
0.12354427000038007
0.01159130569027283
0.00166569153538273
-0.03565107556476546
0.05159920734223886
0.05307706416359735
0.07063408072989064
-0.11296895638109319
-0.08861105425713936
0.03454994474463361
-0.05697977010500203
-0.00571884011879037
-0.04930102818460768
-0.05872948360145232
0.07740785026303507
0.08057322972792129
0.06525231042244374
0.06215050846042456
0.05864946040562541
0.01991285666631420
-0.07537126899793499
0.00970632697238406
-0.04108931068551534
-0.00970836894834417
0.00686757287264224
0.00635932017906084
-0.07694701829917872
0.01265377411462690
-0.01937092238029646
0.05482319645709268
0.08459154391263829
-0.06747881440748507
-0.00818192657270979
-0.04781319246620408
-0.00557362468829810
-0.04913098619603132
-0.03865200389625426
0.10173244218880889
0.06434727168667773
-0.03660867089070277
-0.05256637390519347
0.02809580015032949
-0.01534698742316128
0.01061593500665677
0.06971672158153547
-0.12780817212926485
-0.05035283762933818
0.09399778111050790
-0.05924161371921968
0.02185395634350957
0.01499223225926432
-0.00621744200898245
-0.08844123317689373
-0.06181314716060933
-0.00668683789713466
-0.00169831783012036
0.04085183759332734
0.07836612943219065
0.05872252799261632
-0.04682552868680812
0.06560495256642621
-0.05040091686668663
-0.06493016821623296
0.02738545261562459
0.03675171432373362
0.04258518420319454
-0.07639947581555093
-0.03224461403490330
-0.02870737323029348
0.00585364795209754
0.04440909431223888
-0.07568942279742759
0.02113319126947651
-0.02551686663293476
0.02930177965199059
-0.02434473423704228
-0.00961576648815290
-0.04950746667901214
0.01515546666595578
0.06595422262474956
0.03347760169371217
-0.02959759930914299
-0.05348932040137704
0.00347767279523199
-0.07742222254755299
0.11939283369823048
-0.00707867306464234
0.10781317293841031
-0.02087969198329376
0.08650617867838357
-0.04229699955083387
0.05305315930074701
-0.04002683747776557
0.01267151728786388
-0.08463186363851639
-0.04889291990287246
0.08560838899762065
-0.08080659170619089
-0.06309394654658698
-0.02480825747008434
-0.04417034728013158
0.08486688183723314
0.02242197357027012
-0.05555825258844303
0.02860346342624484
0.02080939778221635
0.06036649866120679
0.01348983254527557
0.09716572799855906
-0.01438424654557612
0.06280547393600724
0.08450394499316917
-0.07088008651972054
0.05494248608911678
0.09400701204026000
-0.05179462711375559
0.00904307096819372
-0.00174387509812495
-0.01058202327240463
0.01560706467303857
0.07132623340920120
-0.07157189215666102
-0.07483490318980152
0.08649653836304150
0.03897922585787869
0.04215009097303023
0.01077928852218911
-0.02307967427292905
-0.05472909298866352
-0.16533668771082011
-0.10801704522976267
0.03995188851578831
0.01542486344950819
-0.07639414599091443
-0.09722240149990873
0.01646662824832401
-0.03531634836485855
-0.07582637547352677
0.02134949032813294
-0.07691553300878932
0.18013277066448605
-0.03824762952886242
-0.03503128804889458
0.01381035136644325
-0.00671541978052238
0.01425481994865834
-0.02747769556120312
-0.05022264658803962
-0.09589881894145277
-0.09378170557287460
-0.04740085468750618
-0.03039642127605969
-0.07201492585711293
-0.04651925510281170
-0.11898364283398999
0.11278485689059223
-0.07724640364135596
0.05622967116809312
-0.04241954555237019
-0.00087587060126350
-0.03555895530520223
-0.06000680462893179
-0.11682006923664058
-0.00921664003184580
-0.02524848710094654
-0.02030958273139828
-0.00135529165518528
0.06606676835347518
0.02993529126118958
-0.03506416341351439
-0.01065542081971421
-0.01867045297899492
-0.06313309363559962
-0.00748404537858252
-0.00906213232821076
-0.06409447098947547
-0.06530347843048055
0.06266453559894382
-0.04565517318935882
0.02822796927658947
-0.10565651709092660
0.00254453131522509
0.04719993086411615
-0.05380583687455517
-0.00054801786102076
-0.08070737419557138
-0.00760241175084697
-0.06731546457757313
0.09556602539282077
0.02506587556057939
0.00936041708976750
-0.03557288297075836
-0.06668481535057658
-0.00104248508514254
-0.05435025601210752
-0.00908155647446222
-0.07932673357021169
0.01820806364066410
0.14415813606468161
0.01943329306493687
0.08923060148714747
0.16885445795638807
-0.09504260188770139
-0.00884261445751089
-0.04507545064933756
0.01726221461795471
0.00855556888213952
0.00402435620372907
0.04251600384222101
0.04405735268286270
-0.02477387052484594
0.03860810822201384
0.01644761279436385
0.06498421054280006
0.06756292028084135
-0.01538592788780160
-0.04204910043974652
-0.03762245143771859
-0.03972240085957315
0.03990074257731505
0.03136854689875476
0.02368560045468580
0.02363656031782147
0.03991409456792944
0.05577044013037475
-0.07933819056341006
0.00285968142613326
0.04225906909554961
-0.07762218900459213
-0.00291426439446634
-0.02547941926563926
0.01059091790754274
-0.04436576530999784
0.05179235248346710
-0.09622715883179328
0.08507766230839933
-0.01098658358167552
-0.05864855652792591
0.00154078379307445
-0.03366447842812917
-0.09730693524762647
0.03394986033041878
-0.02292859751598090
0.17924899535019301
-0.09200210790010739
-0.06564505745315249
0.11211348558714861
-0.08245114306004990
0.05488054063258946
-0.09884417270091109
-0.01404503923179874
-0.14152924205337647
0.06563617396795503
0.05680440989957480
0.01945983733681852
-0.01927796064387817
0.05905609853001463
-0.03730341807725934
-0.04892432029184923
0.05391058329084224
0.02349387499085514
-0.12565838773940577
0.05825158962774839
-0.03097871476534110
-0.00537403385148308
0.01505637274881027
0.02031132549770289
-0.06022180581494072
-0.02476432858455216
0.09578332522526041
-0.07879195646522141
-0.05641083101015479
0.05751412666838500
0.09044992376022314
0.03780958779529496
0.04439451763697769
0.11325281034170197
0.05819118506934041
0.06210503251540125
0.03721757820407497
0.03938899111091630
-0.01198327672213338
0.03355720352813617
-0.02394620893273689
-0.01152189978725726
-0.05416541403871868
-0.05563286330599827
-0.01483260622548862
-0.04524777270756834
0.03909367093304101
0.04287594259338635
0.00434982838573799
-0.05790920968549811
0.03846824174214530
-0.07882415684250178
0.15029432908271037
0.00311587373294127
0.03385582222934895
0.02533906287280574
-0.02304678869461365
-0.06959797911025177
-0.04552157125267580
-0.00171472097060238
0.01684496257712229
-0.02352151543817802
0.02212527743429417
-0.01862107446762646
0.03707592251210758
0.01923871152324228
-0.01834184379543740
0.01322626859033087
-0.07346064347005887
-0.00189273781387346
0.12148826840389884
-0.04981442355768408
-0.00611518925870252
0.03230125569986814
0.00044663577553567
-0.00574019060214683
0.05905191760357481
0.06772042739876510
0.02680386194841691
-0.03916954776624739
0.11412529757664272
0.06586356341914933
0.00570510686818768
0.06948950095080179
0.01242806705964510
0.03524522595181945
-0.00084542795617443
-0.03228089624581149
-0.05149842494313359
-0.06918739164980212
0.09316500371094115
0.04027627302058873
0.03184825194152928
-0.02603532516212743
0.08439277687428343
-0.13702606672108178
-0.08675771838727653
0.21072685005741978
-0.05363956099588893
-0.05789646531125651
-0.10740855907976650
0.10110403677291868
0.04186174311326676
0.06783283249246355
-0.06156711453053527
-0.01245740196312493
0.07177098473972761
0.09600849322480802
-0.03222688100367263
0.02223510966915278
0.05040071021853383
-0.00441067506506829
-0.12043739476894269
0.03776438397396036
-0.08163067212203874
0.02120822057500680
-0.09342781955761513
0.13707159525431611
0.01958917126550140
0.01586864236490552
0.00141063158706362
0.11760933041763875
-0.06532142298093964
0.04564189247880004
0.03392821154601070
-0.10241233631307091
-0.03085205551377363
-0.02593888037339422
-0.00098210084406096
0.00584225994221012
-0.03372129804530945
-0.05938313931191992
0.01121816128061856
-0.09711001478659832
-0.03908505766026535
-0.08617413615549553
-0.08128827821774869
-0.10419854994307613
0.01667510874188087
0.05227609963207780
-0.09208307125231532
0.03529779642147180
0.11788331185381602
-0.07274071455833882
-0.06263645829421165
-0.00263564692474951
0.09748079958132347
0.07925772706575847
-0.02456618959781178
0.03596220359537233
0.12236755421115030
0.01316664618828639
0.09025192143570031
-0.11261700845179046
-0.06067287940142197
0.11185407918151470
0.01484131804583705
0.06702900055549871
-0.04056702242117921
-0.08838542547307958
0.11794985854029301
-0.02015108880917974
0.07958684757456508
-0.03619648415371075
-0.07879170329749123
0.00429135936738601
-0.01988080414602002
-0.05267347796219331
0.03193610973969294
-0.01192970010575710
-0.00740626201219323
-0.03005517336774821
0.01952225861975732
0.02033913418180500
0.02352262896927022
-0.00977930308691644
-0.05603900784452950
-0.00457266445379540
0.07452887103568542
-0.07715736212587970
0.02355351013085162
0.02356503766056936
-0.20224492683338163
0.01400583695016270
-0.02520090658844040
0.01527731711886427
0.03485068083428496
-0.11268891225539002
-0.04742787002407590
-0.08373314878440521
-0.01931165391674945
-0.12601872967113956
-0.08398106476395467
-0.01616422920943549
0.00963286672936695
-0.11432645189222719
-0.08412992212696688
0.04354651986470494
-0.02497784210298653
-0.10410500539067070
0.03240817873353834
-0.06593228456456994
0.01135181100387605
-0.03180418384193556
-0.04591760055689969
0.02225309416990599
-0.04272368966408168
0.08632452043541824
-0.06186124161477867
0.03691000744450064
-0.02557850011513744
0.05321031206405809
0.08745646574371727
-0.00234809134075687
0.00067471135516600
-0.04928561025364929
0.01187530928855344
0.05385871549647110
-0.02803515250471414
-0.09352733540577025
0.03612732419748521
0.05265618781560059
-0.04417708412800963
0.02023538076257709
0.08465090683193739
-0.00070076197750891
0.06567747028858326
0.11114265661956622
-0.07031435246963701
-0.02050921728046979
0.05912290649375045
-0.05262574702043487
0.11324029197410702
0.06954129341189762
0.05657298490907675
0.07813701097669491
0.06802305893052797
-0.00040530707800648
-0.03842910835794668
0.02139497800616362
0.07419018480810274
-0.11778209598441028
0.00460855508156150
0.00347063667649338
-0.00659283742739588
0.04289490324684404
-0.05858921257399267
0.11149702540550484
-0.02839924598376336
0.18391646531465575
-0.05880559829151973
-0.05323857527096622
0.02648742796431443
0.02010053574519696
0.03312004991727792
-0.04466341931432791
-0.03801175251232528
0.00683146212373285
-0.01174539560505975
0.01040425768797163
-0.05644610622671245
0.04802566677422333
-0.10067894492939937
0.06060065442242647
-0.01152702016413752
0.12752177861055447
0.01120128139248988
0.12146584930775157
-0.00434283855699316
-0.05736911758992536
0.04777709778490848
0.02781049897877176
0.07403106560620638
-0.07695835013594048
-0.08614291429847874
0.00359243829428367
0.00027137559842371
0.00986118367838910
0.04623420832296173
0.12595428309406911
0.05349858308030019
0.02818719510675994
-0.03672899317234760
0.08520150657459981
-0.01319491604237633
0.01803487017409403
-0.04320644065621879
0.01627840630123290
-0.07655695998622167
-0.06024771272700651
0.04616841729501243
-0.06957704901424734
-0.05157870920635049
0.02669171596880729
-0.10860427667465444
0.00523809643257697
0.03252773930201334
-0.07654877639421789
0.02205759858212401
-0.01218743607059176
0.11717006294833142
0.02699725953932476
0.08030939441200143
0.05604534074779581
-0.06046685077525568
-0.10862239078021509
-0.10362025501694692
0.00912513260724315
-0.04607844870606834
-0.12198462090914526
0.09040781085250134
0.07953132319269973
-0.01770071326385129
0.01488211473732096
-0.03758298254929767
0.08740579027440332
0.12682368833904631
0.01691389349952706
0.01897204689166180
-0.09869237673588228
0.02355066110884360
-0.05313892844739307
0.03457371282029492
-0.02123056077712415
-0.02271452867911947
-0.02743984878577846
0.09114359799764349
0.03635937572810005
0.03890142748825784
-0.08392644170642005
0.06860624312139478
0.06443973731170548
0.02217806530448756
0.00332561123669793
-0.06238534990840767
-0.01087422273237736
0.01869095615145395
-0.08948480940832895
0.01832348324314172
-0.08934851873465735
-0.02686291955878917
0.06179788110955393
-0.00584431267567221
0.03132347019943221
-0.02058549081936193
0.03468404400798113
-0.02443607526853767
-0.00983910177101477
-0.04860681593321049
0.05728916153464917
0.10222189642748861
0.00570553614295980
0.00627544789830426
-0.02786939408766695
-0.09066439287383307
-0.09632342009314553
0.03630103036154749
0.00723302123828484
0.06781515278751012
0.09399206328374887
0.06905921486247697
-0.10226320292296397
-0.06394069672237215
-0.09565935341800261
-0.09773379105072347
0.07208191301236033
-0.06279128068519757
-0.10644327061509030
0.02209581989163594
0.01833655876501536
0.05651692730599192
-0.05440003244497073
-0.00663938658535709
0.02622346532160505
0.06922801976293946
0.01993348959835332
-0.05764144747410760
0.04238828149855485
-0.09233691213768182
0.16637634566160622
-0.06500094670275788
-0.00702980248334378
-0.02795963742395424
-0.09885845661946729
-0.10820850636781931
0.01128976020817084
0.05710559209910639
0.00924830378103695
-0.06493422570842185
0.14413639686013871
-0.03775951192806488
-0.03217833033071908
-0.02931753587309369
-0.02135103588475293
-0.01067660577050100
0.02744952102893201
-0.03183211788662017
0.07420040521657384
0.12586768414522079
-0.00313738736356334
-0.09527014762416168
-0.05035369696868363
0.05645625093122429
-0.02411283021983490
0.02670650673461631
-0.02001694266338912
0.01202253394481603
0.02740272750535631
0.01099243805318314
-0.02783167176907364
0.07197078648118214
-0.01435807080875200
0.04297405460330180
0.08201805242294197
0.01750165429835146
0.00693108733852482
0.04648127339998353
-0.06186910860720807
0.15061031119945953
-0.05159578844693119
0.00734160013708977
-0.01413631236008865
-0.03891190596233390
-0.07855302755494470
-0.00562034768501038
-0.06757745518565443
-0.08617985618287714
0.02463157178998314
-0.02681374259728348
0.02802168380130230
0.05538241427950222
0.11618644996525154
0.02594229651024503
-0.05481424669526164
0.07831846167920328
0.01355409568528437
0.11780122759198605
-0.04045801515938249
-0.09965209150372518
-0.11879844797585234
0.04050989962671116
0.04270717801057154
0.09674051423765145
0.04824296141285611
-0.08589790906849104
-0.09496261736547472
-0.02827226066809552
-0.00666051451366358
0.01038727937128934
-0.06122812822581336
0.02186813809715809
0.00654549902606767
-0.02616262288583840
0.04736697305544047
0.05962296606360616
0.07704327654136364
0.02964003051915598
0.07025010280708979
-0.03472671826808869
0.11382793507457979
-0.03795524924747666
0.00061812253812548
0.00585549963329094
-0.01663643580797696
-0.02230744654693411
0.05443959645219513
0.07108098549155695
-0.07691312305639400
0.09689782525564326
-0.07882269599411817
0.02836524782261132
0.03353565997160100
0.01018502026684797
0.08275874294860266
-0.03739540034057897
-0.07490566312933977
-0.11332888553614894
-0.05890833955533044
0.07255391751488187
-0.03082398769566615
-0.03807024713058075
0.05183786725456379
-0.04806690400032868
0.13352785594563615
0.08921108949202500
0.02986951436009046
0.02804588615372326
0.01317941113043840
0.03611615548996325
-0.03637612965934597
0.06663552479323852
0.04190219177675255
0.06925285097163569
-0.08442202633244794
0.04213849035105443
0.10727267940666334
-0.00990069596454976
0.00684133659254003
-0.10225805254999336
-0.00790307215138570
0.03296476285240668
-0.03023194499919380
0.03123108764526072
0.00795853360380002
0.06063022849065191
-0.01182541350938556
0.01700681253935662
-0.10879908453810852
-0.05031895714348236
0.04559952462955577
0.06297333024770001
-0.01119937009657558
0.09653431473910359
-0.05017430355287571
-0.00310212209585280
0.04952318162444006
0.04841712139183475
-0.09205411408170197
-0.06311821488001787
-0.01651746280265064
-0.05844689016624707
0.04077003859919373
-0.09078773932714886
-0.05569394351524434
-0.03071716606989558
-0.08056234705759162
0.00435666240656275
0.03103731128522783
0.15070923715967452
0.02932658525921009
-0.15133906918109158
-0.01194598511019154
-0.06762181922017084
0.10406681011002378
0.13906603493547293
0.02649923246729832
0.15774696541494151
0.04318167193034345
0.05076120576496160
0.00015731120027738
0.06713480999290934
-0.01178217084541621
-0.05430765195085673
0.01713174771746921
0.06489704398918955
0.02686269722643993
0.00053428033661527
0.03708142564604029
-0.02241994394455734
0.10697873160633549
-0.05943526797310193
0.00072705935327794
0.02736961025367666
-0.01352748149255232
-0.04016900158500909
-0.03756824358195828
-0.08251930025403294
0.04003321665026391
0.07485996568667284
0.12610357177752116
0.06270966161348218
0.14066434207970138
0.06851899510691850
0.06767222857832439
-0.06425813537023901
-0.08336162999281725
-0.05545887252021173
0.04394515497804256
0.10160170663033025
-0.09798578251710173
0.01857401263195709
0.05328711112680832
-0.02769889108055205
0.04993067218908988
-0.00842370741518773
0.09119826770015989
0.09136844610467876
0.04546124433134351
-0.01357664379661810
-0.04783975552192373
0.06797107798144676
-0.01983615027712048
-0.03439751255834006
0.05124078257904550
0.08625153960130276
0.08238490053732768
-0.02865714923152564
-0.00019929288931167
-0.02895366606558712
0.08616153008720175
-0.01523849013972986
-0.01453165897721769
-0.04318954246928672
0.04620147788282354
-0.07019461630613311
-0.10286457544739545
0.13209550138120052
-0.03912263355363577
0.09850765167410989
0.11757422945026745
0.09602408182905482
0.00525830821386744
-0.00824285595908206
-0.07730866493202386
-0.02781046948747246
0.05950069994918792
-0.16391096863595783
-0.04537275884361918
-0.01755022709040725
-0.01940739508550678
0.01411431083955363
0.03471772692631605
-0.05910553451770627
-0.00343562375046316
0.05911227739173066
-0.01036121345074475
0.06442536936121294
-0.01353047445987353
-0.05840610343945429
0.00937441706660563
0.11201538337701358
0.09717980726649510
-0.03573501109031716
0.03046133203591161
-0.05277321207368880
-0.08856695911219367
-0.03337404609828736
-0.08704628320470115
0.01706337767087872
0.00063012585331423
-0.02518441708521744
0.01318021495052740
-0.02030493673104065
0.02553253020626212
-0.07410861672431497
-0.03313596086151571
0.01641388429786551
0.00643401239180563
-0.06617547132155871
-0.03806789245320865
-0.11072931118586346
0.00965454963188530
0.01277655774391046
0.03397604094132872
-0.05368033557947702
-0.10577904814525974
-0.03936409731640297
0.03233756442311261
0.06952737602318897
-0.20776374689518201
-0.03752071934101377
0.12473210156805772
-0.03838989786016710
0.13200775096350298
-0.03175916219501067
-0.02485188613480983
-0.04102825270552545
-0.14657920827193677
0.07929238346513619
0.00361072478508880
-0.06035594152699968
0.04024784327280779
-0.08209658842571133
-0.02628290259484889
-0.08597725418152108
-0.03138451125494249
-0.01265192901602626
-0.12618294253407739
0.00923957107948395
-0.00451809017655203
0.05394193463471331
0.03621815094021035
0.06859830794426991
-0.00639537559022427
-0.03610161841025816
-0.01805201567413094
-0.05356692707607295
0.10645125553851184
-0.02004634131999830
-0.10764980499066733
-0.10824922213647918
-0.07312886836331593
0.02820998634116021
0.07235964922812607
0.07878314785361060
0.02178404341664653
0.09983979079655397
-0.08160058284992416
-0.00810455509667213
0.02288065440112489
0.14872829070279711
0.08166031163969623
-0.01009307700095624
-0.07773977895196933
0.07750456996313393
-0.10048986094012205
0.06067459058327325
-0.03677837204412975
-0.02657896440557894
-0.08757127058278304
0.01244177646691294
-0.03453410861432671
0.05256691758430036
0.13913915211068403
0.02235807504415090
-0.00898292737177323
-0.01925115795143553
0.15632833382738245
-0.05881442851698586
-0.01312766025866852
0.05468013555587360
-0.00700774542413178
-0.08271284612926687
0.02391485828371651
0.05499579874482492
0.13101025275308475
0.01106589779243719
0.05713715443715120
-0.06014683780498473
0.03958670601154924
0.02981381696441486
0.08601782947407371
0.04077091063211822
0.02174125660855144
-0.10208759607132521
0.00524530006091897
-0.04457372165298789
-0.02859445843043751
-0.00240460124553722
-0.07265713444840556
0.02854178951595243
-0.01065827345304771
0.03559803243904638
0.00573594404878402
-0.02757822720582233
-0.03914773086338023
0.02407234664085756
0.00170412858021840
0.02669646638018819
0.06508803484470838
0.02891753359093148
-0.00724422829761614
0.10277547802983998
0.04913320625264644
-0.05495425241228796
-0.05652506159770609
0.02331250545459171
0.06336789293306114
-0.09097691888310457
-0.01067363867626622
0.07113905134657657
-0.01744922820752333
0.04597016248782887
-0.06928580236928618
-0.01927236543900303
-0.08349642303100487
0.00356880120588984
0.08679593119097821
-0.05091783108274652
0.06591716823997452
0.08333176784989156
-0.04987204006136365
0.03976740019453245
0.08467822788985536
0.00336510343967830
-0.17211922464735546
0.09860708622634319
0.15232325650708162
-0.08981462007121284
-0.07467226035667043
0.02611217216274888
-0.03048234165165038
0.10659503052271604
-0.05269867708647439
0.08323800030242685
-0.04821686781687509
0.10060958941031370
-0.05825099230381483
0.01450539247269968
0.00284163863995574
-0.00009111787863423
0.01226761975904650
0.02605818604714619
0.04061103804449399
0.02565480016468466
-0.05785958207543870
0.03134136235066572
-0.00509695766919067
0.05259581733181772
-0.03990730696526665
-0.04293666875577819
-0.08618472929968532
0.00310944281500143
-0.04954460809541585
-0.05366470846962434
0.12669843116007795
0.01370619915285977
-0.00485943479146712
-0.04115079665925676
-0.03672192698387641
-0.02413458422597683
-0.06547091050430152
0.04537759272986933
-0.05048305312511457
0.04021757730944868
-0.00617957243218672
-0.00457056720648603
0.00356919243804588
-0.04445311769876123
0.04656080005811322
0.01299072999350391
-0.02703833321117032
0.13360240604991319
0.05736268094082248
0.00448476260482397
-0.03510566206476095
0.09764085051066343
-0.06751365411615851
-0.04122826212423273
0.01999023277350851
-0.00023837743123633
-0.05283395514933110
0.01434045927190171
-0.07412752680825624
-0.09264048584291119
-0.13138053063870925
0.06037666168973666
-0.02746594095467811
-0.00481775706275478
-0.00630750338902833
0.00957549808289117
0.06439057319470624
-0.03203742541550514
0.05010159964987993
0.02867115483563578
-0.00105859353849586
0.02595313213748676
0.02257277467745858
-0.01822766137606198
0.01551872528045619
-0.03035946779003476
-0.00178292859238320
-0.06469233244355657
-0.05455569653732330
-0.00389523960051447
0.03649511674323171
0.05471868034428667
-0.02390923516965186
-0.03891689719503424
0.02078220759586266
-0.12440904450551399
0.04680840962360795
-0.04441805529619432
0.00616190042432897
-0.02983356250406020
-0.03147506818488216
0.09499034925694762
-0.02132741190335340
0.08342964768705706
-0.03885955904723921
0.03854721268162016
0.06490519761203974
-0.03995954910123928
-0.12059082663017612
0.10115366096288600
-0.00807980990411055
0.04039994806251496
0.03438854385472959
-0.00594092742730813
-0.05130092951364802
0.01437696146823580
-0.00851720447924088
-0.04569221878874125
-0.08078345789177552
0.11691008700515580
-0.00176786808388238
0.00801582098974129
0.03464515501688240
-0.06505844764531368
-0.03240752759629080
-0.10876888764516250
-0.08608177604772331
-0.04613086998388844
-0.01113944228341916
0.09408630190347686
-0.04747239457254245
-0.05346789789671927
-0.00368470934225067
0.03045459639295106
0.05122022179432696
0.14261285535087839
-0.10165794813989086
-0.08835213797445030
-0.02986054118912921
0.05675487848626419
0.04225723885444171
0.02626339251888110
0.03941528243653170
0.07309812049646189
-0.03567326918714191
-0.03739347250138546
-0.05489258724410476
-0.03295611347868361
0.09668770515313437
0.01712127015822790
-0.10045553202068269
-0.07380092404387767
-0.09309464239286623
0.05383653418359063
-0.12330032012427423
-0.06076598637888847
0.14219359414763216
0.07193857850740096
-0.15407885694302975
0.04417387772263850
0.05372824101020388
-0.03655154473675137
0.12616154600990101
0.05027519196769289
0.00756141124319321
0.03484998070690998
0.12644829322106893
-0.03708630066225286
-0.02763681263784598
-0.02050503634984385
0.06624043450918621
-0.00288976750946477
-0.00496741509718747
-0.01414949182584008
-0.06115226638856302
-0.06776621212582629
0.06511031263293741
0.02136384592864959
0.01678067870160211
-0.00601673095134754
0.03970259851357304
0.02169900237420879
-0.05269388903342491
-0.08805197488874969
0.00354944288305808
0.04400711977334142
0.12088168783046728
-0.01082578558998882
-0.03180372784552848
-0.07640573467385671
0.10357057680411935
-0.11559874794026895
-0.00075859019230044
-0.09009067863453547
0.04151015891273275
0.05825169304946697
-0.03421451178733213
-0.06718182005272710
-0.03105402672661561
-0.04970755800272723
0.06599940779575111
-0.09662243363695630
-0.00914417148203477
-0.02033837107493865
-0.05105279237605163
-0.04349718981818038
-0.07475321789973315
0.05174941168981919
0.00056569781649888
0.07549901226749460
-0.01709549327653227
0.00189659834337324
0.03894599291357237
0.02192932481027228
-0.07105886916544077
0.03854916411136403
-0.09994306718237346
0.00779069736906218
-0.07021161268469468
-0.04287115736798034
-0.12647456414412675
-0.03821357276261031
-0.09357847423056331
-0.08078936834569914
-0.00680417516742922
-0.02391949593186036
0.03477092133101074
0.02137667468184171
-0.03105651719843745
-0.00717338329930930
0.01492098450079523
0.06072776412560192
0.02518166780462475
0.01697978697388022
0.04445198210445864
0.00557192436422957
0.08027935239440821
0.05219919357959580
-0.08019723086854517
-0.04402610166003748
0.00240104229494281
0.05885413830172313
-0.08044396309319943
-0.07727402586306741
-0.05372339737684712
0.05462688654768776
0.15761903621156981
0.07595332525238058
0.07842440962047006
0.11951461781360301
0.03710548821761778
-0.05159110266042415
-0.01819498251447356
-0.05805795689342935
0.05102187429140567
0.05109098747639289
-0.01143998525230456
0.04867304741987849
-0.06272766725616234
-0.07558337861947835
-0.06693617515847716
-0.03455172062113387
-0.00929932717756555
-0.04273798296457275
0.08728503105324455
0.05327057683644545
0.06431434211767421
0.03171569617323544
-0.10797210670623715
-0.00024519348983588
0.06497287662727005
-0.04312193197922806
0.03572048689935890
0.05557095653864395
-0.08341173497084052
-0.06212074214951217
-0.00551333222384940
-0.01400504168843217
-0.02429649898434305
-0.03806765831509234
0.11853092032290174
0.07580593354471281
-0.07455107281734207
-0.13676752005607556
0.04926932292147869
0.01923711336450925
0.09754379676126286
0.01498585445063846
0.01514758548472846
0.06011248783438328
0.05428700481214325
-0.07911111599773318
0.05020103668612606
-0.02669302783497094
-0.05852264670439830
-0.01540738563587470
0.13597180230834321
-0.02159527870525308
0.03886014599457091
-0.05240216282562339
-0.15491444614775790
0.06833125108052690
0.07559379570465864
0.02485020479612873
-0.05954726715194773
0.02489708091106839
-0.00203475980334951
-0.10835748345892113
0.02858103890024907
-0.07906392022500132
-0.00678998838222257
-0.04930234125464388
-0.03093764692774757
0.02709302090847029
0.00023338008099134
-0.10392268900073888
0.01201036639714262
-0.03832452471560931
-0.06183847745315609
0.05941612632804487
-0.24969895474716053
-0.08641200422550746
-0.06031836441051415
0.05765385113246464
-0.04482076138917163
0.03210671500613666
-0.03274153248089627
-0.07991288562029872
-0.05297929302760772
0.07190654133762382
-0.06241115631833598
-0.00373176546258618
0.04592885740989082
0.11995787150026546
-0.06089065395520393
0.07214036095667195
0.06478054090211761
0.02618349488930937
-0.17563606925756206
-0.16783298844321076
0.02340446598166905
0.09312323874915170
0.03305805676607617
0.03585645216830778
0.02845325714751039
-0.11797082918897388
0.02038207912753388
0.03920218902177361
0.01310609244346164
-0.06715954233839329
0.00035330417500677
-0.02660997555111112
0.08246372145493730
-0.00140414010559781
0.05196003906363110
-0.11680798895134696
-0.06844015870521897
0.00723381961785222
-0.02179137987800033
-0.09582115325926131
0.08028876086023568
-0.08915361002963297
-0.02670591175213092
0.00691490820138390
0.12379656304553685
-0.04916407182188879
-0.03181532029953099
0.01304594804586037
-0.08115823806810836
-0.12198648311083565
-0.06499381567596839
-0.07465952092317100
0.09387240017341519
0.00525541007151144
-0.04488642680660870
0.04617580002376867
-0.04100822258731977
-0.07612626561175931
0.02811202999950549
0.08203104417173976
0.08582948521821185
-0.05655033544475667
-0.01684675434931989
-0.02683298933832739
-0.05326972632660102
0.01253312654756496
0.00593699120363804
0.01005392825419465
-0.11292804399251173
0.01869093234164062
0.04976505751265937
-0.05680254173873338
0.00748341629560165
0.12100808536934833
-0.02881221479832416
0.04729097365377875
0.02092077791220260
0.08758998448090322
-0.00643866971669092
-0.05732951176964945
0.07519367443734476
-0.10930194830035243
0.07795775360631332
-0.00988078997368332
-0.20997196776212626
0.04773579658899593
-0.01745646008356752
0.06556352177198325
0.03977951781775513
0.06393546388512292
-0.11201944311986466
0.01774374216397895
-0.00932748993564517
0.10421390624758835
-0.05433031356939219
0.01764271204123115
0.10502720961723701
0.00349349579234460
0.00951708635337532
-0.02160933378363243
-0.07373465781573992
0.09987525282479390
-0.01401724413083033
0.06438936191335747
-0.16932138105110084
-0.00625546712000342
-0.11247907681916343
-0.03813327956408687
-0.06555194961468704
0.06291327590874235
0.01138109917966939
0.06908810487022478
0.11655927075708503
0.04281805527970960
-0.01832976357665988
0.02392769641699799
0.03201299199076016
-0.04999254477169848
-0.05071998904520935
-0.03254287838388700
0.12164636980791955
-0.04685630241154343
0.06044564475829531
-0.05586171570512038
0.06562755755728579
-0.03707180504666658
-0.05481789332085798
0.02568697925749609
0.02755118578953545
0.02194329728735968
-0.09450469564845163
0.00203727939850431
-0.04730737330711546
-0.05345684607012312
0.00894912333260008
-0.16125284102938225
-0.07608578868503671
0.00272737273318317
0.06561351951676464
-0.00959140922731101
-0.13634550545229721
-0.10320935489358300
-0.08362419601054276
0.02349329662715566
0.17227282561952287
-0.07182165040084222
0.07237401342128071
0.05826951859463952
-0.02706696288842221
0.10537057922171200
-0.01364724053774752
0.02132052414742987
0.06809901960899435
-0.04383805332175793
-0.03526119095880997
0.02873307158424080
0.00485358455156976
-0.02177486476603975
-0.05400126621323133
0.08249583156919263
0.14285501811466866
0.01903077874526361
-0.03872998284189143
0.00326312543909313
0.09660365606118369
0.02717264559563362
0.04327112695561232
-0.09113041342747631
0.10556009939082493
-0.01626894927971419
-0.05735693301367135
0.03738291086162605
0.18402936971786829
-0.13288847595722084
0.00860039715428045
-0.05827342677251760
0.03184992601434187
-0.01237358757274888
-0.08978498318231448
-0.01549277410647272
-0.05997675139239887
-0.05018339552288444
0.07951413011202434
0.09732151240436882
-0.11197144717492437
-0.00159176982080288
-0.00828233336703382
0.03280494800219669
0.03468828064331829
-0.00510692299595334
0.03362095095837187
-0.08789979005144215
0.08587739336848316
-0.05768440856371257
0.08778861127671049
-0.11755973282651802
-0.05598189483304067
0.00791910026294264
0.01764056381167893
-0.04018385551955068
-0.03105920731811092
-0.04243356386968111
0.00033977922316659
0.06936762590660128
-0.13180134818534223
-0.00089943920915181
0.03857896195450840
-0.08875149546382836
-0.00063685999706216
-0.03258662231870112
-0.04179445748808167
-0.02853648453687722
-0.02478867087995230
0.07632502283514400
-0.10551125808525967
-0.00308957222123950
-0.05541633668561224
-0.05211225505643064
0.11740450009059029
-0.01217587335656814
0.06109097615399685
-0.04919749579614665
-0.03724008001662491
0.01975053774536728
-0.04103652558078131
-0.08366084347120133
-0.09786255581327712
0.05101571501306348
0.12177392226878794
0.08838298522596952
0.02112093666529511
0.04118607108616501
-0.14249662843099353
0.02735011190420036
-0.09926716326664770
0.00060109822518813
-0.05586879265866622
-0.02009997254861832
0.02556037140048277
-0.02622625025437230
-0.03025317375992639
-0.02052720748306874
0.04106148298748986
0.03635226211278211
-0.07266894817376744
-0.00876108582216254
-0.02138624926301425
0.12616813448442865
0.00234637166395038
-0.07389218457734063
0.00851417866299026
-0.05785413884079883
-0.06022894521933381
0.00127907800015705
-0.06076383712522720
0.04916481131544803
0.06242777166459244
0.04870500536147494
-0.00390737960143886
-0.07416181050521828
0.01909686610294123
-0.02127794072699242
-0.00637667256735661
0.00735737880252290
-0.06954960618929093
-0.10208225215574872
-0.06553125243633380
0.04464028722517070
-0.04681885627596120
0.03445120829817196
0.05462144048786674
0.00986002084700435
0.01400531518084685
-0.01734727286309093
-0.06947664653798412
0.04830876794361730
0.06675449152806708
0.02957376378433811
-0.01872024387901597
0.00833206937943145
-0.15051247617609115
-0.04733141867472990
-0.02158564489508461
-0.00370975432435065
-0.02407280652142128
0.09334523226681631
0.06717487923647703
0.07938004432866527
0.03054895965368239
-0.04091147526619519
-0.03906372189867793
0.10172948919340197
-0.00530626227599098
0.00116160878987095
-0.03349009162562249
-0.00445174518787744
-0.03998406289715011
-0.02633256286181062
0.13575181047822488
0.04991226024347200
0.01518448014438603
-0.01108654756778307
0.00171345809953137
-0.02410118751094683
-0.01637086523722150
0.01436416184739725
-0.12347063130925628
0.15434346917273067
0.00083784200035029
0.04528064492526367
-0.07006306927880929
0.02575615806164671
0.04830262856852924
-0.06663819239818014
-0.05067950599248187
-0.02421042208334821
-0.05773931060484599
-0.00529203495057851
0.04706502554084614
-0.05201148633365149
0.01793434846133053
-0.08635868876366740
-0.13276429547855670
0.04370173462253220
-0.05911649677946221
-0.09135716057107922
-0.04576868133016278
-0.06657893728176401
-0.11757423549202900
-0.06343116991876323
0.02327405550842805
-0.05603460964004840
-0.02858546937196006
-0.03801593648455518
-0.02533595363507059
0.04833943631855594
-0.00956668616232019
0.00516522451918811
-0.00104038316826220
-0.03152420740684531
0.05535729577532331
0.11621373963100459
-0.02444417696520871
-0.02603403207782297
-0.01132652870700238
-0.00917244134328784
0.08145267025862372
-0.00771106255012532
0.01529105157673399
-0.00116197701193722
0.02797305504349849
0.00226876456508782
0.02814102147116737
0.00917326761494179
-0.05913683560057389
-0.03006523974683653
-0.03496698178817973
0.05474851059265427
-0.07992539032857343
-0.01480441679767283
-0.03431814630780671
-0.05358024630232153
-0.03230591330845080
-0.07318748504928468
0.01498515441012602
-0.02096568233715647
-0.00268386253517873
-0.07420949456662296
-0.04071630114428069
0.04846640511069270
0.04904443233635909
-0.02556101702457679
-0.04293920032932911
0.01359201718578114
-0.02931027782250148
0.00079472315710197
-0.09281180737120477
-0.03434191019442090
0.03357987146972604
-0.02943260579540200
0.08138788259029282
-0.04396129635480175
-0.07329833271759864
0.01583096009779274
-0.12923469267963003
0.01458634695446756
-0.05305628726812636
0.01286613830814426
0.01373803702576175
-0.05931000984004985
0.04885217217802603
0.00793905162590214
0.09851879261940094
0.03497541294043844
0.00118062696730152
-0.00201830659372588
-0.03598098950206249
-0.02669427360696489
-0.06201095176807142
-0.00290997200342949
-0.02917948720527066
-0.00214599041482625
0.06284950079202711
-0.01854728993733178
0.03883441177469753
0.04907466502851655
-0.01847387183259152
0.09262185092073284
0.01930833275246508
0.01372921168078665
0.01544238660055569
-0.10960041907566159
-0.08651370441500573
-0.01692238190229978
0.02907427682619849
-0.00888887691166633
0.12496526091064175
0.03488687796724486
0.00090925422296820
0.04890589633719949
-0.11565662395495641
0.00870176415587884
-0.03709378142286239
0.01977398825090398
0.01824826413250872
0.01053640295234196
-0.03091387894294353
0.05054350406730480
0.03167631608360539
0.00790629302619557
0.02395215605395774
-0.01136531493022605
0.06319864160753923
-0.12850994795266032
-0.01558772617926073
-0.01439744103431712
-0.05567792190710030
0.05162368243544353
0.00756373629635654
0.00164864746989953
-0.00806632045871081
-0.04264421429804768
-0.01149941885131451
-0.04718113238605434
0.02351269632536046
-0.02773880749842959
-0.06599987629859576
-0.07126359044719062
-0.06722000509893437
-0.13109452347938808
-0.03979556469469200
0.01531012461437678
0.11705675665656994
0.00214507616868341
-0.01526114136008751
-0.01060992606990501
-0.04969335759229376
0.02519173691763306
0.03526837450556961
-0.01498957180115276
0.00270461148118248
-0.03873575524477139
-0.11421953128530718
-0.03155499983858730
0.10311786484408256
-0.10171518857600899
0.06153843100467277
-0.04018652245164511
0.08585611085501947
0.07073675034836296
0.14761482340420401
0.04869269050241391
0.02031596946475894
-0.09635537809178817
-0.06100821913721025
-0.05466798106217311
-0.03972796877403857
0.08453607137744924
0.09492871930372813
0.03904145034991194
0.01036675664174029
-0.13510059521821069
0.00643392572231676
0.02079626351924267
-0.03838475446057431
-0.00418993160681222
0.09924682124367940
-0.04910907606886654
-0.01362883547320119
0.05849918052186718
-0.06723629726855097
0.00090386167966433
-0.00172358082405380
0.14892674636484932
-0.03732394168099865
0.00447323104804403
-0.00431699567279957
-0.07888622640886304
0.00565839817470181
0.02161777826836887
0.00355447153890553
0.08634049754534945
-0.00305635345001020
-0.10837670236953706
0.03271826340387123
0.08532252116318423
0.05414929900178526
0.04872466829950690
-0.06990248398771845
0.01103657633995218
-0.08146161521453144
-0.03731678538770016
0.02850454040800137
0.02020146112241323
-0.19055250784179828
0.08029370694640818
-0.10697964500466779
0.05009272366104859
-0.01581850721904915
-0.01774634228172356
-0.06634665941561536
0.04595158363535896
-0.00376041620021368
0.03577055484623270
-0.05853573972149293
-0.11995994091637759
0.04384478036526722
0.00683023766328468
0.07458306749145795
-0.04047619184194962
0.06255546006092920
-0.09561441799864258
0.03876345684099157
-0.06124317415029118
-0.11142431252411036
0.04606707367661287
0.00133382759408298
-0.03819438452359806
0.02642014749753170
0.02551997886122690
-0.12575595424880370
-0.04309783867106620
0.01500480141398674
0.00582904046531572
0.02973287180469211
-0.06562886640208132
0.02568733287702264
0.04702065288691297
-0.00285222322901970
-0.04433631457901464
-0.01551344714745415
-0.09765256281690396
0.12721997957478473
0.05281318625180709
0.04538048140391320
0.04451068033820973
0.02954188057594441
-0.02301863256995018
-0.04523489336731601
0.04314200638695337
-0.10717118406232226
0.01329349838613404
-0.01519023273126181
0.03967115595149984
0.03332702657894648
-0.05282668203146617
-0.00300043923511272
0.00863858462101461
0.09619800813227436
-0.00561697183018775
-0.02133966956134285
-0.00845189106444900
0.06146191466505509
0.05831367350241844
-0.05235153321636040
0.04912609449618437
-0.03029327725075721
-0.02085990373157203
-0.02074483225237390
-0.03788244416094016
0.02370803375299545
-0.00975099106939394
0.04742619761539073
-0.07922772633914572
-0.04176893789388120
0.12654191723938396
-0.02163850290803176
0.01281231405874364
-0.02998580300527541
-0.08287017648819642
0.13107023062757753
0.15408067985185608
0.08582409475122257
0.01462187984704504
0.00548663788429790
0.03955456369933941
-0.01802407678585765
-0.04639720811890236
-0.11465363864064278
-0.02535933202899419
-0.01951313326924159
-0.00330456262249854
-0.08812341519712759
-0.04719323121616163
-0.01004188091691644
0.05570420431118179
-0.06429194122661967
-0.01051041956039841
0.08756495126104163
0.02909491474229233
0.10515723119303032
0.03804030411020184
-0.01432251669264304
-0.01237650613549601
0.12272270198992381
0.02684241022633238
-0.09687036118156689
0.01166998317055448
-0.00031342828831907
0.09762802503411065
0.03113533252533154
-0.13061037532898898
-0.06291487266859151
0.05216151628851345
-0.01047549259345363
-0.08751179313051188
0.01237660604361308
-0.05359606954919468
-0.02364514998080745
-0.01405836117040179
0.02509394579627061
0.00161942750349552
-0.04158246481782553
-0.01234557428476100
0.04494758091302392
-0.09192556483769181
0.05061594204513922
-0.09406802879974387
0.06405084284571420
0.09418048546994086
0.04649572526710250
-0.08008471220047297
0.06615680999703194
-0.02142856920464662
0.03770279947629052
-0.02761899952330771
-0.05233754811245585
-0.08546312124833381
-0.08117318452188231
0.06407189138238656
0.04124985109476808
-0.13077545000990992
-0.06554994029530761
0.09498483247382626
-0.04588653829957368
0.05896467867137206
0.06929806701913989
0.15413681955028968
-0.06526139507280675
-0.11268719546044856
-0.00720178873076394
-0.00165280403559907
-0.05937954980748601
0.01478392154143530
-0.00739873414989124
-0.00982585943501635
-0.01638139991120425
-0.03234954539750743
-0.00523640844758147
0.03079871204928840
0.01372083298516348
0.07378424513123263
0.00265082807540520
-0.02068149722058404
0.05127956893670069
-0.10121467844450094
0.07556216058713526
-0.01930367674821435
0.01716247889262871
0.01536474718968045
0.07917889614751036
-0.15140193043001887
-0.01966315298525801
-0.00636078851258263
0.08989785912338928
-0.05301260192202352
-0.12560852530298316
0.03112850669263604
-0.04836714856286423
0.13116533108204004
0.09188645582018176
-0.04866964283735748
-0.04841546595568800
-0.01870418478147373
-0.07906563205483728
-0.04626064742612419
-0.06164790839734115
0.04177319209079551
0.03080027258020920
0.05440561013131134
0.09436203674821422
0.04876763270762575
-0.02657203191015205
-0.14334027267173516
0.01162071886170350
-0.03935734169821006
0.05782298552477866
-0.10163560222698159
-0.07409432432442827
0.07236688616037253
-0.05418271569699282
-0.12471721822107049
-0.04930487090990539
0.05730537866049619
-0.07334701494477439
0.02385260987953731
0.05005037604779895
0.04989150764555006
-0.08722546217203760
-0.04271723951849627
-0.01797073132405662
0.12927725702288637
-0.07894745538830635
-0.08313237308928000
-0.04026705142694900
-0.10315195714254362
-0.02079752262340992
0.04641895978611627
-0.01540998785126102
0.07609036270335361
-0.01743364777597668
-0.05639421541239167
0.01920497062548458
0.02967235965312152
0.04495806368967582
0.03782811738843896
-0.00719480490041737
-0.07672339981701720
0.02130641770882973
0.01549584640127857
-0.01261150516440335
-0.03458327816662762
-0.08570133900052668
0.09101426760079774
-0.00073183397918258
0.10180866827763156
0.01158947306047135
-0.02463441128478887
0.00481214610938688
-0.05302378099966361
0.03797359802382440
0.10826086184966803
0.00527337453135678
0.02622780318900284
0.06426536713347183
0.13345644020936964
0.05597021862397585
-0.05590895272866873
-0.02545716408590623
0.04289777140083072
-0.04092799630807469
0.12833100931004568
0.01489893026061392
-0.02648251330256119
-0.13715047749495146
0.00375372143724504
0.02259460723602739
-0.07220361584996257
-0.02585654091064673
0.03779230577622610
-0.04122420287012742
0.01366761946758053
-0.00633206871713765
-0.13276971070323682
-0.13617898880649623
0.02025472334068566
-0.05199890749571516
-0.07280595180426579
0.00380603470964985
-0.04721336400593931
-0.07373714640297596
0.04422334250393702
0.01320997834750526
0.02946789702438337
0.07108952595448995
0.04269753381811128
-0.11801386859230102
-0.02545215939815597
0.01968302965604223
0.04859266724198984
0.06747386394321329
0.03347216804010462
0.09497908104551708
-0.04269838905076065
0.03317218323031211
-0.12923897371190965
0.08451014014134545
0.01472802307653590
0.04671408091861096
0.05963929661718475
-0.09409994319745282
0.04643468318734793
-0.05460328682435119
-0.07109928247959559
0.07369763945132503
-0.06337651820834311
-0.01971768977239092
0.01992272482305930
0.12926240044445131
0.10451045792434273
-0.06703000753781227
-0.00397883430189763
-0.06326783470821752
0.05394773673643528
-0.08507586466141893
0.11990594313156867
0.13174194342498971
0.04259067055801516
-0.04546091752972141
0.02678000237239580
-0.00318428667804318
-0.05312254332692180
-0.01340910356853476
-0.03898785997549827
0.01301424799809254
0.01198675137547537
-0.00029143220569858
-0.04402031588093452
-0.03168487085985209
0.07799133524750335
0.04026655085290045
-0.01917997510161607
0.01717369204373232
0.09200154982110209
0.00458612704228753
-0.10786113606042619
-0.00909221748364637
-0.01602677715787817
0.08234248719772630
-0.06852999761448120
-0.04559497172942924
-0.01718974115934481
0.05516308745915834
0.05257424589404673
0.01779766564512994
-0.13354702487055761
-0.00444357012607745
-0.05284057161547585
0.14870329055586412
0.04506700937537730
-0.01996630015576554
-0.03007189863952818
0.07127448001937803
-0.05068748059975657
0.05924761133584128
-0.08685053114582419
-0.07973090627189801
0.02164847018280956
-0.05332402784975653
0.04841987763071152
0.03426762556885012
0.01833100045342122
0.02152918035970666
0.02163760047116245
-0.08287846621592905
0.03745687974946012
0.06148424284748132
-0.01508810823586390
-0.02921374640258329
-0.04583937499370533
-0.08806451621134408
0.11307965787061541
-0.01089226664397389
0.08415301743100095
0.04028786965818738
0.05879330759949353
-0.04290449558779973
0.01900381021375194
-0.06191482442143274
0.05295228335477138
0.00028368213340753
-0.01050303277840075
0.05146173970438297
-0.04518621981978783
-0.03141884635738845
-0.08567494909523245
0.08689465302707142
-0.00654144024946722
0.08609041536979377
-0.06444005053335267
-0.19273594473539571
-0.06221442927093242
-0.09364926157154602
0.08990041206485459
-0.09720318004159098
-0.04268814463742275
0.01997004592001382
0.04659558687488426
0.00505568213406573
-0.03867325190459518
0.05390585283757449
0.00221082428773886
0.02012383204964616
0.05650508952016079
0.08601699235784863
-0.02531897683350436
0.08814205966866967
0.03167273352010458
0.09279357229930293
-0.04597178630902646
-0.08703138963916024
-0.05572851650448223
-0.05467005629158973
-0.12507705807707359
0.05404973057695738
0.01265303032054461
0.05906565087379566
0.05590209823748905
-0.10762459714008649
-0.10728441675073321
0.02125233912973820
0.02759820647424328
-0.07697931623435057
0.07345622345488934
0.03480690605003296
-0.02090253812635542
0.07433004830982663
0.07284780125242951
-0.08999825486155143
-0.11016534888082759
-0.07708930321078977
0.10738829063326723
0.01506680030864050
0.08067332291766448
-0.03595018058368950
-0.13489713883829901
-0.08422397477069717
-0.03751679894981835
0.03401820104648220
-0.03234064446214239
-0.00853852647800141
0.00206598380433895
0.00583034254908674
-0.03912950595349175
-0.08865655646524581
-0.15312005027348841
-0.07226829120281561
0.12025417007324124
0.10378501125237363
-0.06396524552230735
-0.00704325551485767
-0.09463756957198512
-0.03003916420638294
0.05319155800137393
0.06124870656857911
-0.12041371217125571
0.04483051842144010
-0.02597291150513504
0.09295577070671411
-0.04498167964295419
-0.04989815375907406
0.13726464351958886
0.11198415528946219
-0.04726491118218384
0.04824165528043853
-0.06889557892289805
-0.08007978660722742
0.17307406451651472
-0.04536325749682482
-0.11623006168493380
0.05097753172671556
-0.01723666514603367
-0.06053297614619415
0.11650103246349658
0.00488066580237896
-0.00870393381247018
-0.04725953605870730
0.04076950923862208
-0.17046272440866139
-0.00517015054515624
-0.00277295577444390
0.08198899234553719
0.05156668794325359
-0.02270155881045948
0.00918069600535736
0.04808423459516258
0.07477601774021010
0.05127751676643416
-0.01414345188150337
-0.05424952176230852
0.01082057225279603
0.02879149369169653
-0.05324762067853107
0.07046332691553402
-0.06073611423003359
0.02927110031625193
0.12009444861671668
-0.08651996151099342
0.05263841397636983
-0.04115779900259965
-0.02366504516157056
0.03718557354946175
0.03770600663251367
0.01923665875080038
0.02886017477201884
0.03034988327330088
-0.08689334268759651
-0.10155040163729888
-0.05471980845070240
-0.03344666866692603
-0.06170818426087225
0.07313381336962047
0.04451066208337412
0.00405638610914805
-0.10388843006611349
0.10055071772729721
0.04892972003364951
0.05042563120416711
0.04393507439155209
0.00505449435497708
-0.01040124373342383
-0.12961191820569201
-0.04561341846686528
0.11567028522811584
-0.08804551156412549
-0.03649284134085296
0.15109541561893014
-0.09756894845865352
0.06149988222352871
-0.06910364153031323
-0.04359884120288759
-0.11757312350936808
-0.01984508931506516
-0.00987208669059657
0.08904786657475075
-0.02486750552586798
-0.06710874095540098
-0.02732905598446498
-0.00434402030652359
-0.02704224756538849
0.02831921409311123
0.01607862995832277
-0.07418664688972891
0.00275247467718853
0.06075450472063994
-0.05662290724700911
-0.06081127929026280
0.01394997669913071
-0.12436405401315336
-0.01242742329724128
0.04404312304457503
0.01567892658237072
0.09791021066766262
-0.04062298630980007
-0.04672191997198405
-0.12154249471904340
0.00185519074975984
0.00950371771022837
-0.01475516811117903
0.06752958746238913
-0.04256010690174166
-0.09637288782426062
-0.10012524313205691
0.02558792566349619
0.01995915699408953
-0.04413975610373676
-0.01552649515367411
0.06023479121321196
-0.05074602053981848
-0.02079652632094360
-0.00649752030130323
-0.06694024374065315
-0.02460137574101423
0.03312416263096888
-0.02379172862541164
-0.12318941531750274
-0.05974863042827539
-0.04290429776343297
-0.00002166470747200
0.05138748938793834
-0.06944895773045832
0.03477764822330102
-0.05705524936099186
0.00205649264414641
0.07085309611004076
0.02819285474162340
0.02121352964978241
-0.04492887288374407
0.10525750981919420
-0.01812940180461057
0.01623332422403159
-0.02424656992891113
-0.03983670113313481
-0.04990807864187437
-0.08486097916480333
0.01091937161347275
-0.03340200873545860
-0.02944747301425658
0.03121077257532259
0.00037213105554341
0.04635500036965207
0.10466730074760396
0.10550335780873318
-0.00114159315090225
0.10102617164859266
-0.03763319536275631
-0.00282453790763580
-0.00528697964427964
-0.03394477549330267
0.03146949184172826
-0.04080217648149727
-0.08094691202099040
0.01500730836223576
-0.06974802081230910
-0.00986557943034989
-0.02815351020481041
0.09410771676635554
0.01251989815455260
0.12265818030709635
0.03984668691031973
0.05136956204055676
-0.07680482245745936
-0.00845396656512845
0.00549795913157906
0.17797494544766557
-0.01571395181233010
0.02447484782111808
-0.08575981995297356
0.04038080506087808
-0.07605283185742634
0.05003615976019125
0.03239566140108770
-0.09796372390795913
-0.16135572382658367
-0.04228034183949526
-0.01403108401037386
0.00572016272359391
-0.05999987983292462
-0.01231809486333511
0.00688155890679727
0.06787474832843915
0.05130938773994877
-0.05637837799117421
-0.03689592885498921
-0.09380167610827458
-0.03450533124460810
-0.03364658725920818
0.03241221136958531
-0.02356741291062544
0.06185642375687141
-0.03009683004056173
-0.03482006368274754
0.09245416131004085
0.04403617215028514
-0.06366886610235251
0.02448828580556858
-0.10258176957543340
0.02815629794225090
0.12465315120230067
0.07874019517989286
0.02095776567812284
-0.02597202756422885
0.06918057180782920
0.05985797710921747
0.03978733775907007
-0.01019733037043221
-0.01988429829071974
0.04640604405586631
-0.07014067697918916
0.00007537387923351
-0.03898509701835162
-0.00383695900816397
0.03267936028956695
-0.06257699324074772
-0.03382013479156232
-0.00961488107912101
-0.06927711410823031
-0.10059361538560720
0.13142561081657181
0.11164779650104112
0.07484872828244153
0.01367159943526288
-0.07455218444660039
0.04376869803451745
0.03502877900574472
0.03453998477894785
-0.04190923827523496
-0.01709251379731157
-0.06016296472121391
-0.00667392860538972
0.05268498640696780
0.00649368709051425
0.04161588935411065
-0.01894161170539778
0.08096230287974684
-0.02069454575893485
-0.02343982296725507
-0.02018891183302426
-0.02919780647082184
0.09470373913256455
-0.02067003888169839
0.04829104498854763
-0.08102170145135357
-0.13523342001594393
0.07549873716528949
-0.01641153155035873
0.01266962323279354
-0.06573516131454180
-0.17837830317115871
-0.00510765613958205
0.06721751527975349
-0.04382204526808887
-0.01810059613349389
-0.06674601855832717
0.02536681642442249
0.02528276877545347
-0.04438139416818788
-0.00416222373601781
-0.02805486413098458
0.00887244959942793
0.01491957277256742
-0.00951889938481728
-0.05011193932028395
0.02042633252382572
0.04900187151779054
-0.02340517539284648
-0.05521678450412568
-0.01067098341793063
-0.09325199080268999
-0.08172123655088115
0.03829522839589214
-0.03348949441616837
-0.01220440761730225
-0.05185628570973201
-0.02207312170226802
-0.00044251182100923
0.01886886065149655
0.02530000183278781
0.04753620477605224
-0.10224204920248513
0.13401790430696095
-0.01353786655085494
0.13083025273977081
-0.11274183491866795
0.00720353793165906
-0.07803890821447612
-0.01858947635003015
-0.01291253969346386
-0.06943979481648994
0.05800222233784422
-0.07782488393199644
0.02640415245885059
-0.05328344697657045
0.07201009104433607
0.02429112089342995
-0.03155565079847855
-0.02347220775699060
-0.01589852170144618
-0.09012192346955983
0.03067874545568677
-0.04174209892146996
-0.06026689782503681
0.08208560042408472
-0.02170458733295547
0.05727073539609558
0.01717104038932675
-0.04752084670833387
0.05753536714938709
-0.02475390825900281
-0.12375039466207252
0.01748139910292966
-0.02008103418593114
0.06721920202147391
-0.08538105357818872
0.01102233395691123
-0.08616951432141412
0.03582754490535997
-0.03873094005748021
-0.02321658191191754
-0.12900095593678862
0.01298403113295417
-0.03969612611140333
0.11641489291811294
-0.11114836313027668
-0.00935409295017629
-0.14028199362383137
0.02896503540183101
-0.06641459949209727
0.11205640011136037
-0.02475730317950536
-0.00693740736310742
-0.06508977803488217
0.01058370799965473
0.00260023223248405
-0.03504846886787051
-0.15627204845508752
-0.01856320375893291
0.07371836809352190
0.04265115473233078
-0.01025283818166469
0.00835620229826476
0.03466999359566036
-0.03077331575835481
-0.05445098949553493
0.03685795135742021
0.02410369247182996
0.03866149028991183
-0.03518767006002602
-0.07896639018988022
0.02282032963056352
0.04211298300967906
-0.02147443495397493
-0.06446192072752532
0.06137890601176743
-0.11280987443329356
-0.13028348358915701
0.09824170760841631
-0.03687618711278146
0.08259473801165063
-0.01824689298529280
-0.06204899781460552
-0.07019599927808470
0.08261333846200690
-0.01241947566589435
0.04301146217637346
0.02804776976695909
-0.00053936093710247
-0.00418999317955650
-0.00703237639806983
0.04049967548648904
-0.05200244493909757
0.08433870173617822
0.05580602036199966
0.00040697195486629
-0.07878452838968716
0.06473512229824135
0.00181236457294058
-0.08931534909666415
0.08042143733232164
0.03404479152086864
0.02745532953862618
-0.03942158324752953
-0.10804293428622225
0.05892473344614748
0.02441682107398524
0.03045726388066756
-0.06336013717709425
0.00687425266741050
-0.01001873573718542
-0.04431552230557696
-0.04617220361692833
-0.03508683336672605
-0.00890335387456668
-0.01219635805652062
-0.05407235199116751
0.08695384764560456
-0.11241715651170545
0.00437166761048381
0.02285994190523388
0.05334759367435376
-0.13001195616787511
-0.04128033945550329
0.09221833504158065
-0.04367966616433017
-0.05418582954690202
-0.00144112693985839
-0.06385254795085653
0.02350878174392265
-0.00481177745012512
-0.02840554982848571
-0.03119933088655554
0.08667665525964875
0.05059504137174289
-0.01510762525176144
0.00020108810348910
0.03700913032960752
0.05426114936771760
0.05071328030747449
-0.00949873248071183
0.03075102566166093
0.05970770686843368
-0.03807157064328111
-0.05290204593545816
-0.03714628319800926
-0.03959169245855315
-0.03014796231401134
0.09586969136485152
-0.01805214342796125
-0.00752418904095416
-0.04934160904012298
-0.04880540218030134
-0.01907082951483244
0.05221257863339314
-0.11960143816854346
-0.06681542588751649
0.03945229803282785
0.07992523872428918
0.04416666514658005
0.03089642945709133
0.00741036798251403
-0.03248492994711954
-0.07176553331076570
-0.03742155981927435
-0.15309476795501234
0.03642781693066657
-0.03765735033390571
0.05116443411820433
0.06420789250658199
0.11167660438815370
-0.08526435124769005
0.04045226089905390
0.03937307247232652
0.04436169545107600
-0.04018731234831840
-0.21478623663653235
0.10396434097718299
0.04134423759229693
0.01432165424512248
-0.07222716905851889
-0.12664450108834482
0.01020895781188491
-0.06635735525086375
0.09244158629905712
-0.00724700464183273
-0.01111482048066808
0.06139403520195758
-0.00330436396738824
0.00039363123436678
0.00011994987442340
-0.08128175571855076
-0.00140646643342267
-0.04329126003601218
0.15682257353392196
-0.03879210714116729
-0.02898289354055997
0.04281194366995948
0.05735742117269242
-0.05153231845702461
0.06161527189677081
-0.18668755879600926
0.00453826512782632
-0.00967813204417837
0.06651498670401762
-0.06776765845822579
-0.02654645970655840
0.10129260276323969
-0.00936626978034913
-0.04339199128517812
-0.05988564633777597
-0.14354413029560675
-0.04869936270955671
-0.03102422715527541
-0.03275274049166136
-0.09588596038546619
0.03629468882803318
0.02717908703518322
-0.05610425378436733
-0.07612104828594977
-0.04662828426558122
0.11734494006513119
0.06280323382504717
-0.00931169887356479
-0.03685483725379048
-0.00234696648297261
-0.00044755891586321
-0.07366308806857255
0.09352515399256828
-0.03256528277575921
-0.00079937707410002
-0.00573928630433493
0.06372309075744287
-0.06222123099088966
0.12904014280684606
0.00992512651298472
0.12525113029063367
-0.05941938351149392
0.05663874174332591
-0.08042702230304091
0.09506382028500045
-0.08230694388310160
0.03979537410965188
0.03248234972300969
0.01267631044614548
-0.01805235240454697
-0.14309205697285229
0.01266099851303944
-0.04820047097354437
-0.07102089660459469
-0.03601740993506345
0.10437510492510947
-0.01124280315335967
-0.00204264798925034
-0.07066177026231604
0.02841198903623359
0.01381234234613407
-0.14261000629374471
0.13003676185569465
-0.12930352805114306
-0.08761474367588351
0.03696517920306600
0.00825250463815993
0.01488780041871598
0.04373749587881335
0.06719991594955448
-0.04164609803869947
-0.11235570007989849
-0.09720171153435506
0.07143964676451740
-0.05473497930586883
-0.05288956447340062
-0.03624993640281106
-0.01304872071842472
-0.05280065687893113
-0.00711727175836539
-0.02257241245593478
-0.04744947357946666
0.00284960664976268
0.01178755392206325
-0.04767201438304249
0.02192061390467491
-0.15918357894743074
-0.01152026524939978
0.03783994960512604
-0.00842897496353584
-0.01523211419340103
-0.02502410281162694
0.06021078576599823
-0.07886176237981075
0.05356154397691166
-0.02927911493318729
-0.00176462418394561
-0.09193295871035349
-0.13714200547941602
-0.14050964029490873
0.04537219728444226
-0.01865573820030522
0.00141255303501994
0.05685931353107454
0.02245638181783098
-0.06728048656907723
0.01956398344549821
-0.01883471354530721
-0.02809384517091891
-0.02450614239371883
0.01563863522691530
0.02674934914540393
-0.02426301565858401
0.07452702735858448
0.03659693032318414
0.04808259650111333
-0.00041131316912785
-0.00846645596082643
0.00401962788176993
-0.03237276801101298
-0.05602337243965379
-0.00815772848293969
-0.03357866134178494
0.01882852231530909
0.02616752902916572
-0.04832311827816250
0.02772040546841918
-0.01363182536769212
0.05663130007413213
0.03230965416868887
-0.00458394702059320
-0.07530934112644042
0.02001270641947561
0.01048499680826377
0.07875780060949594
-0.05268789646966836
0.08526855358252419
-0.08627338200885538
-0.03784635711321159
0.01860162160272464
-0.00965600283177334
0.04789317097526114
-0.13600312976044440
-0.02427478358137423
0.02710831578481966
-0.10613303866163483
-0.01899415166501684
0.00833032935761358
-0.04473506728661406
0.03974752608659676
0.04856923693140761
0.00239437567145715
-0.01896707308362878
0.14434405178839491
0.03201058359474044
0.05008950611461766
0.07197909574419253
0.06900920742269613
0.01562496941357604
-0.04532040276466525
0.07258047471567811
0.00085698208562505
0.03040595449419177
0.08303689979021107
-0.03807121159866021
0.01753371264083127
0.06158780970495733
-0.01185996324543801
0.02827486720912195
0.11033298070981692
-0.02048094417851707
0.08396894005865405
0.06930742945750705
-0.00971865563607317
0.03371841359272953
-0.00576855554717202
-0.04602161351280743
0.13425157065497387
-0.03491208892617899
0.04536801959149251
0.08174246596084749
0.05350480987480910
-0.06754484201403599
-0.03220938121840430
-0.06006950296059172
0.06436974170658342
-0.06666024073360940
0.10804635139044834
0.07274528078043462
0.05386261914961456
0.05414858070247845
-0.11375305737796323
-0.00681766604413998
-0.12233443071766587
-0.02933862371264535
0.10112516144713096
-0.01775464640345101
-0.03277503831958544
0.09283892579119109
-0.07309498224434022
0.01249397145728012
-0.06821274300069424
-0.17228992620386990
-0.00755137566494977
0.03204601208927696
-0.00687943635220479
-0.11112109983751918
0.00397715605902112
0.02982410570829424
-0.06323013536940951
0.01618361534612213
-0.03023289767405032
-0.11714345120580198
-0.00779199502238755
-0.05462501794187557
-0.02073405979436447
-0.01876608816254254
-0.05773957181767362
-0.11013932093731571
-0.02815415399245459
0.00878824111177279
-0.06334594926760861
0.00664410439151137
-0.07570647542312411
0.05407355871576511
-0.04050091378206776
0.03492198173019541
-0.08236387095010186
0.00374137103176233
0.00034372411972598
0.04248269273683591
-0.05879844339213751
-0.06771549267134297
-0.00111630373858031
0.05355573842258025
-0.05864357323669083
0.05780963174444542
-0.05327934188980640
0.02203367180508250
-0.01108435827191117
-0.09140188580811225
-0.02289810316037953
-0.00620557117658233
0.03866294251388841
0.02158419959962903
-0.00460060145446540
0.05568881879451869
-0.04628823629438009
0.01670025589500975
0.07826470903791458
-0.12129558953110957
-0.06607744259081622
0.00585827229783479
-0.16430142963431388
-0.06647816961555497
-0.00835636829150987
0.09974004045649705
0.06103636949999704
0.00679554745717542
-0.02478297934079840
-0.04190245728338966
0.01757758866877747
-0.00900250527593929
-0.03661150917644297
0.02738592448166798
-0.01303227033102491
0.00144103792932920
0.10518969864493895
0.03568435785460299
-0.04346912026923459
0.10441314072305732
0.07919670181386571
0.08351443870360917
-0.04181827369561525
-0.08743501522956949
0.04186508715026105
-0.09422037486318229
-0.00526720782401429
0.05479228501266979
0.04178944594369442
-0.08726851562217883
0.02745240809226877
-0.09492563715029326
-0.03261201468805112
-0.14799903852602961
0.02513770762648169
-0.02497343522220965
-0.00072255706793694
0.00597678831153199
-0.03505120406260909
0.03599344889874649
-0.06377887268649614
0.21558714739706381
0.00614122843179624
-0.03537263047980192
0.04464997476282707
0.08623412232613448
-0.03742554509393182
0.07081444463558702
-0.03150991818410941
0.20800719888090283
0.02318335183349839
0.01872027304334947
0.07750735509843291
-0.08271056793431901
0.07433240430539939
-0.04747501661736184
0.11111239935388596
0.02780881407880825
0.01873717080953083
-0.05004742319311682
-0.03288131861782281
0.03912218715783219
-0.02257544616798894
0.05057371295081694
-0.11933946322974336
-0.00073058703348580
0.00692001414318879
-0.10917102360263109
-0.04816874479977215
0.08298335339717765
0.00984393735980538
0.02304306193562432
-0.07028875422191451
0.08283899303696619
0.02035570327774847
-0.00702226712440594
0.07294198566088389
-0.04324071429742538
-0.09039979491793305
0.12424198569824084
-0.08572665389532792
-0.05662263386690512
0.00660005178144401
0.03398868170935171
0.03832686562836876
0.02735182970010731
0.01628674760057474
-0.02513989068346309
-0.05889042030904306
0.03386496143811474
0.06406582828009551
-0.04289749046136782
0.04846124480804878
0.12980482791847206
0.02422825118479163
0.07730841269549930
-0.02484474790795758
0.03721639121386794
0.00271834307052362
0.09345375869613652
-0.02071124676555370
0.04365035241808388
-0.05418102995241606
-0.02849505948068695
-0.01854624498119360
0.04915838773839522
0.09936202448540163
-0.03004571149877528
0.08305231669869004
0.07660903975582016
-0.05656701589847014
-0.06513410983879776
0.02995062434251427
0.04446259577366962
-0.01234656374931189
-0.09595219582915879
0.09690532943337302
0.11013183000436050
-0.11611255020492504
-0.01671032507061436
0.04809005396474585
0.03694392712780076
0.12807541961152868
-0.02654128983772751
0.00483129247019392
0.07662917341763600
0.08277985873822974
0.00009552821063206
-0.08025887764285961
-0.01762378109231656
0.02111500061717383
0.01238328302089006
-0.05004428159471262
-0.01702502481727795
-0.07148016352496579
0.00405536887810739
0.10736276771729107
0.00565727831535203
-0.13212839711277707
0.06198794642534704
-0.14184306702799146
-0.00832260891671161
-0.03482066024496947
-0.13670873792887386
-0.03400458722509241
0.06370703266030234
0.01820019173643778
-0.02564055252768742
0.02131258643979043
-0.13290124914107940
-0.04795674110825936
0.06028041334004131
0.04515118243298080
0.02244564412372576
-0.00614378487897970
-0.02583602412936930
0.13593046031848519
0.06852664224709712
-0.08961059155708113
-0.04321415737992931
0.06164993389441550
0.02158394450087123
0.05460462636751624
-0.12029230781568101
-0.02315698984681891
0.05179847046188756
0.03786373775197466
0.04776098851821297
0.00130407023740018
-0.00550783589550596
0.06556483234767178
0.02923983503972373
0.02117019563278909
0.01490332696368629
0.07818890555409935
0.04960058357101869
-0.03031195444042406
0.06292492345583740
0.01367863238647002
-0.04673748171954963
-0.03683713606384525
0.11407594928343155
-0.02964206519302432
-0.02761390181144570
0.01945012663896255
-0.07788858954056462
0.04486243857684621
-0.05912112681114499
-0.02614998794551721
-0.05550432197823819
0.04168887356920751
-0.06592475943345824
-0.02819570473754296
0.08378898257022430
-0.01439393307366255
-0.01330143130291221
0.02544937213805804
-0.04799647373909428
-0.02715890066332832
0.02915553557433512
-0.08589592159594749
-0.03340823178205825
0.03730427208795341
0.06331632343069928
-0.11540068826250831
-0.00696126979140609
0.00780578863522063
-0.04641764922505642
0.02798571724494660
-0.07668662329224855
-0.04373949427045389
-0.04623962247864172
0.00712488272578023
0.11358680168246868
0.07231610729037649
-0.15562309884745024
-0.08824824468516776
0.02360506579520515
0.13879490674944847
-0.12874309052525318
0.07729667857868373
-0.10330924113598040
-0.04850750675482306
0.04868727987975818
0.02660160143240430
-0.05923448611771760
0.07537242905922382
0.05975834125785649
0.07525523300727255
-0.01369163299720216
0.00235246807684253
0.09222588124016820
0.01467182030171600
0.00865936688038618
-0.07771097223602103
0.01383967022492499
0.00104058734121700
-0.14225958097168612
-0.02288504683326941
-0.08740334553033424
-0.04097200819902690
0.02210286003482866
0.10108486395291606
0.01868374494469438
0.13715230397406744
0.03926090353703901
-0.06716595631000308
0.08595766752091530
0.13345181752559862
0.03187498301715196
0.10946191736037986
0.05832162752899638
0.00923429309990122
-0.02784012420091584
0.07470696327043180
-0.03197113517578835
-0.07680842849655664
-0.03291186706529849
-0.01121106962887895
-0.00017486482055933
0.05809813705247285
-0.08095038260834221
-0.04425865675097256
0.02010230927478932
0.03068719992006120
0.00345293017214222
0.00738065602461396
-0.07853202233212225
0.09337776201356102
-0.01112883923045688
0.03427425304170435
-0.04011643801267599
-0.03414992084707786
-0.02943629240203043
-0.04018315765373201
-0.07949282308654335
0.07272206624714897
0.05435320148624811
0.02216473034874194
0.01661283641616281
0.01288940709398134
-0.02903152908149087
0.01413869618343048
0.07125737762473035
0.07584680287960537
-0.01326663700386562
0.03437332739269296
-0.02219477102466157
-0.05885892125022716
0.02778444122280514
0.10143714601352778
0.11144647792339900
0.03946603461481854
-0.00991784551876825
0.12173038101692256
0.01998593513848480
0.05547277791388332
-0.04998937863371606
0.00634365676677439
-0.06028731791702305
0.10036268207525909
-0.03462274990692195
0.13432980139430484
-0.00312037796015171
-0.00702863520970121
0.05168185767396095
-0.06964753241191157
0.07420514000449824
-0.07026562519371179
0.04106212109619409
0.15805431478490892
-0.02205796886120268
0.07964767133904554
0.10594893116393202
-0.11924674777821430
-0.09123767569040994
0.00190681717792210
0.06296357977158723
0.02932106102711471
0.01717804895466456
-0.07843996291069012
0.08124959659402324
0.04540633828880657
0.04994383753273782
-0.01543852789210029
-0.05477108915339057
-0.02717314065150769
0.04164576494223811
0.00634248631475770
-0.08666334866563188
0.00530994037239505
-0.03501860722776603
-0.02382419353020172
-0.03564203459345604
-0.00208579688992752
0.06333864403810974
-0.04651502329073016
-0.03045488453841045
0.07907839593731089
0.06356752534997039
0.03103052440804681
0.00968437386072428
0.04822047286290045
-0.12451890572469172
0.02281165676843279
-0.02354265118771864
-0.03078078694795371
0.03306992810913940
0.03888150014848486
0.02637899032012168
0.02530848138600533
0.04682915415856324
-0.01214296124536963
-0.02129106162460079
-0.02985856715220041
0.06668387125888119
0.01751872647991686
0.04595567849859365
-0.04411268453200172
0.13940038821694101
0.13723676381011898
0.12244775759033032
0.04141333545231151
0.09066122314858449
-0.07501002705037696
-0.01264977478696694
0.08752204116206136
0.02861765888839750
0.04741419698027761
-0.06569343759209700
0.00269552104133497
0.07579383386314986
0.08131639576842983
0.01273644306302941
-0.06635192268763651
-0.01983510976500857
-0.07146758795014566
-0.12634142769662152
-0.00881212866771443
-0.02025012687720372
-0.08176099526917711
-0.06470870001334493
-0.00712461737141957
-0.01426119676454576
-0.01672722432209766
-0.05632443953174954
0.00946200512642346
0.09893565841356419
-0.06907146656098816
-0.01393036702751527
0.02123899790838003
-0.01912404944306725
-0.04078203134729365
0.00455586831624197
0.01849891689724261
-0.03860346212585520
-0.01267022790915616
0.01788781981713275
0.11011397316871867
-0.01998242358576656
-0.05274651968427635
0.09170266865506760
-0.06377216915213112
-0.00709988217275167
0.04073451403410688
-0.01342723702282935
-0.03307769856646910
-0.03290614173623631
0.08435736124229912
-0.04181429277177364
-0.01197976153294431
0.08943352648211048
0.03050288761223617
0.12597941272848787
-0.04769253478584308
0.11374162754198648
0.06442149121836852
-0.00997524890140499
0.00628778156408455
-0.02280778600719167
0.04550384417310008
0.01282051211761685
-0.02077478965904516
0.00145528124927752
-0.03582461920184455
-0.03802241382871710
-0.07934073461366263
0.00792885633355506
-0.12650816838610668
0.07666922338968990
0.13639664691091416
-0.10525704011710643
-0.06020905945081342
0.06067641001356288
-0.05256169413891442
0.05063759117477743
0.01160779498612341
-0.09052863407819725
-0.08534829224549735
-0.01336985899336316
0.06598943968748196
0.09382072974251446
0.02703197098094118
-0.06391078880577936
0.12091271692754667
-0.00589015350106656
-0.10966385073653240
-0.08533161957706858
-0.01617302239485191
0.04852737106163175
0.02408189982629382
-0.09737297709000471
-0.11261553363588182
-0.00456305910381379
0.01063473516123394
-0.09638318087214559
0.04823892010614370
-0.05259264823013447
-0.00285796172641224
-0.05202254878888621
-0.04106070005804596
-0.03820600646128020
-0.07927155554260840
0.12546767240551829
-0.02918531667327287
-0.11830495446068702
-0.03263220203915958
0.12646585320881348
0.07243280823314559
-0.00132284549767214
-0.04202745449188477
0.03871838458469846
-0.00806955280305262
0.03373564721182831
-0.07273901043347676
-0.02100887986313724
-0.03272887764003001
-0.04131678259077616
-0.05108846928608336
-0.07164932352804299
-0.06293398725936186
0.15112428077498075
0.01487624576823749
0.02760670317369383
-0.00838276824097249
0.05523565549269818
-0.10977333803303403
0.02280174217005947
-0.04159386347774238
0.05160487509233509
0.01771813555717161
-0.02620071631188891
-0.11248034061656162
0.05252294220041977
-0.00262421639709864
0.05265849835454631
0.00530329980558175
-0.01115822296256297
-0.00545366840001157
0.04033069875471806
0.11056295780189741
-0.07185427812648804
0.04475802274068715
0.05564599159575673
-0.03178981693981493
-0.04843600107297432
-0.02491985048444219
-0.03767464533553343
-0.09694221631818532
-0.03994148777921185
-0.08284775171180528
-0.02568159422482962
-0.10143528389580772
0.01773762495410915
-0.06274230725097137
-0.02666649789994231
0.08384049536931872
-0.08850560784714304
0.00199073693021322
-0.04241013783965582
-0.14450204682330886
0.03808492907488840
-0.00796425649066527
-0.03723854513285844
0.05243885817002780
-0.08633636376105679
-0.00601861905616037
-0.10496119415491238
-0.04352557564211931
-0.04769412329341615
-0.12579616597575785
0.02388993714907595
0.00155000616568521
-0.03178880458455641
0.01600012698815072
0.06159838982710360
-0.04889951108469608
0.00151791198052716
-0.07886326113602345
0.02152865875496301
0.04051791434607146
0.09294908019980906
0.03349186052784263
-0.03874316465575196
0.08307643305658494
-0.05900069759708766
0.01716016022695944
-0.00595462402966871
-0.04235236149914048
0.09170134040706938
-0.00599204686144660
-0.02621399421259013
-0.04242009639251562
-0.02133265269980042
-0.01571960535224680
-0.06843537010243197
0.02633802866211276
0.15332352918834583
0.06143803101431372
0.00985271543722386
-0.04836119948195056
-0.01666055140266263
0.00839746137433438
0.02609871327234997
0.07915364732622944
-0.01484752754982024
0.01483016482795494
-0.06207903525248781
0.02609047337361055
0.01954138456344869
-0.01832779661165044
-0.00846600834302052
0.08118072209867198
0.05650447937589756
0.02639389394219811
0.03388737236142954
0.05206246196271173
-0.01289235321414571
-0.11540411048483161
0.03987115307898717
-0.06300841779905961
-0.02025477731509961
-0.04118696805099598
0.03424918307962325
0.00053867892927843
-0.03755049098760505
0.06013831690812992
-0.01621276622449052
0.00356051568827713
-0.02418433815528589
0.08940330787644175
-0.01103508606420466
0.04827520846690637
-0.02504359437392504
0.02144967363240620
0.00267536729765089
-0.03756798505549123
-0.00992965444183256
-0.07103315619898884
-0.03403536061716283
-0.00634498475998405
-0.02343009349050163
-0.01952758824235084
0.00568246179704225
-0.03833709141753519
-0.01607585033360276
0.02924506725564502
0.04110184927138129
-0.02450564691695665
-0.15598314834553209
0.01314062088682176
0.05301062793119964
0.00185022019759628
0.01401970996180006
-0.02141622201374268
0.01672398607261217
-0.11209116049556196
-0.05053134603400480
0.03015337345455670
0.04680713617101692
0.00944678502140493
0.04196713959035329
-0.10379275147973599
0.10963450432300657
-0.08585621798729223
-0.09499139791634345
0.00597079935082170
-0.10820549104895631
0.03537947179604215
-0.03221660195701269
0.10174777264620791
-0.04715595930132400
-0.03457826087842524
0.01114621292360930
-0.11574455043497286
-0.03544026020043696
0.08756010760190810
0.04613066548244626
0.05689443497575203
-0.06913787652235703
0.08859036187039483
-0.06856595142735253
-0.08029939319330703
-0.01460602592412742
0.13088488695967601
-0.02948042978528226
-0.07964479037411847
0.00439493330659724
0.05470879089464140
-0.00336848122718480
-0.07391412096260720
-0.01375202536100857
0.02354542439299827
-0.05011568189014786
0.07204794445699404
0.01189831025172016
-0.00234067844198282
0.01879300603181884
-0.14066727713614535
-0.05348266311199100
-0.10443264305865486
0.03259179791867941
0.01922580336119296
-0.01137746641823309
0.05530632824133403
0.05097763268244625
-0.03409497117091926
-0.05502479216425275
0.01159616684639544
0.06186000944760293
0.03410329714548793
0.01477024030860124
-0.01331296159974022
0.00460656410928984
0.04375854912140028
-0.01470303886478711
0.01638260527082658
0.00197400641015070
-0.10218705483861057
0.09570137323311123
-0.03280222527565526
0.14067237171111516
-0.00514349905593151
-0.05512394922373783
-0.00037911128332282
0.02454652394313906
0.04578391950426326
-0.06023321291547312
0.04908065390938370
-0.01824057642955476
0.02266002628551538
0.04912923096526360
-0.00719076809911420
-0.01922471530115877
0.04772492687582624
-0.00745565186596143
-0.02605483912136595
0.11042605411427282
-0.08133332548670108
-0.03715604599446617
0.02326272393583601
0.12847290477920534
-0.00820368885214182
-0.00841295821406938
-0.04994599147943943
0.04384644643141488
0.02331996048837563
0.04808855679879021
0.00106035448946489
-0.09920077742921829
-0.06148304649097690
-0.00619509383217404
-0.13752511781396962
-0.04358175304616713
0.00731465888129949
0.16827397806881023
-0.00336602914951755
0.04246526099316050
-0.03855954323621542
-0.02748199112014202
0.07616079435217815
-0.08624005266108523
0.07556401265910148
0.05661270824872600
0.09347787572714376
-0.06218041700099128
-0.00734289610350841
-0.08488134162205935
0.02856645066253309
-0.01496117390934069
-0.03410285672977925
0.01292112630494895
-0.02855301567061681
0.02269262011841302
0.00127864236653569
0.03335002892414335
0.01655367020947442
-0.02461245352319440
-0.00469007776744500
-0.02210225099645321
-0.03650161841009061
0.03526174909971990
-0.01713066663809597
-0.03677053656535272
0.07512843372745251
0.02565593195585531
-0.13265101099285351
-0.02005933783447753
-0.14044793777671674
0.01355945146038185
0.05306871534331925
-0.13387863894716220
0.01932954944136270
0.08427447425707857
-0.01122771111015839
-0.05094985259322994
0.05669101354371225
-0.03223303229388937
-0.07123256131061759
-0.03570193756744131
-0.02430548904645594
0.05786543718629608
-0.04724280484358914
0.03355608300080602
0.05337398186358101
0.02851472228540101
0.00543304624153748
0.01761143168582641
-0.03221967701546270
-0.04746564466392880
0.02448783658492506
-0.00212565210959469
-0.02426111154233347
-0.08287587967391587
-0.03504269800370001
0.03556085364275494
0.07130701297082269
-0.04264941733177356
0.04067945952164898
-0.00835792524477926
-0.05305535660101386
0.08365582539348508
0.01126025878661947
0.14244419984507264
0.08443226625006593
-0.05255753055297691
0.21869051304888823
0.07660138939909766
0.11607035841068183
0.00681637097927078
0.04429933738010817
0.01643525118566980
0.02746685244193760
-0.02954825555083503
0.09332186253280757
0.03453145479767502
0.05742133358766408
0.17349914559227272
0.02679201526815398
0.00487353838049875
-0.03652815454063909
0.09258504901884730
-0.01221495595843529
0.14457783227666443
0.12480192664416306
0.10463568782383999
0.02883152448202066
0.07998005658194898
-0.11098298735943161
-0.04868128672962777
-0.04737870829156809
0.06595488977919399
-0.00084366262188181
-0.03946999086040015
-0.00741951285733205
0.02841480596316030
-0.05822913784985657
-0.01959058123199105
-0.10754799887627624
-0.13020833544972119
-0.00312640455588957
-0.03682711192343058
0.01887399673762963
0.04949860619818582
-0.15484767072840250
0.01314583030553708
0.04616671851969832
-0.00302842401915779
-0.01622026428819615
0.02055343372164358
-0.13130580324923874
-0.05098459769375452
0.11028054148006418
0.03674840309222079
-0.11452791483309328
0.00437670135163611
0.15046269936488749
-0.13844191766794903
-0.05387350612803522
0.09153346223948099
-0.08081507108155399
-0.08674353473499213
-0.06565008178847809
0.08269840344566326
-0.01563734983102068
-0.03992289562115136
0.00238995311015780
-0.09210845250405636
0.08199767869579322
0.00307234579483335
0.08737914380166886
-0.02684883782429127
-0.01832019002198493
0.10612485327345667
0.04862984957780037
0.09728085887429935
0.10287783318692417
-0.07028530305904984
-0.04297727192323311
-0.06183894305920069
-0.02214389998400586
-0.01388721675012742
0.00591934944985122
-0.02957498560264789
-0.03947546047801677
-0.02994570271168400
-0.02004934285698968
-0.00178346191498083
0.08932083801665325
0.01688722731399979
-0.02344810197144545
-0.05470910191562983
0.00021266905586587
-0.03951869170174522
-0.12159362214696012
-0.06821278589133639
0.04933993528691803
-0.01040232189185859
0.04850859768811348
0.09093786576586012
0.00750800145938627
0.03197551657719073
-0.04631411421513293
-0.04837481315104347
-0.07278928566802767
-0.05916750950730481
0.06944145448270297
-0.06349207350834823
-0.02172817306958380
-0.04183760110391267
0.09748087935404606
0.06941267447256472
-0.06917955974468669
0.08357915608518107
0.01630550315764754
0.03521715342932773
0.00781857546197636
-0.02580645109153963
-0.01229403965123801
-0.04742686426992164
0.03602905969805241
-0.02100401313965665
-0.01658384273179397
-0.06483787774058312
-0.03285898103559807
-0.01436485554446254
-0.02233292582866747
0.01227474621943970
-0.03717437784732677
0.02448803027886489
0.10672787783880999
-0.06637120271459609
-0.02994410022559556
-0.01157280033041379
-0.05078552184508885
-0.07196845045048728
-0.02078933578912384
0.10481493804519071
-0.00247606644019155
0.09861275634798806
0.00095138072004076
-0.08981699008298508
-0.08716897674184819
0.06301853625255019
0.06787565154712462
0.05637092434359307
-0.03416400816823986
0.12167322636169006
-0.10440788587140667
-0.03116359999480003
0.07087190600042670
-0.08656682315014476
-0.00543646475414994
0.09727958292164871
0.02247417408785065
0.07895603389481012
0.10181770000879768
-0.01612251779254846
-0.06253443137964197
-0.10508784947682055
-0.01322879105278642
-0.07321876575200553
0.04163175896757732
0.18574839076262661
-0.00595531814288170
0.03056799386588693
-0.02972864216147808
0.04778090137888773
-0.03685732029722012
-0.03217975966619556
-0.02094292344041303
0.07732048203346256
0.07021176392505109
0.04551574478525231
-0.06250958470454901
-0.04613830967035808
0.18613359796262136
0.03863275225683972
0.01852040118196265
-0.06588033340529018
0.00902434974107007
0.04510902307095408
-0.02328336056901512
-0.00086805010015974
0.01683345269330949
-0.00431761027518649
0.15940854556638073
0.12527461297641462
0.00652706763076739
-0.00725345709762114
-0.11274518329686156
0.04480190837384095
-0.00144378345251018
-0.01205917765529256
0.00816912490344652
0.02077667767607628
-0.08837841659764982
0.12280929851638139
-0.02967698339293831
0.02604640385868310
-0.02172329903329018
0.18912791760239514
-0.11118949684455895
-0.00976518120882467
0.13687612514297873
0.00241954780967917
-0.06025696175769522
0.06257391455000588
0.10405526281845523
0.05541249601086334
-0.07054013016912167
0.05703582599671268
-0.05060258485878753
0.10764671103721601
-0.02767965841037059
0.04920908565865389
0.02611714863125833
0.06366014178496238
0.08518526196976438
0.00127839848426481
-0.00313575075246802
0.04951484208925546
0.06196421638072280
-0.03598787626483245
0.00019600411286361
-0.10231530865778639
-0.07589158522764336
0.10132006856779918
-0.01859591138030720
0.00792498806895653
0.03462992471134552
0.01146124713389100
-0.11240645895292238
-0.02038704114476124
0.10875825472859364
0.07209600403802037
-0.00550535204296093
0.00684413439591783
0.02945302216972544
0.08636099269372469
-0.02829153238062947
-0.04139011415357316
-0.01123240725172295
-0.06116426761732827
-0.04443563015294040
0.02116193244353522
-0.10556339644004471
0.00211309849249425
-0.00939246474118501
0.01265985743000541
0.00785919469694278
-0.09703555952923508
0.02883812234616026
0.06694952549393049
0.03044024532213899
0.01375724369509448
0.04971762572766647
-0.05344082101712549
0.09658814132534274
0.01203138897059816
0.03245484542253727
-0.02965539547485525
-0.01470025810588162
-0.03392637546497801
-0.00705381895389857
0.04641069389756613
0.06749110946149643
-0.02737456434372371
-0.01192575403355422
0.01196866689842932
0.05551405473360326
0.11653056767481668
-0.02648286749152048
-0.02493356491135042
-0.00473688654799470
-0.03451863430871937
0.05361389316632478
-0.05205243738825257
0.07898053324445939
-0.00515923123827562
0.12675955628085589
-0.02055102151646622
-0.02647387955051782
0.01773264894555421
-0.04382653625823812
0.11761087905910310
-0.06075666054221469
0.12233224424550999
0.11488885059323065
-0.04222008204563671
0.07712410383659857
0.03621383932923101
0.03673013123941661
-0.09150385215337373
-0.03345222965265468
0.01987254792008217
0.05394914930044672
0.00927111255361309
0.04281992351704372
-0.11198049607185248
-0.21401757409438074
0.08710853557402819
0.01917776110631125
-0.04901397083547511
0.05864432012093670
0.04061197396271929
-0.01165970738714008
-0.00362094789369763
-0.02253582004719385
-0.13228371970478298
0.07481519603018395
-0.00153205078710614
-0.04147140875470195
0.04201263369958912
-0.07064614788605923
-0.09174765209494957
0.01765026167777232
-0.03107660862101577
0.10057918609221594
-0.05895847732308908
0.06306925425023165
0.03937392886116552
-0.01409470395939129
0.02073964027701248
-0.13972325834244964
0.09040384472587056
-0.02049817520472679
0.00123596068260091
0.01322934413404233
0.03529122446363596
-0.06496354478140426
-0.03052754013919108
0.08364799869945441
0.05542624010255782
-0.06943167508208543
0.03115401103347326
-0.09679532357225516
-0.02022708393875950
0.00808055406643711
0.02154098708337333
0.00859342842827144
-0.03142603129302096
0.02724088431456804
-0.11434413933017692
0.08413912571351340
-0.07370868072481876
-0.01547287953613752
-0.01164824416196173
-0.10918166043302968
-0.03603148928965789
0.02905425966935213
-0.01663040060529250
0.09192078238253011
-0.02501757798474715
-0.01945396262284281
0.02264194388568939
0.07899993605623347
-0.04267929259687532
-0.03746305149889677
-0.03765036997491900
0.11276926424126317
0.09401651326642683
-0.08408099127769135
0.04783334069210418
-0.03941542333198788
-0.03934767421219751
0.08223807428386568
-0.09840458202167984
-0.03261824175990506
0.01986344730845899
0.02289253411257289
-0.05525545117590302
0.12622629606205232
-0.01313727154483270
0.03653460892857328
-0.01502960693823852
-0.02285342855016479
0.08895588101305855
0.09881730301190272
0.00801824713881772
0.00747950993167017
-0.04493795418401322
0.12658463874654655
0.04909375200067092
-0.07604671686203508
0.03686110496301619
-0.07289628843870087
0.02714272461416318
-0.12311938337716223
0.04490600788075143
-0.01743370515622727
0.05225544503040117
-0.08521307130977455
-0.04733677080324805
0.08737038419707528
-0.01957237313963311
0.09850506616431694
0.17810879579568561
-0.08948347558201949
-0.03101881145884354
-0.03323465915591026
0.03310818100128779
-0.09087599754224428
-0.07665181472392329
-0.02184581141100918
0.01949139097721061
0.10101271894237519
0.10337866734305207
0.00302269634790161
-0.02811504612292667
-0.05670376089373368
-0.00783028936025417
0.05920286887691275
-0.05754277121799252
-0.00204663630414688
0.04916070438178784
0.02024801642763997
-0.04268378483271887
-0.01896559817740046
-0.00733460123666199
0.13364008050413653
-0.00676876252638231
-0.04485460645383971
-0.02593868163222401
-0.07988232492333430
0.07188252184246062
0.01922837123867139
0.03122120105506401
0.07620630735417738
-0.03031631441813876
-0.05244207630880202
-0.01773415676947738
-0.00106242067962618
-0.04044272217417613
0.04508371353525201
0.00365493356453985
-0.11986815284888264
0.06429874812090745
-0.02662338788573029
0.08539005541107884
0.03640465509426377
-0.06635568230777063
-0.03645517155995422
-0.10501400093807411
0.04164872979348001
0.12687369585879510
0.03642997366061224
0.07849093505884691
-0.08221116482732932
-0.10709563542922731
-0.04181953448599537
0.06939461269680312
0.04093202903756731
-0.01282111605361363
0.12945182330395355
-0.03702752004796981
-0.09435742724244546
-0.04252644074293495
0.07651664295802328
0.01852033150320168
0.01233064369472568
0.02401990685907043
0.12357575468788307
0.12412732751154355
0.07594395405113231
0.06710115764289390
-0.04168489053119904
-0.06475101953418502
-0.08722266663906991
-0.05201443499339588
0.10806324667496749
0.09403545572855475
-0.03055626478501933
-0.09419456780980499
0.07516358377144899
0.00523836857315904
-0.02041734849853709
-0.02078906847568375
-0.00006825941703119
0.07174599061892134
0.04795778188537917
0.01494641276299932
0.10236823439844898
-0.06674372427941520
0.00305276881208266
-0.10936436645506123
-0.14301111789572368
-0.11466092810275176
-0.05518692653358832
0.01224096623887148
0.06407559779184079
0.02550146965419647
-0.03584070407782645
0.06760093650222183
-0.08351029342040504
0.04624165533783203
-0.07229393433970210
0.02686250792084351
-0.01232058646752301
-0.00112295446060485
0.00925648020157042
-0.03968706493409699
-0.02502146668411495
-0.02020008390850579
0.01817286868255798
-0.01335614594339642
0.01200421451808504
-0.03441398076400087
0.00256144068453388
0.13637692538566268
0.10656414316680715
0.05096123356853725
0.00807950523282963
0.02808280901771591
-0.07249753804036073
0.06958913079664501
-0.13494005791883121
0.11564894399849655
-0.02504829067844865
-0.04347803338783896
-0.00592040922533797
0.01467923203063910
0.00457741111601977
0.10903561252296302
-0.05806220534186292
0.06424253081208980
0.03582215246294652
-0.02019730609719553
-0.03029514483449031
-0.01135574066314823
0.13778829117395264
0.01718451665554621
-0.05424010182916269
0.03791986071326789
-0.01309389349494990
0.00282474626037003
-0.03849126361841378
-0.06495277312029432
-0.02541577884924388
-0.06022086467588037
0.06696482494848603
0.00658250339499190
-0.03067306949204366
0.13517501654094999
-0.08680836575641336
-0.04229970272773004
0.07893294427680253
-0.02321342699770058
-0.09123953365865575
0.10970077445070928
0.12734968879228881
-0.01784825952847318
0.06443360466651198
-0.04494703856111017
0.09415961176927345
0.04905027941241120
0.12921835908359228
-0.04054042509490631
0.10439498108529494
-0.01285131097183472
-0.00834766949767870
0.09963753529763744
0.00437977723129633
-0.02851170239759136
-0.07323221314156712
0.02269798909055777
0.12632212883983396
-0.10010862993949707
0.05455641067333444
0.10892851497694256
-0.04424730421199763
0.01022367236760035
0.06607044741055340
0.00255907503235659
0.06104376678886468
-0.05628734170042863
0.03584938993410026
-0.03779768726355634
-0.01928286315607897
0.03321570172480646
-0.01417114154170486
0.03368561742417826
-0.03147366196173540
0.05995508100473707
0.01944784044124958
-0.06632198622064091
0.03637897629956468
-0.03794833653859442
0.00535314535756049
0.01635531772538816
0.02172899591323256
-0.07832847821363179
0.13385156581479538
0.02851199574452191
0.07361707640314170
-0.02516501583948240
0.17824325607665789
-0.05757070257592051
0.05160143034311550
0.06109756358862154
0.09103207521646481
-0.00459392740988251
0.02196930172144838
-0.05937392121205551
0.04501989208708961
-0.10867483391573032
-0.06294624306273025
0.07428433721022282
0.00904625028873532
0.11024856090617069
0.04594518164205239
0.04984575162366939
0.06362021453148967
0.01071090905377204
0.06817530448917042
0.04301676808420647
-0.02404467128865117
0.01637004053931240
-0.01563060444219740
-0.02782530644131446
0.10012407244745761
-0.01246872557470133
-0.01813639491110131
-0.02333079315805186
-0.06518358712513983
0.02373979621189703
0.04646268187818840
-0.03630715030497372
-0.00327360159120463
0.14049521652527960
-0.03460951088543442
0.07246404151545799
0.14492774983749190
-0.07953952832596162
0.11697184360113415
0.02575326183978055
-0.15748390155593564
-0.01957238871533965
-0.02434068369837926
0.00851456456117716
-0.16031816828690726
-0.05174289856615936
-0.03178299980269463
0.10526988564141282
0.10567679275805082
-0.07089401594848209
0.11122813826350417
0.03441532999058145
-0.07987388344991554
-0.00824962344332106
0.02250791326954972
-0.09846749266677411
-0.03956763388836386
0.12265287783809536
-0.02770469274947213
0.01531453975502145
0.15944686999031646
0.10899179825276666
-0.12923200027927984
0.02633084328056248
0.01553672091573672
-0.02377421776281287
0.05284100705795419
0.04874783988411913
-0.01726909130642679
0.00574892428313892
-0.00546758040539894
0.01670142077782490
-0.01874436908680967
-0.08504376667440312
-0.01643201425469849
0.00317036778632764
0.11998988211787477
-0.02521309129488080
0.03475818872319178
-0.00437846554006277
0.09765678183758442
-0.12140579931721758
-0.03362028513758250
-0.06259821122235072
0.03903766455211439
0.02403786195685647
0.06541908150273419
0.06646529128599096
0.13965222397232988
0.06307429299663458
0.07367577462885518
0.05085239892258292
0.11685636630040931
0.11710994839495560
0.00799868947722046
0.00929875159071616
0.00715322387522804
0.11272608759434198
0.09972572248699646
0.03116224301264104
-0.01768519933203747
0.06009596854827946
0.01742955744639968
-0.09999094596102706
-0.03393695702009112
0.04793865691759927
0.03087193826230248
-0.03510415590686704
-0.05503869732378767
0.04439603050740647
-0.00866554078203671
-0.04026990900814544
0.05107802667558083
0.10415919631329100
0.06352757224681947
-0.01677014460656874
-0.02680481394161280
0.07310484456056209
0.02963659088905431
-0.04216365361366436
0.01799449418654562
0.04154098499727608
0.02987526496036314
0.00001339199112570
-0.04849480318798160
-0.01609638306089278
0.09197060292455939
-0.11789036470939336
0.06975053837417296
-0.03313854177371763
-0.02553944102079900
-0.12156679314530208
-0.04794959176910604
-0.01689334472753765
0.06621757070727870
-0.04047765736010178
-0.04896354937935893
0.05454645052577429
0.01409441195746967
-0.04637205529645155
-0.06909534480251861
-0.04806522046759321
-0.11984686265359031
0.04169726328882318
0.01604950189566711
-0.07146104526923723
-0.00327715496267498
0.00496663977077714
-0.14618731392961642
-0.03118199820718656
-0.04982087044665827
-0.08131576719948914
0.00583442489878065
0.01839728214450519
0.05586281714961755
-0.13196673061285819
-0.07168618047984503
-0.02560179909891877
0.01937529768369228
0.14066224678231720
-0.02127495098495846
-0.04905816849740497
0.00650302662918217
-0.08548688150182905
0.02202882110714545
-0.03163910291597206
-0.03545062179294863
0.05136912484689538
0.01749372369656775
0.02900044666408051
-0.01690927879216473
0.05486798676399667
-0.06906821141385877
-0.04753109893572072
0.07276531957153254
0.06757164678843337
0.08380495527205042
-0.00132247184976453
0.02394630410244445
-0.10052548996564470
0.02979609508209690
-0.12834239904013464
-0.15530473757072144
0.00172796365761309
0.10353407818242197
0.06475301734080295
-0.00226504842364036
0.00718131856180113
-0.04400447384985619
-0.01571398279554877
0.02825605111385329
-0.08427318758344703
0.05829554617528473
-0.05764716073945644
0.09871437651092264
0.01916319252040890
-0.08826912431308545
-0.05648223962217885
0.09328488639128339
-0.03117853650607473
0.03262427750974954
0.03214638807526857
0.00213651556586235
-0.05760944521981267
-0.08379376490269173
0.15401169647359939
0.05889946952569127
0.09882176165371155
-0.08221109293950249
0.09691974653281271
-0.12121253689424565
0.06130297889306140
-0.06100786096769015
0.08352460711014284
0.04807502190805846
-0.04109620550947694
-0.01009857767529716
-0.03129496910775649
-0.02399140393632740
-0.04179292506919893
-0.02497625934104368
-0.05153908117352148
-0.00896014850390708
0.05256888915655258
0.00462287204135533
0.08738540911408833
0.07741033730696688
0.03352234421416098
-0.04308223533110684
-0.05389792297576918
-0.09721983690503216
0.01220617123767564
-0.01616341260013950
0.08813158023683756
0.08945058856726407
0.00488873432844259
0.00371341711821518
-0.01135701544997792
-0.06303761110418682
0.02053907269106979
-0.03762767642132752
-0.04099242831687049
0.05244620083137830
0.00932725244502702
-0.08957113610688142
-0.03940263753881266
-0.05705373835936000
-0.02251529793048516
0.06691757614959866
0.00486977278422527
-0.00231746921780696
0.07503129957590556
-0.00878390710776648
-0.03035018822140713
0.14099316470370535
0.05437612102096849
-0.03803179409212281
-0.09865562708436384
-0.03522174055829032
-0.03371830462735571
-0.00855389678761529
0.01309621606140933
0.07478170414583730
0.02305084991365042
0.03413406893758309
-0.02933341704295861
-0.15531155971335764
0.03455996310225300
-0.01608789287179417
-0.14289113592401170
-0.03278623250387565
-0.05690981017849250
-0.03828928917613018
0.04725389608905247
0.10485475957822170
-0.03035028853088045
-0.06522243418331686
0.08553145427394625
-0.03070759798583507
-0.03833821833432820
0.00207299080166879
-0.02624191431247990
-0.01302146617765265
0.08467999876372521
0.01548032668873330
-0.11197847929123084
0.08293101700708401
0.04455868694822870
-0.15663689446047954
-0.04692284527690883
-0.06824416049324553
0.08363364194065150
0.04418598080618511
0.02391640965109711
0.01286851385320717
-0.07255148103928057
-0.09153038007674676
-0.01250817427610598
0.00714993824167367
0.00622959367987509
0.15329888864347757
0.06380520943561323
0.04118337910792445
0.00073542112113540
-0.11005524302321931
0.05292839078237405
0.00954391559393278
-0.07348645591988603
0.06133534565241802
-0.01262607174990426
-0.09619998802501291
-0.00739716331526009
-0.05532941611142361
0.06418535095601220
-0.04751319616651838
-0.03240567616408623
-0.03543049421926426
-0.02007227276141105
0.02658150084895365
-0.03442707855192995
-0.00535326584137646
0.00406840125109402
-0.03578365228848244
-0.00271156823511865
0.08694877845867990
-0.00190142808698289
-0.01986339595633685
0.08458287947809291
-0.00129715097922125
-0.05889905699059222
0.00198534029185639
0.16595146520313864
-0.10131103202801540
0.03409478319547415
0.04001518592581441
0.02864648310728925
0.09247981780753928
0.02321656770861522
-0.08851600892014116
-0.00602161036640510
-0.03769986471780556
-0.02269462734365078
-0.04527388196319220
-0.02123424676281757
-0.02891957693823020
0.10390892215380217
-0.01431101549886266
-0.16024230127355787
0.06714229454387698
0.03243596044777289
0.05220570284509397
-0.06887056882130084
0.06255593812657295
0.05109842317882476
-0.00095585346643860
0.08970262333001328
0.01116277476271514
-0.08008852566645165
-0.07820537636896678
-0.00594674264877721
0.01520094223206170
-0.01185005672056447
-0.02747378614163317
0.08478896009000871
0.04533114428231515
-0.00595808283698949
0.02581373107597374
-0.09197633734929068
0.04692076431200345
-0.11276790858061744
0.15478356201556867
-0.00248634570418528
-0.03044925408476747
-0.04373761900724366
-0.01198728438390821
0.01254534324623645
-0.06849514053773167
-0.02513273618170005
-0.04468098746068852
-0.04073341833672584
0.03701308899941089
-0.08343131154574697
-0.03694509179734377
0.02779782548402760
0.16866547333171103
-0.01972615322114053
-0.03193033226696428
-0.13019019759268194
-0.05249666678957449
-0.01133718832468885
0.05929595723394337
0.10285316938968493
-0.04000106712953145
0.09380177095597381
-0.03601762516938496
0.06861748152125510
0.05376189077158608
0.01171266023263799
-0.10503646574158521
-0.01029148100580887
-0.00963444653540896
0.04645510210815203
-0.10475732299236036
0.00069766040925442
-0.14481301088751167
0.02871587590359376
0.00191923886219866
-0.05609896629825716
0.16065104606146047
0.00457771389180256
0.19073204246132680
-0.14463506216143734
0.03024248085941463
0.04824010636824919
-0.00995852869284993
0.02243489551885273
0.11836982671376120
0.07614278906173005
0.16032317669463814
0.00527557009583485
0.06753637334943882
0.06025668557831130
-0.10489639746756642
0.06107616475240447
0.08017532138518702
0.00706775641553438
0.05834270952163892
-0.02445811032921101
-0.00230115599489199
0.04122263424850781
0.04858361224263094
0.05319696815370247
-0.03839303625713780
-0.02417155362076317
0.13977880714505764
0.03040142735675459
-0.11989585097807924
-0.05734813305635939
-0.09404999363837842
-0.04886150732654366
0.01581211920770111
-0.01403525241799441
-0.03475080110882423
0.03560118186104812
-0.04139271197404926
0.00867184492199235
-0.05544884772630737
-0.02803114723335915
-0.01232556304716091
-0.07362495361442535
-0.02663130129226175
0.05373255194103495
-0.13693180586535023
0.00531855285355936
0.02692987773508346
0.11056531469646076
0.03356249480770590
-0.01442775551995958
-0.11779237420908303
-0.06790074215799510
0.12799700731411978
0.03452953162608928
-0.00339560036399100
-0.05671594980966312
-0.10435588766215552
0.06947455943459128
-0.02269713980986702
-0.07163163430816312
-0.07989497891031730
-0.03877397300443328
0.02242980071335940
-0.02977362438920974
0.06950666307386570
-0.10640885531184349
-0.03057642061077605
-0.00514411804832623
0.15285344075172236
-0.03204299339228055
-0.07173682079801905
-0.09176549568979898
-0.02415350102805174
-0.06969632914799886
0.09843054517342256
0.00379443138645311
-0.05048813393170215
0.04771903825149351
-0.04782507078270037
-0.13474197080734807
0.07405082566856964
0.02812108295207361
-0.08378234775778633
-0.02035106009871477
-0.09964228514536697
0.06946705290605713
-0.00580033010916538
0.06520605454766380
-0.05396382158014656
0.06307353990558114
-0.02646014195423529
0.09807745357564562
-0.02720876807264737
0.02438772409255036
0.01778981097081170
-0.04148174657822279
-0.01614370802583296
0.07307442626964272
0.00153769789774195
-0.08340032036641420
0.07496595797819471
0.05417448409696938
0.11063423634979037
-0.05534955804192002
0.01775891132526909
-0.03161451493441750
0.11259075549081717
-0.08948573226338130
-0.09850686095625572
-0.01776646750815222
-0.04626747681626836
-0.03520372131849582
-0.04097779504291886
0.01389079219065653
-0.00300135246890668
0.10564708841008412
0.03863490821729065
0.03055513963898382
-0.03695506326808874
-0.05484042789025378
0.01004289887665924
0.00916970343618037
0.13139832439200280
0.05001722126652561
-0.05672148762049777
0.00864802483348231
0.00555181996070398
0.04461748317850134
0.04209685038631277
-0.10726653781604294
-0.01466558777851837
0.06098144421106799
0.14877299606702224
0.02886222541914734
0.04269132915987565
-0.00326463847393010
0.04378595939328227
0.07355859853535206
-0.05147151430656012
0.01740224289687871
0.00634596814437763
0.01224905078299654
-0.00063334405734912
-0.04885990125550572
0.01708762612461112
0.01298536218519991
-0.05393039810720292
0.12922142898976374
-0.00586978567202510
-0.08175007201679220
0.06942862535517423
-0.08743815631061055
0.01708997344165630
-0.00034041813251936
0.01170415220439469
-0.04254825269908068
-0.04127873782354895
-0.13309662377959822
-0.00876718849801623
-0.07782242243371842
0.00925198426004316
-0.01039974608187045
-0.06231380797331292
0.05654189112358930
0.01702780572548485
-0.00147117096573705
0.02132556101544475
0.08880206975094128
0.04065640476924201
-0.11045088866527451
0.04545424409794951
-0.08494079560339335
-0.01594734338815069
0.05983666897993821
0.05401434446591121
-0.00094256949341297
-0.01109756934224485
-0.11378147701411827
-0.04750337018225431
-0.01597306130905258
0.08444529757508921
0.09848277909736664
0.07476289412931694
-0.09828464640314127
0.01343270222268998
0.11488555826252823
-0.06734254444791170
-0.10850610833589598
-0.01256662907537019
-0.10241787038119034
-0.04768708428724208
0.01628580216897542
-0.02038874677362769
0.01945032211292327
0.07371479001496709
0.13987803014656494
0.06049597023079136
0.04528866785803867
0.03087837769293701
-0.03796303891171117
-0.06541489120344339
-0.03318941345710281
0.10838265169221999
0.04159774388012074
0.01288169133041752
-0.02116480879663792
-0.00992314021566466
0.04711926443021786
0.08426826075732274
-0.06103707029465957
0.01134807186164955
-0.10525537604562933
0.09655821778442372
0.01288239107699507
-0.00630394196015636
-0.07930135834676248
0.03787411386616416
-0.04596146436332985
-0.08082843633117121
-0.09995378743464810
-0.02568042197017807
0.11000222891146288
0.14980897073709654
0.02228511367978898
-0.03255197174380060
0.00643744401987288
-0.00385757953713022
-0.02912240569058519
0.00804616591844605
-0.11481973879323071
-0.03248779835669888
0.01281620102433424
0.00319180504147992
0.00072224641343293
0.05823172765949809
-0.03706699249923317
0.05333544406517732
0.01447787935763878
0.01007386970116620
0.02761647724766643
0.02224001244289333
-0.06322996605359706
-0.08629526075599224
-0.07790947364952408
0.03929872261373329
0.02916668248399209
-0.03290362418256437
-0.06516055517168404
0.04752107544914547
0.05038054398490680
0.00697507256368221
0.06704607438428924
0.04783955036285796
-0.06285883302539559
-0.04689000509853493
-0.11173372589442852
0.03423956315597205
0.10322986277831644
0.08798155827324657
0.07390090202513447
0.00562263546585135
0.10280909194572140
-0.07884068486384772
0.04609252131297705
-0.00636474528890447
0.02478902998779239
-0.08322734445112025
-0.02368218387682585
0.03120916656083901
0.14434457458524114
-0.02046312506802939
0.05765975366987262
-0.05938665584813757
-0.02965802528410091
0.00430831611215794
0.00669753689043945
-0.00836176743694619
0.01632202786917687
-0.04589133538606699
-0.04485050752713783
0.03262063799228226
0.01502428505886549
-0.03529498928019867
-0.00108178113314608
0.06369043591086493
0.04072809039027808
0.07898883814277707
0.01443184566006840
-0.04890009280212197
-0.11397013034787877
-0.03235880352781761
0.02185159302527271
-0.04233596753609634
-0.09272102765530081
0.02792657264506048
0.11854493656751562
0.07425518869125536
-0.00762615736103975
0.05273046454459071
0.10427310031162479
-0.02291306733787197
0.02857184931135260
-0.00171022081441173
0.00670901961478231
-0.04104619784495304
0.05069857121463012
0.17410774005792554
0.07940387754157535
-0.02829093926738318
0.01944709723985186
-0.00645113462035143
0.04185221921455982
-0.02261905526362664
-0.04188375972140120
-0.04929259809949494
-0.04155874195852699
0.00640219973800732
0.05827913781791973
0.02236474569781345
0.02543139766390181
0.02528862467341001
-0.06249983054646058
-0.09157870487099613
-0.06909930084706921
-0.09033033864850165
0.00252004024371262
0.16708453911383916
-0.07310658780323220
0.03704314658154208
0.01088944750714032
0.00365658996161358
-0.00847356552547423
0.04193238580196848
0.03363766937460729
0.07312998307322952
-0.11686715310033884
-0.00442778173327861
0.02522783378273374
0.11004145802120505
-0.00990942291624114
-0.01410297485499930
0.00885739089182649
0.02690130265809956
0.03346432518418353
0.02275134360938263
0.01401262604502420
-0.01831938087826936
0.05397355163771212
-0.03955734824214582
-0.02897193678781409
-0.06490209913055214
0.00492890445209920
0.00349001468411567
-0.00911132721867801
0.06254341830217028
-0.01183112165342547
-0.07101410727276249
-0.10662762539136604
0.05062283196263476
0.11572713587553048
0.14636897752973543
-0.06165964448956153
0.11535480263448546
-0.12174960734194533
-0.01016762400274198
-0.09944854412734959
0.01349978732286846
0.07639981056108502
-0.00270693700577409
0.03158195428602636
-0.02320915103900643
-0.10112403636943061
0.02999972750724187
-0.03240871740099357
0.04057759519455074
-0.05029253345032719
-0.11982732284645133
0.02527311398832742
0.05824328569642755
0.00836768375800218
-0.00118161932994296
-0.03634882063463322
0.03283263837128145
-0.02397041108703332
0.10228670989107397
0.06515434875020733
0.01187758489509144
-0.02695976834426670
0.00249058994599883
-0.05724004546358304
0.13123208050033250
0.03150816510647628
0.02727868808237666
0.17916341619138235
0.00525293901368561
-0.05638061990404959
-0.06256638797609046
-0.00846588534046518
0.02454483388839542
0.00435584028930088
0.06874020711668273
-0.01890420994931187
-0.02625023498231416
-0.02696322666194184
-0.00127548349680923
-0.07820815047782535
-0.08299253222045024
-0.02642288856563503
0.02145486573449096
-0.08681650474327268
-0.06493743826772322
0.06015174310687966
0.05064456832067042
-0.04709276130683543
-0.00913956577478306
0.01421099947082559
0.04197876422887970
0.09735123263668391
-0.08443962048539835
0.01334173337829300
0.03293188053005724
-0.08947809521817388
0.03061848078381566
0.01679132858216808
0.06639000646807268
0.05939675255784278
-0.00650100561704065
-0.07641216065532462
-0.10424039755400182
-0.02430728338186223
0.01137088017716548
0.03761009855929459
0.12088125051591989
0.05047584354799536
0.01886109621271279
-0.03396890410908635
0.10181399494544284
-0.01171032591010590
0.00229531203477547
0.07183412981972331
0.06050603646076175
0.02933694125172901
0.09089087414552033
-0.06663529254110440
-0.01557565077433286
-0.02895943007227688
0.01762429593252212
-0.00426572673685297
-0.02611140868467641
-0.01632586128233879
0.06533574830043291
0.01928285549863975
-0.03730810184420798
-0.00093429118570780
0.02811464345699335
0.03475243103123295
0.02073750753890443
-0.02442918980711822
0.05098651636282073
0.00448851849678513
-0.00039741519335750
0.04391613566036292
-0.00090640407375287
0.04718504590269752
-0.13800207767777062
-0.01565231310602032
0.04721242936669435
-0.04323065528870861
-0.08086483648236666
0.04402929117296216
0.02346076089954117
-0.00097573991798856
0.02293325369630989
-0.04935415506754740
0.06911126753625965
-0.01992684866536407
0.01443039342293089
-0.02481265050771304
-0.08914911729115073
0.00342775925648198
-0.10417473009907020
-0.11783737416793137
-0.06398303472360223
0.10497082225310100
-0.09566454793755656
-0.05988852536561093
0.05632513254601421
-0.05828264867474893
0.00542793532650022
-0.08840666565655073
-0.05787609784041135
0.01233300611816116
0.04442511831378147
-0.10560199223314819
-0.04190490313412532
-0.06336288829821864
0.00242790926758520
-0.09897550345437560
0.02382897122752798
-0.00134719071490560
-0.05832872146599755
0.02393050108323548
0.03247409537957761
-0.10847234497750378
-0.00789893175661212
0.04399133572647804
0.00925946276763190
-0.14401981668295907
-0.03308989946610983
0.01793071408769567
0.10385905920860410
-0.07339039126226256
0.02826846416165445
-0.07877828989658099
-0.08169872985420001
0.13079960480193695
-0.00853069264706031
0.05769709883238056
0.02783466663883663
-0.02686440739517009
0.02365111655674288
0.06028757458371577
-0.03430837264060093
-0.03863363011792530
-0.01726098771419161
-0.03890877362619363
-0.04098353577167477
-0.01028097918181561
0.04651684068294056
-0.01197406138277260
0.00072528521103142
0.16553495357203815
-0.05116285855721971
0.01177737891220684
0.00428105848874294
0.09279127370615946
-0.04722011055096703
-0.07036331711186608
-0.04118308191723263
0.00388276870182569
0.05682776963882235
-0.04395251286362650
-0.04237197014523835
0.06000041101230050
-0.00262104205583168
0.00779283223245801
-0.00371149243521520
0.01404916264299215
-0.04388188399889494
0.01208999390005633
0.02025492549098655
-0.05230214392361683
0.02682540340380027
-0.00615119835260579
-0.11230467270431010
0.02127664089835821
0.12959043170945009
-0.02316622247792667
0.08872454961124847
0.07425209112033845
0.00978051562104653
0.15507667720238405
0.00303935445416217
-0.01913267270252399
0.03660376465567293
-0.01096499631036838
0.00650229367278487
0.00673579048892533
-0.11087877377845259
0.01147902340910931
-0.06000511974743887
0.02180698346917733
0.00991612005933433
0.00388128524604201
-0.07261763428712581
0.06414425649808889
0.02994321039339310
-0.09438677149350226
0.00223856892578996
-0.05117391250256777
-0.07743398626139512
-0.05080149050994970
0.01431113625590805
-0.02967307327536850
0.04688895400136361
-0.00620345198106164
0.04357864711015147
-0.16905097200298855
0.04306591648211997
0.03171328836373868
0.04310164346599409
-0.08554434464787722
0.07261179949175738
-0.01783140736628140
-0.01125608843019669
0.03814443333389465
-0.00178265454807720
-0.07722214184157798
-0.01961018301639318
-0.01828763780203472
-0.05351976376565470
-0.07610870963819091
0.00273303851677968
-0.01683498552661269
0.09962582156492356
0.04117742942486866
-0.07225636968692078
-0.02745624832199981
0.04413982928476960
0.05003507750331502
-0.04949384898704774
-0.04327899737389403
-0.04636450218986166
0.04935707141313003
0.09504973913220274
-0.02898370256347394
0.04067165228092587
0.01663798718891014
-0.02322346813899846
-0.11535865901990743
0.02502535664242607
-0.06576494249129781
0.04676140678298208
-0.01140818437149551
0.08761567977404061
-0.02685447365977834
0.06099987444674046
-0.09526811447256088
-0.01550841780563145
-0.00625690346014731
0.10674852067827174
-0.05411836022455518
-0.00446177700570496
-0.03373741521656054
-0.06133368713456104
0.10871047446787568
0.00685233465232036
0.09710521753755352
-0.03936635932366060
-0.20172940278390866
0.07626167817940814
-0.05493774040271081
-0.05574712124296556
0.07413971653418887
0.04374620826895839
-0.01028393868868535
-0.07598413532081823
-0.04536825512541542
0.05867148394553531
0.08832583770545857
0.02781745656607272
0.07022200358386148
-0.00690154015927509
-0.03128799911849379
0.01551224413964653
-0.01978371324507773
0.01237475230211519
-0.02050905878917637
0.00906055422290606
-0.01638794320261762
-0.03907394780306211
-0.06603338820393016
-0.07436952478276475
0.02167265563098526
-0.02621315252330288
0.12060798811265738
0.09179906796830153
0.01306332340643992
0.04776699381208326
0.00604568033941947
-0.18543324836166739
0.04652958833955170
-0.00706024803800505
-0.03445812613024229
0.11974510388395529
0.02535342163796581
-0.02052028337582622
-0.00084762671868677
-0.02917230206290845
-0.10422723816189616
0.02472528765950497
-0.04028890112763813
-0.00323286767464655
0.00473392502004162
0.13388922542316573
0.04122792164322686
-0.12316737556832454
0.02144087459306076
0.06955647580190261
0.05336326600346894
0.00217816647971682
0.06799128759536806
0.08092070625416704
-0.03279857619610897
-0.14723876701913027
0.04091806219397984
0.00633940409443333
0.05107267116456297
-0.05616816228891007
-0.04307551528519164
0.00312248749854527
0.01054067343053623
0.05150711837346208
-0.01461102729873338
0.06514255367469732
0.05750920965877380
-0.02820514728653641
-0.00858022542263284
0.00471078008006693
0.13251119689855392
-0.07369823147547559
-0.11381662325437883
0.08914302407398327
0.05031864603534487
-0.04006178336262624
0.04321124891679752
-0.14642088109594725
-0.03024119400077577
-0.06284422346638203
0.07123393656359552
-0.05834934923035993
0.08159473738963277
-0.09078198474204088
0.12911236781201882
0.01462976024497406
-0.02382819472234652
0.07290087524269519
-0.07641358133613096
0.05764164954893218
0.01473518630747678
-0.07158365793230741
0.07112664219457078
0.06175566880707715
0.02181117819770645
0.04048944801373176
-0.04000213299486486
-0.08177020604318318
0.01280141948881520
-0.00742081929915829
0.03724497616675602
-0.00861413073964480
0.08042777423879281
-0.04159143536618513
0.03593549193975367
0.12273458785482809
-0.05957512243718144
0.02208709501711414
0.00664851012240261
-0.06544226498267657
0.07243272621313662
-0.01004926666729816
-0.01429185630369189
-0.06734852914128223
-0.07639928221010900
0.09200454399285751
0.02580270643635812
0.08093692467703950
0.03157677222748319
0.03050313796665893
0.02663270192772511
0.02863456386311951
0.00026079674353470
0.04219207557484664
0.02876631957470397
-0.03874478935848732
0.00078663343086223
-0.03255809715594183
-0.01789282024614283
-0.05922481241798108
0.02839359460329810
-0.00876248662258705
0.06832991094716265
-0.12303465229855275
0.12044617702878181
0.12285173727500555
0.06080734937001915
-0.05198976065851455
-0.07869407332998396
0.02802994409959786
0.07448907434350437
-0.02970967084427399
0.05887536386520873
0.10303311515914762
-0.03298786853958578
-0.00932760313588029
0.04863387579512822
0.10668190682707113
-0.08880833399169474
-0.03059033286556705
-0.10469302839784433
0.04748886406194864
-0.03076619698438210
-0.06117817747955379
0.00256938892123588
-0.09760761250532521
0.05089518012912535
0.12704738737494167
-0.02710067798750581
-0.03099185463394560
0.05466037220455309
-0.01950272376274163
0.01941383515428415
-0.03663264454611247
0.02452401582058917
0.00909829913618814
0.06826191983581308
0.00728306630224526
0.01634554528226866
-0.00037468313970497
0.00879811905164943
-0.06187759410480692
-0.01007564416521962
-0.09628605908466895
0.08089276475930340
-0.03653134596833423
0.09863871036756523
-0.14311340735950501
-0.07198731658646655
0.10092586408984013
0.07944266169688612
-0.01290073833902749
-0.05893749916593668
-0.03712244853676000
-0.02776737817789631
0.01843209769179176
0.09783493616928962
-0.18584613023471019
-0.11982723427145943
-0.06744477945095199
0.06139493445798126
0.02899133204809421
0.01590810122589857
0.00922643994007614
0.03642365686609816
0.04100772596960419
0.02830932843000199
-0.05920832196758664
0.06156830891066469
-0.05740763072746001
0.06211449009894142
-0.04262833789936520
-0.02267902409782901
0.03318973742789342
-0.03927702611846531
-0.01535672515410630
0.07704027214560569
-0.09918940249984740
-0.03169803429585949
0.00378119656569121
-0.02384102665110387
0.03271666194280206
-0.03021626034633024
0.06590620262483804
-0.04329594972000236
-0.09223156703298373
0.06782116033250178
-0.02326341562650715
-0.10126122230055964
0.13118596235478902
-0.11502714617426854
-0.03087434976299527
-0.00888921242884586
-0.07568359967806750
-0.02208365636784657
0.00411301582292069
-0.05373373296684092
0.01011260222341516
0.07182547698480304
0.09271901113689798
-0.02425060317449346
-0.05081426774040256
0.07645947859167569
0.00987262433977105
-0.09344204470118229
0.01494365494441787
0.07619777009603007
-0.05923160706005096
-0.04306017934277622
0.09147917538378923
0.00356040998965190
-0.03609078981283311
0.04923914790999671
-0.08855614796394862
-0.08271246801839757
0.00964924407700597
-0.00677918717692296
0.00941300706954866
0.05360386746017564
-0.01780680545383243
-0.00494688834980623
0.08534682652043039
0.01913721171006974
-0.13768980884265694
0.10432030516427222
0.02732577719369833
-0.01412221462932039
0.01178575004787250
-0.01358966549850201
0.10891368343283583
-0.09252088389012979
0.02148588319765828
-0.10459093134519548
0.08099178733725436
0.02287028337837993
0.11448750100907923
-0.01195347947631420
0.00907002915523514
0.01376655380888679
0.00332656534601814
-0.03850994199267026
-0.00800150923600982
0.04433058405265392
-0.01743180632850048
0.02381721817371960
0.08446829323773725
-0.03475770667412045
-0.02312331693747649
-0.13271072184030969
-0.03599395276838795
0.06648486428802068
-0.10998044841567176
-0.01979893623930788
-0.05602047077043613
0.04152565550459696
0.01702074257205575
-0.07166056597330635
-0.00839205222954073
0.06528722259295829
0.01973284965171487
0.01493211951579335
-0.02346943886388643
0.02377887708692837
-0.10445432800866143
0.00736537001643461
0.01991916844143010
0.03350904064349647
0.02037503420056586
0.07417582343845186
0.04693400396763313
-0.10441497040761376
0.06289155926895765
0.05054276853489331
-0.07581496587191371
-0.05835113577252349
0.02189167588711063
0.09349263455453280
0.06600770807849883
0.05372713669775619
0.09790097786535305
-0.06692407431501007
0.02702698576627394
-0.00798413382672737
0.00969539918582961
0.05868457959642535
0.04274484242359378
0.04571837954943857
0.05775550908062076
-0.05153936683273618
0.02913809923330437
-0.06645316229816978
0.04288444248691069
-0.10217224611466640
0.00364822773482941
0.01273841310402235
0.00686990232597018
-0.00401508586603314
0.10254698040413381
-0.04662466015994605
0.02966074058535539
0.10571262346049538
0.06075316844746866
-0.05204028196565742
0.05220854263841946
-0.02708463965962354
-0.07253030219767691
0.02120175629717237
0.08046930102973734
-0.02980284771982002
0.09015810631636494
-0.14863293563913521
0.02956380898455662
0.02252905946464967
-0.05729417580302495
-0.01497817452466817
0.04565356377533398
0.10939399696291671
-0.07813987148275078
-0.05229910887521801
0.00811257701547054
-0.10314307597001061
-0.11282045514626329
0.06763522871467527
-0.12064018348847445
-0.00560299948384033
0.02973755544859934
-0.12120285215700219
0.00185526330533027
0.00794368059836214
-0.02475632628709335
0.09716907091723026
-0.06162786481298882
-0.09834082314458242
0.01643915683711542
0.02415626531469734
0.00291190465251357
-0.01703503194321500
0.02741075110902461
-0.07966247407252676
0.03673843197829933
-0.01319486705793993
-0.03705984999283013
0.02999431852990493
0.01299328728033365
0.01999367291249949
0.01343095936444324
-0.12675735340230934
-0.04747850258777098
-0.09930434146962745
0.09476370196297430
-0.14620318737118712
-0.09870166120136520
0.01854266322329048
0.06590636037196952
-0.04367748330771569
0.03581233552549917
0.03234151588220459
-0.10582305855816616
-0.02345538741279103
0.06386682889464525
0.06825315226513634
0.06572529955908224
-0.03112330690878886
0.05799447961573851
0.04603865740866162
0.02810552268662193
0.03607054730942259
-0.11408411542700346
-0.01138134416863562
0.04178220577326270
-0.03046284923432827
0.13112969265593552
-0.05750682276342883
-0.03126416489936721
-0.05715893375806161
-0.12007479938520416
-0.00585091979073680
0.12006119083779926
0.05113662079708817
-0.09357653311221537
0.03342158712510340
0.02558702385656208
0.03743355578306235
-0.09898351761336242
-0.04462187524534988
0.05900680969160427
0.01122856189481214
0.08931216869268754
0.10603839439282461
-0.10245978883719382
0.07829418726522699
-0.04287967477577280
0.16101030962955670
-0.13167787493791885
0.00333755351938083
-0.04611501895129664
0.03258146195440226
-0.00252994767700650
0.01867784401760116
0.00371790962587176
-0.01597579844971476
0.00655663728705635
-0.02120884773206473
0.00114132191414230
0.09332262124695369
0.01205365074752354
0.00903269766582568
0.02503741869364695
-0.05723573152644824
-0.03297797504935250
0.07918577911404885
0.09603704505413524
-0.03630137248735815
0.01660659248072372
0.02221179088415640
-0.11824490912166558
-0.04380952121204804
-0.07116509183192579
0.01973747004763337
-0.02918053040730469
0.05967304957224377
0.00147273567384623
0.14488519486630988
0.07560248782715963
-0.06121157947331297
0.01567089877796732
-0.09930863552851862
0.01171008848943776
0.04216325099692577
-0.00224755051986600
-0.06153055192845508
0.04335652227755479
0.04302444743717663
0.10415480754974780
-0.00200532964716916
-0.01823842861266056
0.06379308322668036
-0.03171390935610765
0.08741523848209524
-0.07258584261426655
0.06047923112424135
0.01187966142912797
-0.02501918974841585
0.00469938626720318
-0.04418467058208726
0.06131507431803328
0.08949379516722880
0.13807809163885171
-0.04187524967232675
0.07262738937747495
-0.01952383387284868
0.00858637406125937
0.00061965873084240
-0.04139116048085072
0.05717211455670433
-0.01135407968142620
-0.01357656119424658
-0.00266576743959463
0.09041494076591808
-0.06058844618123171
-0.00873038149757291
-0.06408047625334562
-0.03136185021999303
0.07188824739897004
-0.05335521576378214
0.04836993240259428
-0.06925188701077832
0.03611662323369962
0.05825891095858467
0.04842443772800994
0.02866926810916180
0.07356851207840712
-0.06219773404125251
-0.00402823757912011
-0.01236278818128788
-0.04226375252742315
0.12017725075448815
0.02321157998987825
-0.00359674601317830
-0.06633218410630889
-0.01810455549052511
-0.05000232617317391
-0.00587558327302753
-0.02974148598825083
-0.01533918395102803
-0.02808477251186814
-0.04460619224060534
0.00193219048929686
-0.09475473659721484
-0.03077388124037174
0.04961892577380968
0.00555932072784118
-0.12242575460067424
0.00199954237487575
0.13778303941823095
-0.00259841722702526
-0.00071145341983211
-0.08405367039160105
0.03359491327957767
-0.08128392325995615
-0.06781748507162225
-0.00171044355650370
-0.05622112572429576
-0.00015507323314333
-0.00995266918322123
-0.07795241789857060
0.01109136642267566
0.04492279177730864
0.05647524195999868
-0.05696819908946817
-0.04967042757832769
0.04895596111152643
0.06604934880552088
0.09737998750834158
0.05394560625531553
-0.06051489785731803
-0.04842544423437035
0.09451726412680427
-0.00035777101847129
-0.10249112710450888
-0.02917079956938819
-0.00206834497133262
0.03646346662531244
0.02639940116009019
-0.05787325958887692
0.04818750022874121
-0.00586713138983517
-0.03973384146354227
-0.04272986497890615
-0.04446709404846008
-0.05961110942666542
0.15283287822074226
-0.00363572233135649
-0.04623284663001592
0.02802999376728113
0.01667727763476757
-0.09013908478333421
-0.04899786535802147
-0.09113287192702467
-0.07887169682073328
0.02022866067772729
0.01544238695832094
-0.00780698977423995
0.03643089857542789
0.02941736324661281
0.00642006803667079
0.09803264432092949
0.01465522683598806
-0.13217417051010852
0.01599557281501734
-0.06104946942109862
-0.02881084300531621
0.05000491408175833
-0.01832228675000730
0.05609644314542041
0.02753997089558991
-0.02840339512121095
-0.06223867846900563
-0.00250205934702768
-0.03282090742029066
0.00675609105765100
0.03602085569605465
-0.04376812962369028
-0.03058009325978905
0.03033189048361004
-0.12525672551848990
0.05749133696872420
-0.10979701906494174
-0.03683642381250393
0.01266665921581017
0.06174425082085155
-0.02452539756788653
0.03834231876260649
-0.04653936274764521
-0.01077062003621715
0.04253761687747358
-0.09779092354593927
-0.06951111937839864
-0.02323189877303541
-0.03885434286121418
0.00042474527340542
0.00512358975952081
-0.02514276557048705
0.00576996211789572
-0.10863041200198928
0.10267146190224050
0.05472858834603856
-0.04852244791697229
0.01943900236708965
-0.01112955077910525
0.02268127059868925
-0.08958281998495049
-0.07376086346487433
-0.00458437677930813
-0.13760023502366064
0.00291393017959440
0.05249816372426844
0.08043336198507996
-0.04678208792875400
-0.10556713166982100
-0.01369997899670075
-0.02654867398644298
-0.04975813868359466
0.05635439151947687
0.13959605440151829
0.01452733463449132
-0.03294980686986695
-0.02323828993601611
-0.02519968943631606
-0.02645355903858218
-0.01284781922607787
0.08897431670977116
0.02000097423643370
-0.15995541604781721
0.03552512516936599
-0.00960804260146323
-0.03285189130893146
-0.05063918750922533
0.02934157378564922
0.09893194000372577
-0.00993734030485082
0.12739793144462255
0.03522032882430180
0.03116428431632454
0.08234514276728847
0.06675297327170669
0.05368306751636499
0.11959782558163647
0.02729716031881112
-0.04908930852255492
0.05185262749452273
-0.06213637522897342
-0.04917940370409788
0.11233469605173294
0.05460132024936155
0.02690951543640924
-0.05581770125635155
0.03985926786287142
-0.07475952035991111
-0.08017575293080308
-0.15746208191533820
0.04994662775019054
-0.08804464699141343
-0.02312747253863087
-0.07619885554561950
0.06836398676608894
0.09449672722534525
0.08929109414439629
0.05216064727208285
-0.01566694677043363
-0.09869200080806660
-0.04731486626524666
0.02272770600582660
0.04594405484620812
0.14233154447653479
0.06363409937039728
-0.03135750620426404
0.01052694471371180
-0.01407586955790692
-0.13983778175970557
-0.03866644352929766
0.08869998495914491
-0.03994079907637081
0.01704597268641254
-0.03285631654443910
0.11286402568847233
0.09119365661374797
0.01185545420846942
-0.07720075335793143
0.02641969058299882
0.01844950398191563
0.10438336067073153
0.00329649671502192
0.01025744091201566
0.00846311156757512
-0.11224669440453180
-0.00386712227966916
0.02100621012042424
-0.08921864453643988
-0.04187956798392047
-0.04241895544432972
0.02766729846500565
-0.13610321210309034
-0.08308920752458994
0.04915307641828764
0.05418816803877458
-0.04743917795147652
-0.04227570235882067
-0.12228033871167286
-0.03726535391990942
-0.05770328332701916
-0.11007977711538991
0.05201471559042246
-0.06676241687952147
-0.02370882431249135
-0.05114220721921688
0.00468548042941725
-0.11436953523206474
0.03616080436074036
-0.02476676813889056
0.05388181339909428
-0.00844671928898719
-0.14440445980292324
0.01538595264640496
0.02287735405348366
0.13140632583850617
-0.01755344902855008
-0.02038241232705890
0.00020009649330901
-0.01892986557198768
-0.08323898106840266
-0.02132099132456559
0.01181987823769683
-0.08968380737483550
0.06438819874916429
0.02762692615576958
0.03381130967078430
0.01124956308895070
0.11263662719190827
-0.06189844463427742
0.06950474399292694
0.02967091497475179
-0.02622413201037649
0.14016049543729125
0.02926705457334705
-0.11706342065212005
0.07227185579795076
-0.19627215226884170
0.04733140777435202
-0.01122672188526862
0.02999599339572118
0.02324976450914358
-0.05070211049929389
0.08292654814964931
0.02887110345906070
-0.04405884558962116
0.02957105570660973
-0.05278186154297903
-0.05624744791579324
0.04701833012192699
-0.10850694241535437
0.01834678982958846
-0.01857993686207117
0.06066142364085519
-0.03672086785245567
0.10443905219466004
-0.00853878129703299
0.00579313459292586
0.07563141947508586
0.11439889412908154
-0.01898616258257001
0.02482249730391654
-0.01471652595851244
-0.06444686021997013
-0.13614863454931467
0.03652843919000038
0.02573813141343795
-0.04652360736188353
-0.00711350667203436
-0.02470847236558835
-0.02085369106660525
0.04081017732906202
0.00767703458354159
0.12547646479662997
0.01330904089800755
-0.02587532542896324
0.08546573155293528
-0.03508216256512854
-0.08015245462129039
0.09126501342593148
0.04795129899334748
0.04622505047053384
0.05973928736340973
0.04582102404307007
-0.02307894850748596
-0.03923752533305856
-0.04911620775343398
0.05269529446651951
-0.00918715663580372
0.02907632273782231
-0.07336670008260480
0.01764485373846090
0.04519033915022035
0.01527410555168363
-0.07588474724106771
0.06281702094437397
0.04271113757284743
0.05709105873825186
0.05873545569709423
-0.02674051540250767
0.05420023166890317
-0.02402809595084027
0.07310468398600914
0.06509661917381303
-0.00691377661190482
-0.04215428957509505
-0.01431199504482146
-0.10003785343929063
0.04373203765386856
0.02178114684486819
0.02745549465454529
-0.01008451654678468
0.13703185200086529
0.04268570026390192
0.04560665199086410
-0.03473204721252949
-0.01375983185287806
0.00603250172211690
-0.00860171531206503
-0.01706584777700456
0.07075540883435467
0.15121567561270002
0.02601738186458540
-0.07848551740379754
-0.00908178342970686
-0.03145790105271874
-0.00529844917556825
-0.02447161089370709
-0.00471516135021489
0.04442283287356766
-0.00786978170635436
0.04489704340299901
-0.08647858958868618
-0.07117442499539536
0.03647550093803058
0.00984461995347934
-0.08771341076193802
-0.01884790042030440
0.01033715371360658
-0.12731527471375662
0.05094680057547681
-0.02977794974368506
0.08206492865024248
-0.00156642371768099
0.03505570827269964
-0.01456245307798789
-0.02923871018865643
0.08776817782271376
-0.04524232569107416
0.02710650900726016
0.09275477721197302
-0.02101873020779238
-0.04360455724065083
0.00337634247004555
0.02209276070398014
-0.10033744956938818
-0.08273093496273817
0.02529396531334745
-0.06594770261767995
0.06245318425476025
0.00606268060991976
0.07636240960622984
0.01349231469090019
0.09390508487321041
0.00840643665400475
-0.08436737768975626
0.00116464150200031
-0.13467525761323282
0.01181360645191773
0.02848633901259343
0.08164522350590102
-0.04441082377755807
-0.05843733028454378
0.09692349181397134
-0.03541225609005635
0.02497266142589800
-0.07709035734419367
-0.03868423032155838
-0.08308099569018576
0.04925480964981923
0.04149976112887725
-0.00235036628859801
-0.20228015837437777
0.04022472411220376
-0.02068249639190703
-0.06856231310703530
-0.03726158237836664
0.08964632376066936
-0.15444861268906651
0.09037565919509290
0.00081199487568106
0.02463651951216969
0.11975148922820848
-0.02768531432864658
-0.00290807723409159
0.09914308302796412
-0.02121815472569110
0.14219826895624982
-0.03730267266139864
-0.09457529956126723
-0.10839228363583492
0.01333907331891374
0.02435950224665297
-0.03116322999431401
0.01328950932749535
-0.01721462429026853
0.00557300002474506
-0.06170865635484736
-0.05321010652777495
-0.02640667347029736
-0.03221015755262175
0.02148632276340138
0.10969100814247712
-0.00956122227881745
0.07526093620320720
-0.00674963873790859
-0.00543137361483921
0.02928715069102130
-0.03881042509803147
0.05611245855191995
-0.04563965385776819
0.06457126424887433
-0.04490514505735860
-0.09486568332192308
-0.04287859647461844
-0.02118243997723137
0.03229668732791951
-0.03768804663246859
0.05066857177824476
0.01126509115933957
0.04079901911442965
0.01663253729388215
0.05573978373841097
-0.00858371407739861
-0.00085364599707405
0.02575302760491411
0.08247935976685346
0.06364046831114685
0.00993749478032418
-0.02502659891446642
-0.03124814648567800
-0.00748444086285035
0.16349671635620822
-0.00682184189341300
0.00508107454945628
0.02468288834642052
0.12444028464302385
-0.05457651843437255
-0.01349751312120409
0.04786073111069016
0.06384056103462242
-0.07633537724715919
0.04072549664241679
-0.08295413724012232
0.05344961403226727
0.04418768295360156
-0.01174108838324739
0.01314885656254115
0.05356639162352856
-0.07619546197702433
-0.03372260421276016
0.09840107186917600
0.12302190708713415
0.01542954583930681
0.00339909310057871
-0.06013306053927114
-0.09334657725970701
-0.02581954928493419
0.03011752095063469
-0.09627589092634277
0.10329005617395037
0.04027455193479885
0.15324371460684300
-0.02090558163291914
0.01954595128428718
-0.04175246859066066
0.00181350053892081
-0.02804786851357055
-0.03517165665001327
0.05295933584024303
-0.19188037244760517
0.05949960375763099
-0.16826511697895935
-0.01894300414660087
0.08409865613225252
-0.03241296757620610
-0.00767275035767208
-0.04746218051520262
-0.00404648237951326
0.02995267639784807
-0.09053513116348247
-0.07763723111366092
-0.08412451395360854
0.12149431559649658
-0.06370804270113066
0.06183861413900145
0.07439381104009460
0.11648624849169845
-0.11937756720941038
0.02714266931832335
-0.08091934991410669
0.03860474859939343
0.02696983187434435
-0.07147349022615182
0.04671719155914448
-0.01656921881716991
0.00273810233831416
0.01964627981147703
0.03705312514134102
0.12639372931944959
0.03310533511475940
-0.08744736838019403
-0.03219838571319907
0.12685646562580688
-0.00200349105027281
-0.04491711647323069
-0.11026503657307210
0.06102609265068332
0.07508512717919125
-0.05999593172106713
-0.13164234781396336
-0.06173804395625430
0.08286031106803927
0.00311027215135534
0.04205949812708420
0.02540959788901485
-0.06628457581993484
-0.08776136783023697
-0.09033733891306600
-0.02172267118270411
0.00018668981470987
-0.00441957510284577
0.03912322957919610
-0.03315897271149284
0.06280348324321873
-0.08892294838725191
-0.03726013777906570
0.02618855312809543
-0.04471349882988940
0.05423619928026906
0.01493428061113948
0.01962341497363473
0.04150933352598862
0.00691508238591725
-0.01071340072031018
-0.02431290755579236
-0.06078517749961717
0.05189102376188251
0.09672379016643751
0.04109711690814440
0.05644878021739155
0.04152257811434804
0.07832401912294773
-0.03459601725216521
0.04523534807758135
-0.00382807970416975
-0.01772249008478549
-0.06080229986417333
-0.06579975413904257
0.09413092206096071
0.08350408619802578
-0.00754598982506564
0.00596172325243336
-0.01221581166414935
0.04065321900431012
0.05264330835663764
0.04212632989164354
0.09337247179774565
0.13630785993740085
-0.02141135173191745
0.06526919199702137
-0.00628736493696308
-0.00972155912944605
0.01317354025553854
-0.07087288432853966
-0.03077162056332991
0.00031086978353729
-0.01516126768989758
-0.02687999729102433
-0.11372549230015803
-0.05907190667268877
0.07109871016849212
-0.03278326560873787
0.00054507761769176
0.02261094151980183
-0.10738917868716338
-0.06400368143309923
-0.05372751574934787
-0.11884789107934332
0.09028392330320827
-0.03891809088346893
0.01512314501048469
-0.03369553754255981
-0.06027344155515209
-0.00485151056320617
0.06957345385130728
-0.02133786767256236
0.01554140635737740
-0.07273216428395396
0.07464061428520261
0.07091097974675692
-0.00516586289428047
0.13765326436548653
-0.06570891834888079
0.09374201690907617
-0.08445692024574881
0.08217920063068747
0.01166256651150047
-0.09638617425826060
-0.02379144927664111
-0.01583456851855717
-0.02436454418966135
0.07626968066741262
0.10045840937741088
0.03546009155378684
0.04417054560012698
-0.01062293303703852
-0.09137712328092318
-0.04412724170338290
0.07126089484368293
-0.00124884409285549
0.04237369610473701
0.06405772036956228
0.02782271850990288
0.02767049352623212
-0.12340796501395793
0.04835482812428838
0.00847403185461533
0.06802474968291511
0.00414051611704649
-0.00450110474888790
-0.02350589543673728
-0.09392094279560401
0.04326467278845393
0.00454669137606948
0.05342869463339280
-0.10441582242543830
-0.06144639516163902
0.03055920940652930
0.12071707883570312
-0.01884672808547860
0.04451285008917737
-0.00574506550557241
-0.00905081115132173
0.02269859247363237
0.06451696899471721
0.05414073540525833
-0.01990467940295148
0.04871491615293252
0.00624552149652069
-0.00664820782458368
-0.10883853744548962
-0.00194340306388505
-0.00341435319933151
0.00495512192563854
0.02266999127666345
-0.06298761775089705
0.08255876162262721
-0.09303134279786889
-0.03283305698154843
-0.07121331007887813
-0.04769113668510018
-0.07567054699355365
0.04951242325247152
-0.05313301267161690
-0.00981690557650629
0.06208096859719110
0.01994362723176716
0.00484701225208699
0.00150447515374042
0.00348440840849089
-0.01472650599825464
0.01822398133664579
-0.00566151822958422
-0.10197262506897585
0.06642854940502815
0.03882575462766712
-0.03763652733544136
0.00691396790228430
-0.03917857666160472
-0.08346948791449071
-0.03167129943591858
0.05362292929023246
-0.00944134196774880
0.00062475361879337
-0.06257659510985249
-0.10856196662878181
-0.08333804206792636
-0.13736723232401229
-0.05197998482915749
0.10944548537644058
-0.02514511367218142
-0.00772151363311611
-0.06955094335452575
-0.05619184570209373
-0.02576313306650076
-0.12493565662542643
0.01026198022859815
0.04322133649788101
-0.10729127816998585
-0.05559843374340260
-0.16012364884925506
0.11314408631782054
-0.02122811398374505
-0.03366685023891107
-0.04939178223199082
0.02911538617696389
0.02953724349943153
0.00961151698835144
0.12906640698609900
0.01729900278888748
0.00412161617751105
0.00267568954926094
-0.01195755618149267
-0.01741152704832246
-0.15271824291396560
0.02152189266547760
0.00253247922194865
-0.00230781690275339
-0.11303602705595779
0.16803590315490552
0.13157386815215899
0.11770284447879706
-0.09678622746408209
-0.12535070411789581
0.03897232204663088
0.14368490396691322
0.09030997261521728
0.04462575147690635
-0.00571257805996555
0.02960837686539802
0.01853060967825016
0.04452285704146954
0.14484471061997120
0.00791043880108164
-0.02353525707836118
-0.02353201647703583
-0.08184704954370209
-0.03900190114867844
0.16094218531558493
-0.07488726008642228
0.10077882421629772
0.04176046960381895
-0.03427676548220970
-0.09542597150078864
-0.04887367740830221
0.05807077863676079
-0.09038748208516577
-0.01887600095450340
-0.02603451144738369
-0.05823752504681171
-0.03747916812012220
-0.01230319528174148
-0.08218298241186574
0.01668566975281336
-0.05112915165165145
-0.02684561269624808
-0.00576643228462690
-0.06516172012795335
-0.00498586888066011
-0.01190488670419132
0.12979774376499828
0.00396591435234095
-0.00783858507037595
-0.13501558750846387
-0.13771633600963748
-0.08649530124418929
0.00851496963222437
0.08072065760981902
-0.07792629220569836
0.01920847863011970
0.05875579593727891
0.06128664746548031
-0.10183348705670182
-0.12441999078372297
0.01122469166797237
0.04004917217171731
-0.01827451288677095
-0.01931353099580153
0.00698692080485436
-0.00921403659311152
-0.06885730491719677
-0.02527165848549969
-0.02904890134423996
0.02634651685219098
0.08034789123078692
0.10370238732114295
-0.00252151225632091
-0.05367985916882994
0.15302965032488774
0.01886088262407206
0.01395743762639202
0.07024345245617539
0.02219997644468593
-0.00456373164076426
-0.03243082937347771
0.01678331979436480
-0.05032717337965727
0.03574051877503161
-0.00107690420981868
-0.06714763665613957
-0.08143537857813733
-0.07551506186209551
-0.00942172526383488
-0.01043453037715722
-0.04690018789961049
-0.02761235977057351
0.07931827847033725
-0.05650730487112814
-0.13812765616585027
-0.00636478377722142
-0.06121350268800503
0.02553741376827865
0.04433296913865430
-0.06490115809447290
0.11413100198251999
0.08176799836763801
0.00502969193455374
-0.15695391333706418
0.02446426731078387
-0.10549377873233959
0.02617436350073150
0.08479910633491021
0.14251699657166961
-0.01474568829338966
0.09894168799254778
-0.00475477619284951
0.09828739619723600
0.00961900447219014
-0.00733973309381348
0.02251688133462502
-0.03943219800921096
-0.01888223993376127
0.10391310421477741
0.05085367530908214
-0.02053053744088889
0.12490426175853307
0.06632155484054737
-0.09543057925404265
0.03639450469478731
0.02687208296760676
0.06048818035348600
0.04361748087899322
-0.02026794283735977
-0.05184980593562463
0.00392744268476856
-0.10688350247925711
-0.15034342918692517
0.09247473626473726
-0.03977685984947903
0.07898213107079076
-0.00076621597437993
-0.06918915575062860
-0.04013015594447786
0.06206377363918140
-0.06600828792453546
0.07749293363850004
-0.12124873095797577
0.01194113969120523
0.05885156858612296
-0.00665612496514042
0.07753601662794218
0.06236527557143249
0.02719499098172848
0.05058662270798280
-0.08439874685831962
0.10731179347285605
0.06592150026084333
0.00569504681016468
-0.01179091974991517
0.03139015720178844
0.08260316062038466
-0.00957192383447062
-0.00022284976311886
0.01268557067690031
-0.02669820847848274
0.07227821802077723
-0.05937888982904594
0.02361101406333718
0.04511662625194184
0.11472748790133018
-0.05600486615634107
-0.08450152451457559
-0.05860002356643294
0.02014706404898992
0.02881229840400152
-0.06669362382570428
0.00107035558595362
-0.06771736659264252
-0.07159121728413871
0.10686285432897542
0.04829450410515563
-0.09374051217669044
-0.00222915728795477
-0.09821008037981649
-0.01205263215842791
0.06316398077839973
-0.00484967121984313
-0.02320164341174923
-0.04670329831102275
0.10992379442145125
0.00310495687221478
-0.01039845306512415
0.02869717362481523
0.03689178751676488
0.00488868968060178
0.09006435272665646
0.03433670633274671
0.00731182806727226
0.02247663186355801
-0.09631946286635118
0.09653256002142477
-0.05544664750702544
0.11523758600507095
-0.18011590969371036
0.10006105444572519
0.03953396101418487
-0.05878988652456480
-0.03659366627893759
0.02250754168672471
-0.12248424849748293
0.00086212046367679
0.01987672095722054
0.03129342674177221
0.00504762200563081
-0.10235415686449632
0.01603402719467176
0.00709714667967844
-0.23002820664833765
0.09409334093090642
0.00040835674744410
-0.00090741542878743
0.02644189472361570
0.07815697379843621
0.06780987876807391
-0.06260261025329164
-0.05539569465999381
-0.06434766402920020
0.03414227221043507
-0.13749937199098766
-0.05033672258578034
-0.03205328675558695
-0.05488628920975232
-0.05499434369363770
0.13763143878228240
-0.02270053077118004
-0.08110754386652642
-0.04483214547816265
0.07168397906966485
-0.08050495266610934
0.00014653743236359
-0.02914668720383022
0.07021617196780569
0.09580349525452186
0.05349272960915603
-0.10974748086203359
-0.04531856742966742
-0.01865028226692664
0.00943330275221233
-0.09754711653576931
-0.05715047452382848
-0.04594599185604415
0.05827126488940747
0.08815975748729157
-0.00687404850103205
0.00898945780892572
0.02895161754509978
-0.07769160406120283
-0.05335439321569072
0.01628825182219209
-0.02100337962667645
-0.05857112678845504
0.02511446478264702
0.06474807991649323
0.01568283029816468
-0.06200088618575385
-0.05049131499710387
0.01154878920594154
0.10039344690343163
-0.03896549022482381
-0.00808041369983009
0.03898761976266679
0.00142768045331053
0.12294045223206516
0.00356774343314389
-0.00384706087975107
0.05070214574364703
0.00792143681510000
0.03477296749158430
0.00687068715354481
0.03412756907586874
-0.09356660143010324
0.02886453688642117
0.11297908609552614
0.02008517283874473
0.04128742676215976
-0.01521376573142979
-0.01958242020522907
-0.09819168085023899
0.05400358148471655
-0.01147817072763457
-0.04529741712394997
-0.02079681145614203
0.07333712832858452
-0.00229114759218425
0.07039461515260043
-0.00892286810321499
0.00586059670870434
-0.04909450065797302
0.08548283015578083
-0.00567087033869917
0.03546421993527079
0.00751089307012035
0.03960887107879069
-0.08192927207892284
-0.04085076061256483
-0.02255033223185601
-0.01881183136009499
0.05695015925403830
-0.13046059415332628
-0.00156035298267071
-0.01533452107972836
0.00587252276926016
-0.08003939805997819
0.05681693315904712
-0.00832492750279382
-0.05886634392430833
0.11239349923361230
0.02646066640668682
0.06626470249324562
0.06877411024847091
-0.08827717485669387
-0.02464082699926995
0.01249039673641002
0.04133679348565231
-0.00124063172714408
0.04025726832009474
-0.09126195255024236
0.06219842159144616
0.03029928941281268
0.00612710111181168
-0.06975121709614032
-0.04962859545590166
-0.04876108180051727
-0.12191052990678568
-0.02890354207906682
0.07830276025959773
-0.10764365405743152
0.05518025336545596
0.05271063596283896
0.07006680371074514
-0.12205092871437206
0.01709491042393699
0.18614110832763514
-0.01393205212647208
-0.03625168586123061
0.05657483417045680
-0.00582222506439528
0.04882790715025628
0.03037830112969916
0.00365287579677733
0.03737951593468222
0.08715755587239987
0.02224784968834891
-0.10552984168738698
-0.00035701817895991
0.08168016879430068
-0.08459030954576847
0.00815713201940816
-0.00413226526135365
0.01446871171352149
-0.00333749983577088
-0.06711738191322988
0.10819200843427640
-0.05189425056106149
0.03781847987231329
-0.15252126916902431
-0.01533517898088035
-0.08444670220078747
0.00742647530527526
0.01534957729427582
0.04492220704529899
-0.03499681454065034
-0.05058417183866715
0.04959780191782640
-0.02332039031042119
-0.09020167002587118
0.08852255577433719
-0.06014662275716900
0.00352124652522031
-0.03701882915745933
-0.08083226206936475
0.03097351803248857
-0.02423008440565463
-0.09670847988353140
0.11606393211946749
0.00876955023906580
-0.05246377996852869
-0.09037708553852369
-0.05108310358571498
-0.02175957832216923
0.08440191312028357
0.02115695406870321
0.03858983230174873
-0.05356213341971472
0.00968996620625054
0.02391829429042747
0.05628370377285695
-0.06141942729730246
0.01598998199402742
0.04643580190075278
-0.00652711747807115
0.04190424702310897
0.03860769241975937
-0.06872801194262103
0.11067314136065512
-0.07903646499283393
-0.07876621859728264
0.03635371579574659
0.02427145374702420
-0.02225683750365248
0.07893606618861265
-0.05401840576934481
0.04955554110887959
0.05435011608496734
0.02904776476225486
-0.03907330748962893
0.00541254957265942
-0.04209421221842660
0.10445112619797131
0.00172432576744615
-0.01868380344365577
0.00291333925230602
-0.05891283238153881
0.02035854845390248
-0.00589226603984666
0.00527956744621606
-0.02823152520259794
-0.10132710687768309
-0.00399345712007202
-0.16432601698192090
0.06369911150262288
0.17583493127667535
0.01378990734398945
0.03689029062413920
0.01431921761711141
-0.04496015597749014
0.01441044358410478
-0.01261301797852690
0.09256971095742647
0.07983076619530932
-0.05111013859974954
-0.00999262165751071
-0.19051560319872868
0.16065876562417769
-0.01193467982082136
0.05167491907859573
0.01017533736905106
-0.09265766285171075
-0.02137080424997636
0.01464861140242732
-0.10866267503690620
0.04979457981060404
0.00320327689239150
0.12664379354899466
-0.00948302807343793
0.03346644909692586
0.08249003180956679
-0.07473869924980160
0.00547142723666492
-0.02463961080563026
0.01173623795320600
0.10036213732932076
-0.11043816150009843
0.07054750294461214
0.07056968920923831
-0.01670902890953124
-0.03345942309615740
-0.05496163328308867
0.08683141800367399
0.02689187018666458
-0.05719885547350749
-0.06450735019958162
-0.06728678177303553
0.10234618183118321
-0.04596231435633226
0.08537524333091490
-0.00648740994740667
-0.18550815143975688
-0.11217985494281565
-0.03874150668225271
-0.01703179921639035
-0.06734658933907528
-0.01284972220121087
0.17100322885652589
-0.02393425080308419
-0.02634980920030068
-0.04763254413187292
-0.04829573370385497
-0.01722466350940486
0.00980469884316620
-0.09106457691126479
-0.07560004250226417
0.01697722219567784
0.07774440992074819
-0.11342369088774604
-0.04867486551021007
-0.03918854117408936
0.01453761890960821
0.04647111254274989
0.01230264200269498
0.09834502509129806
0.02090367813757300
-0.13577919106382244
-0.01197956298093343
0.05367294867442636
-0.07357702992983249
-0.08885459515219318
-0.13136042243324381
0.01236075701230905
-0.15499245630928207
-0.05612194132844659
0.04247386800332659
0.05684145542256933
-0.02748587546903201
-0.09057724904969033
-0.03211849782865216
0.09445700430291776
-0.01132543572290407
-0.03165795932343082
0.08924660873791958
0.03932845047496146
-0.10595534433308149
-0.14774253766994339
-0.00408477492864542
0.01551480336053279
-0.05227808698436560
0.08247835226366361
-0.00401419563024228
0.01325562060300396
-0.04425831177643018
-0.06129710118999747
0.03570296238453279
-0.03928936368460900
0.00047607636547000
0.01257847565710928
-0.05125327945174871
-0.07633434114493323
0.01197111603677474
-0.08260767501365102
0.01166015230987921
0.05307177214404138
0.07872116223451942
0.08241161619697666
0.05270302473882376
0.02419504838557321
0.10797042197922067
0.06856509324149153
-0.07914471258887355
-0.09117129948354834
0.08597825413582508
-0.03087848944877214
-0.02658261925702873
-0.06217616747957953
0.01413963718302158
0.00454046070475232
-0.00553243652153691
0.01527203917809460
0.05478306811309027
0.03563214529175462
0.00480756324849680
0.01335467071631387
0.01252071375486145
-0.02426630902504918
0.01405128495954466
0.07539443001367056
0.07490522038099376
-0.07252168296056352
0.01117189686132360
-0.03995708792177095
-0.04112300444320004
0.03528621839641728
0.03853048141441876
-0.04565062525360521
-0.02786766577988307
0.04075655540084847
0.05750299098865029
-0.09700577422558111
-0.06762085446296490
-0.04117184257525015
0.21926845862532024
0.06887254656219131
0.00996229106295119
0.04913809623744151
0.05296995734835996
0.04665671910192048
0.06568112698491840
-0.13155131954760330
0.08407919871931747
0.06974575436034396
-0.07522887452528941
0.01902436274608198
0.04364646739634157
-0.01138833532467801
0.00966287949394577
0.08409175511473496
0.01739494012251256
0.08167265803677312
0.11505497255302939
-0.03900984726613914
-0.05674487818311309
0.02549444088953682
0.04739265914985530
0.00484836718320343
-0.10378255555709685
0.09307633093842795
-0.11278364965597590
-0.01778964871099921
-0.06907394013948565
-0.07403191374630380
-0.03391716508290257
-0.01332669873704339
-0.08150496323881512
0.01329177697335025
-0.05484449930435140
0.06714002673730421
0.02019258470654180
0.08574877446937511
0.02841595063852287
-0.10990968414275808
-0.04611761573944968
-0.03400621342991157
-0.08859706274124120
0.00482924519631061
0.01483069928617360
-0.01804081626102672
-0.00462286765742317
0.02923699962128839
0.05526141063161030
-0.06763355014447250
-0.05857019688549239
-0.07486674727585677
0.06725854506358593
0.03912050316549427
0.07365904249063168
-0.01804619853217088
-0.09329698229756014
0.07189759125138583
-0.08737857114322958
0.01489080126803388
0.03935522839104685
0.01839660943314366
-0.03454254215827874
-0.03237133386031533
0.00485878728980886
0.05313251105250501
-0.06556960584490838
-0.06987418264436795
-0.01803479976573014
0.00823841022515404
-0.14100856777709767
-0.08127173510991997
0.02338163396821165
-0.04909491513876574
-0.03599211166364630
-0.07692196125370762
0.06561355482004765
-0.11183193835774913
0.07430649620025270
0.05179312573314115
0.07191486757869454
0.10443300976820644
0.06184992662319189
0.08137874862475805
0.04382705408303721
0.02322677535048869
-0.09986807300904470
0.00408762834148715
-0.00331344828869761
-0.02971188337154846
-0.13244647846580082
0.01302337276329241
-0.04188154130885493
-0.04524508723472221
0.01126039995384387
-0.01087613913396453
0.01311254459509511
0.00173548638573511
0.04365589710152674
0.03467944985216211
0.02168540843741399
-0.05475869554551074
-0.01311109937322901
-0.05510585539714794
0.01633138030032070
0.00789284291422645
0.05986981356354729
-0.02778375489400990
0.02615232014234974
-0.04990208268613323
0.08829433334948869
-0.00203428523373951
-0.01963203188710800
-0.05353548313226963
0.04304094083179447
-0.00101358534250160
-0.03752053157779946
0.04942547791375906
0.02395706082492076
-0.04444659508677931
0.14090834894797746
-0.02038460316058786
0.06860424176942354
0.07121486079242956
-0.02054649728292520
-0.00094808639120649
0.08542458798859782
0.00533563452353317
0.03162891941095708
0.05860319897162648
-0.13675273757352147
0.08941506681674631
-0.04344825264519973
-0.04237171982945615
0.04212879522668019
0.10744334007765075
0.05080023995516057
-0.08376953550425990
0.04742691093132464
0.07576437709777230
0.03245997518788641
-0.05962682326673834
0.08569194338452546
0.02894618539341419
0.01858129346885723
0.00370360847565207
0.10137699625103672
-0.03968175900397357
-0.01860568343926725
-0.11228572565299974
-0.01087076894975436
0.04490790774518571
-0.12766758232502826
0.08584863216801596
-0.10583969060339918
0.05669694407258771
-0.01876311801696168
-0.04768907954853640
0.03192570297287189
-0.02483315522211570
0.07241539915111259
-0.03907823514643903
-0.04716006825313292
-0.13519935056149820
-0.01780330329590722
0.06461356086509835
-0.10007109981798086
0.04440839632050939
0.02753650480963241
-0.03816748088072900
-0.07531686027242201
0.06295587405135293
0.05527574865042253
-0.04887015195407361
-0.06403160397425600
-0.03440673429173297
-0.02444270848310848
-0.08798941520057968
0.17692713471335350
0.02540346649877056
0.02301959675299852
0.02620601791402091
0.03881549668227197
0.01108833816938223
0.02989115207247066
0.07267806977799596
0.04841788078511731
0.07915037621560150
0.00897780036145469
-0.00405814260638807
0.06437995950383560
-0.10524559120088439
-0.01440941346507522
-0.06058353586786275
-0.05203675738392571
0.02577451512515598
0.04392308323284353
0.04137163360203257
0.03082963384673649
0.02548742626876929
0.16018378919331316
0.01598191354852737
-0.04025198926820835
0.08329975427486375
0.00240266869358650
0.12720955597053643
0.06336030182349182
-0.00167813326587654
0.05384047388600677
-0.05698796204030891
-0.06014069732772027
0.04427928401231462
-0.05197845449627200
0.02032957934854073
0.05177642629015938
0.07298148445211318
-0.01901081376323334
-0.00834148946136068
0.01007738224610434
0.06166515787497133
-0.08039556346142865
0.02387669422225731
0.09999721687745269
-0.01057087973285745
-0.05896775416534916
-0.03280737080064772
-0.03018333069898355
0.04621554623200095
-0.10805035583733688
0.03273995009289583
0.08685498454259388
-0.07193595258219659
0.10294469065467020
-0.05669978346890379
-0.02328633795698693
-0.08809901629860879
0.04882326325264979
0.08626012606396548
-0.07620442100346393
0.01389627775168186
-0.02100096112445034
-0.05938871422997418
0.11078650389239854
0.01002297741529937
-0.00400796212024998
-0.05895427471204442
-0.06601355953864878
-0.05551430512281313
-0.01415011282160270
0.02966018883653705
0.01753470342764438
0.00360013341037157
-0.07299897401865216
-0.01300268122400334
-0.10211444495509185
0.05764031821609843
-0.03317851659153331
0.04601220091364355
0.11666764221000681
0.03259085904550355
-0.02817665899879809
-0.12255280479190300
0.00187976960523212
0.00560902323115000
-0.01723456593657117
-0.11347808926215265
0.08967829797673109
0.08177067387246917
0.01173316460761304
-0.11329692232373820
0.00338999262505568
0.01728167272068909
-0.03722747403495513
0.02719092841051869
0.05949346133609116
0.09955611754257339
-0.10660737208877746
0.00395897004815372
0.01579713324538610
-0.01282117484255818
-0.07610388327873631
-0.05050748985638116
-0.07342197378657594
-0.02183692187596585
0.03751185133222104
-0.04759813257240575
0.05178354106478835
-0.10233711740947958
-0.04886649879506522
-0.10218804848349056
-0.03671803963176621
-0.04602474378266178
-0.07857416025848805
-0.06209578528755334
-0.01634045818587010
-0.03033594382947619
0.04964126979708760
-0.04530317255292289
-0.04376644534992665
-0.06732132902528659
-0.01733908594969435
0.12924830932855869
-0.06440039545599002
-0.04441271578828697
0.24155195868560436
0.04281236565506426
-0.02580133767040807
-0.03474398245424186
-0.01927936453167391
-0.00316183056981043
-0.10133133076201137
-0.00125517232016216
-0.03503463734725375
0.17028164111811306
-0.01566687385417673
-0.10571632456522892
0.00568857025342969
-0.11351060546452661
0.07879861448627742
-0.03629731382627285
-0.02166277051855766
0.02821497326683588
-0.00806527311408117
-0.09249235398627449
-0.00407665472455555
0.05386015654474767
-0.00250787813207034
0.02972805357890015
0.05942757214067361
0.07173255026063714
-0.06820632539571489
0.03043947930622210
-0.03224588369157623
0.12149203483523326
-0.09507580169737173
-0.08311390758321863
-0.08464363370948513
-0.05836812318707071
0.14121551072351124
-0.04275451942347769
0.02861206679041286
0.03485016530070865
0.06902554259055840
0.06369645055693987
-0.04214603254470874
-0.05786385972792182
-0.08198749581403700
0.02424208899360854
0.00146726784424525
-0.06291607814953946
-0.03116135718273447
-0.00557556089353429
0.01665638172633077
0.09222774995240149
0.00077357971019827
0.00747816871662970
-0.03211946714529609
0.08387474435339304
0.09699236319075091
-0.01204448745892926
-0.02070230042043934
0.01681226897502836
0.09989350371210876
-0.06779182458418057
-0.07345721406993759
0.04489527893787470
-0.05873623884261447
0.05869746678856737
-0.05303626629210832
-0.06592156009750495
0.01942487595255818
-0.05190625003238966
-0.04218998457505106
0.05380460797291713
-0.00664330644201393
0.07215255067034426
-0.00659648339952674
0.01943806372248780
0.01337559194746310
0.02149744574349631
0.05351148794082847
-0.02453186528982121
-0.05358950870019043
-0.06123469099097781
-0.06045896433284929
0.11004459830437090
0.03938377917957770
-0.00559912059100273
0.06510013084737465
-0.00688122589804539
0.05037599217267578
-0.07410933496531344
0.03246197109780497
0.01987716285714632
-0.01477860206463787
0.04290212247426135
-0.02340128790961354
0.10694255589955051
-0.19773032610620978
0.08862402637286755
-0.02278221104705963
-0.04578780711163015
-0.01476740571459639
0.07722726088567061
0.09418282619728303
-0.14437715811824414
-0.10142688278140766
0.02628195210450258
-0.06551237278606101
0.05365759737065987
0.02891868554712534
0.01824877062670067
-0.01631192762445085
-0.06782860519867463
-0.05715466016801606
0.16831801706879307
0.09657894603207783
-0.04230266345739987
0.00515404697138333
0.00736386096370259
0.01247731932235274
-0.04200072985973507
0.03071520915610606
0.08704286051462093
-0.03815821596441787
-0.04606201094952359
-0.05878451625742909
0.04021479360136417
0.00863052185528052
-0.04995925947147092
0.01352938690967529
0.02848269338258417
-0.01513407516620015
-0.07581505244544569
0.03906548511439933
0.06150778895519485
-0.01496203505148389
-0.08429981733143270
0.06046431060455059
0.01741543297212560
-0.03921670339814429
-0.05532442055523903
0.09325103068542577
0.02427499879603700
-0.02981352881551137
0.01804840165074471
-0.05303529197178367
0.00694538601372850
0.01156401515358616
0.00225650184515305
-0.06991914391182918
0.05942106892750589
-0.05397291059064803
0.00054106394816381
0.06152489537783869
-0.04682612579703461
0.01782429556704306
-0.00776467823847235
-0.06327326362526375
0.06818354516257591
-0.01249706442072059
-0.02157884611459147
-0.00157337663162890
0.10150589669338583
-0.00028283821140190
0.08238726649211317
-0.01429163939301000
-0.17105476042884349
-0.02258089627223239
-0.01375579510652779
0.01023608911884265
0.03012385193981563
-0.03905178507999742
0.06745481264266265
-0.06271134505030550
-0.05983141779487403
0.02581184191133712
0.05537071217195469
0.00546421510281812
0.06147730885441705
-0.02431525853151273
-0.08265340418274565
0.03528807776763229
-0.01263946587295367
-0.02389503811547874
0.05423492179360358
-0.00036382261514429
0.10149420652118223
0.00558503014280664
0.09531971350023788
-0.01028961635422298
-0.01944052127904211
0.03792581273294502
0.03085182258232390
0.08206928581063049
-0.04497167823483933
0.08175637205109591
-0.06578325487293187
0.03460616057586370
0.05392745084853393
0.01285069689344341
-0.06479186994607848
0.01557539482663122
-0.01828415117550891
-0.13740528998177270
-0.04813922108886383
-0.06538758825680673
0.01908380693364050
-0.05175353832751008
0.13530495783411714
-0.00806747425546024
0.03796713753339388
-0.01424396094927559
-0.06944776842714624
0.05297256790213135
-0.02153881847830880
0.00123758183409949
0.00492404157690913
0.19783894805621552
0.01614223349542055
-0.04435040128009040
-0.07426644271932875
0.03162080067457197
-0.07165590308848252
0.09123092671555731
0.01106549346036087
0.09067800585636415
-0.02235908953472575
0.00055755989705411
-0.00588135775717079
0.06681543750084284
-0.04210287113307989
-0.08622388748579324
-0.01037666634973978
-0.02033502305694203
-0.02489653181808450
0.00653654682166493
0.03938249100852172
-0.01359698253585693
-0.03434669169079151
-0.04624303558038303
-0.04132800125308564
-0.05608885928060683
0.00032522599374355
0.06307969697894378
0.00027090854609992
0.00358861467661459
-0.00624229506671298
-0.09139880379249166
0.02457022737564522
-0.10520773151443431
0.02950429148183220
-0.11123864427817380
0.08023051415455630
0.06053647379701631
-0.05303005283534683
0.06062074165712988
-0.02029845152947149
-0.06989069165188599
-0.01891414613604301
-0.00680020161772665
0.10668700656752712
0.07016785330255308
-0.04729064868344328
0.00043843235505648
0.03129893468685147
0.06593435107921382
0.00387889620121985
0.10494005268789441
-0.07750051930076485
0.01361779004685912
0.02751405556065425
-0.01659847184001398
0.07674313240513565
-0.06021285141792449
0.02341121229176055
-0.04235950536527720
-0.05233120441187676
0.05174776231393333
0.06885756629339349
0.07062533415206047
-0.01559699591572518
0.04415667804510085
-0.04813269318038750
0.01111441181484431
-0.08113103143944685
-0.01310790676952055
-0.11194276275802206
-0.01843604359186547
0.03855813642244162
0.06049126113479984
-0.05296434632346998
0.08160703832479030
-0.05297334193722743
0.07444666937255962
-0.02006718968290922
-0.03975408815704078
-0.02607933784214402
-0.05188828923620955
-0.08095546051540407
-0.03887629978200963
-0.05389208187072866
-0.01445704220798617
0.03016580037259988
0.12831405955287820
0.01123702079691755
-0.06775669825456505
0.06414767508819778
-0.00787860092691798
0.00511550607946783
0.00133735696327324
0.04472005611578870
-0.04420776352493289
-0.00819905633625380
-0.02780325827609546
0.07636491669783846
-0.06456083441060312
0.02637027463202269
0.05355404585000762
-0.07917225815594595
0.01840962391780925
-0.02391146621303618
-0.04676828271147630
-0.00730025383506592
0.05961009509658807
-0.02334938871586672
0.04988484931123995
0.01038145885818459
0.01818398728625928
-0.12910345122550032
0.11121603226548248
-0.07373346075875296
0.00898108115767893
0.01885807686721154
-0.03816497801389528
0.03909007862557713
0.03354493671824167
0.00880305469999765
-0.07823198506991048
0.00073068519388985
0.04055317349968728
0.03231077206056069
-0.05461894552447152
0.01940356612911790
-0.01272942535795973
0.03833536685935336
0.12886224053573631
0.05528699293975254
-0.01651251358397419
0.06376041268855898
-0.07593463902504179
0.00225373282190165
-0.13502415861544684
-0.03901297030450532
-0.00281172335511061
-0.01689988530236624
0.08493916837180034
0.05187892523393526
0.06883077893519006
-0.00647068854626110
-0.05410170993143997
0.15074406512473301
-0.14156673929939798
-0.02400253195176339
0.07992683834092407
-0.06480898341775548
0.10182573149377795
-0.07610104377663093
0.07624410392218035
-0.05467118905296386
0.00303815089079035
-0.02736658685742848
-0.09979087575015133
0.02548263298542779
-0.04997378393026643
-0.06442007963757915
-0.00882100463417833
0.01839512684462915
0.00812183875089336
0.02653897118281540
0.07675840436469243
-0.01199340194330521
-0.00633395379424255
0.06108803618652605
-0.01961581955630323
-0.09163253575702235
0.02020134125131465
-0.02402115331184125
0.04771455840357747
0.06486246255838921
-0.06749870830791369
-0.05809114832263939
0.02989385126985850
-0.04539069445453674
0.05698055254964638
0.00024718842309174
0.02320225916997230
0.01976638257783864
0.03010447910810747
-0.05242268784883993
-0.11057121272889942
0.04867772828423821
0.01660591969374423
0.09698149859864118
0.02691359947275581
0.07653892882492161
0.09591080971778326
0.01142969147931472
-0.10915757905300552
-0.02178657299958186
0.04934340089779289
-0.04036492694082591
0.08099943566995034
0.02492369649292603
-0.03862457499750560
0.03237580988947333
0.06865641384938123
0.14488855247641147
-0.02519748397270298
-0.02325114454414634
0.13450128531501129
0.05140273115225415
-0.00420846149057496
0.04749408494869875
0.05116579926549827
0.03834907947016449
0.02506485672117537
-0.03572038582473040
-0.06746073820504192
0.08626828114580488
0.06307868411755958
-0.08209003108775635
0.10230233656555331
-0.05326382617881464
0.07003876719925510
0.04474748932853403
0.01450642533933231
0.01632643419476860
0.04822557342585441
-0.04032907007133118
0.05727241951287135
0.07017770290806484
0.03964616129615923
-0.00569591080627915
0.07305318162220130
0.00608896925093733
-0.00946970079216499
0.01615684994931088
0.01668930029286227
0.06979549567929430
0.04279390562671585
0.08017078282046090
-0.04481264843758525
0.00767199466329285
-0.03654387094020749
0.06112292554747322
0.06320048133955207
-0.05674673961367262
0.09940245866394068
0.03360348706109682
-0.09182997690586733
0.10175914291108153
-0.09884367958114200
-0.05162117647228247
0.05059889849163032
-0.07144892096567546
0.00501232495441461
0.04202919210726360
0.07875556501581499
0.10231507404788909
-0.02449873913223960
0.00754676609169084
-0.02900090542448050
0.02606380065882335
0.04905809272056287
-0.01137254107460287
-0.04806064899510835
0.00066096286132589
-0.00937631983146073
0.03888138886137150
0.06979312979526137
0.02632275307918142
-0.00625373817243327
0.02886079008465804
0.09868844637959420
-0.03148473788019853
-0.00714309428684465
-0.04948627836464271
-0.03145719931891368
-0.00437216010523604
-0.10943420975764646
-0.10563958035630915
0.10696332847336079
-0.00436559716992764
0.03466647567637619
0.01471790835513569
0.03704204091346075
-0.13293136894753896
-0.00149940094014515
-0.00801749463693403
0.17831784427917555
-0.03740740972998628
-0.05598692989613890
0.03349356310111917
-0.01602506852051210
-0.09505898045712569
0.07711996616867806
-0.03401008016688551
0.01141599252373891
-0.00213600332303926
0.00943692162074902
0.00983998640920829
0.03834292527154891
0.06730112358450240
0.02108313551603179
-0.07488115661171964
0.03101652678009024
-0.00789481669497552
0.02461165152795452
0.10148972485171226
-0.10242328087150522
0.07513023969658560
0.09766863035033455
-0.02553800615244942
-0.01299696789107167
-0.02076849923245716
0.01605739628158335
0.03755835135450667
0.02824130964175376
0.00441696488225484
0.06807533028998050
-0.00430242385626903
0.06866836015984562
0.02982718311965525
-0.00118132150144239
0.11851907037773839
-0.03369859901126421
-0.10371286849700397
0.02340324964534480
0.12075815710096061
0.00786343400797606
0.06730912073385879
-0.03573275464587925
-0.03376208319697346
-0.00021279191878950
0.09716196866484664
-0.00595820280496101
-0.12639643272202503
0.01592489304058712
-0.04932163495214079
0.06279537417703909
0.06339203863441781
0.06801790105917403
0.07993750199900240
-0.00437933392312721
-0.13088144783230884
-0.05546646963269711
0.04668508895608359
0.02432934294675836
0.05281162036272290
-0.13825924617601099
-0.00921829774543164
-0.01833675304328944
0.03620835810838440
-0.02753867470739996
0.02319723063836054
0.08251932789518589
0.05459181741887512
-0.07840809798845981
-0.07343338261346853
0.01149316012174394
0.00601324768063763
-0.00264670005586335
0.01005417262984339
0.00260885592819944
-0.10923504366825186
-0.06869179846598293
-0.02290628655334036
0.02101852949986536
0.03191384081478688
-0.05243884168350723
0.04603891810699393
0.04500995168411824
0.12299205978957245
-0.02526176550929389
0.00264138789067188
-0.12476060338727388
0.02397356383649489
-0.03937849351070984
0.01889339269541507
-0.00564982503004110
0.08922458615465992
-0.00733860511687699
0.01556928857720311
0.17263844675112938
-0.02064780168432777
0.07387798932368826
0.13841638161121364
0.00245170902943100
-0.09052688387293413
0.03094657751514895
0.05452788546065782
0.02420691096769199
-0.05951569352985685
-0.07858591792849144
-0.04017136453247223
-0.11738940365784120
0.01572542890717006
0.04224888862563254
-0.01455283857034229
0.08623042698403811
0.01295964991351029
-0.02109792621866457
-0.06864759569640487
-0.05455669142468098
-0.08085658672729695
0.05035220710693305
-0.06772840716048874
0.05867374580291203
-0.06156015079849356
0.04037309334596534
-0.05420081084168019
0.02774624318815060
0.06184653101526542
0.04764589474574080
-0.01093475352425667
-0.03115511545655172
-0.01457995003899016
0.00908258139006273
-0.10199839855421743
-0.08361583322875393
-0.03835481518202007
0.02580792410835146
0.02989979186642664
0.03247682002749996
-0.07344429132576381
0.06436004728757320
-0.03246846586892064
-0.04664087776743462
0.12154536132836710
-0.06910815666490150
-0.08285250712223335
-0.00144978461744050
-0.10139886225367045
-0.00778191976170657
0.01153926997721705
-0.07541613915220215
-0.02329383416464240
-0.14070118102291862
0.01478591927033810
0.08680510811531311
0.10486786585614988
-0.11963018462463977
-0.00055431503176077
-0.05876185957892860
0.02315805060201426
0.07171944937077313
0.01846842241598143
0.03530001781081844
-0.07413905525189439
-0.04943544314513537
0.07758552016692587
-0.11865506123344860
-0.01757460954002645
0.02234183511330667
-0.02732176615755016
0.04042005700664800
-0.07326980934800259
-0.03627112118656375
0.10998675096579050
0.05909152757132172
-0.03902655743494079
-0.04624232639067754
0.02868006728754509
-0.11177857952685140
0.05655649469859762
-0.03411552739205607
-0.05771855161326638
-0.01364687354566449
0.06972510804237005
-0.01296567627226890
0.06828520360852704
0.01733666884082350
0.03919634194182443
-0.02194229958946449
0.00885976427829645
0.03536633659045942
-0.11053441697051233
-0.00559496027238914
-0.13399015069577444
0.00935655929740275
0.05169463413353569
0.01168456936322836
0.01968516045443988
-0.00257026518800765
-0.07892637541980763
0.03226031102691731
0.03003292538268581
0.01456681649366875
-0.05679164608015679
0.03288613607674164
-0.10387635507088537
-0.08669676311724356
0.00038002924960109
0.03896037258209292
-0.05352560851209470
0.05771601554211456
-0.04411669046791544
-0.06025869417336614
-0.01548368927059666
-0.04855245702679822
0.02093235642281480
0.08783008956515369
-0.06017079506905026
0.00183718543448613
-0.02695422290427137
0.04965164589362919
-0.16869672360740601
0.00869002378290722
0.01274607654503909
0.03276774611839678
-0.02297209927186398
0.00152615872293278
-0.03528022539962637
0.02802243605710200
0.06633672754467967
-0.01655622328279392
0.01980602844873593
-0.18074440792271573
0.01304633798295857
0.07652640148076942
-0.06440324910047319
-0.04237060249015535
0.04099552592573590
0.01946370310715091
0.02323125668394458
-0.02464544043167279
-0.05612649879054554
0.06347435855155975
0.04233885820689694
0.05462346692849748
0.00400437347543237
0.05474275933507303
-0.10777079137097324
-0.03240427144441599
0.03910836646129544
0.01468855519463327
-0.05362657559486855
0.04512686711465811
0.05207673240777655
0.01307825467230962
0.04466458426413002
0.09103834681445003
-0.04446088443548700
-0.05088510405563718
0.01053399415566918
-0.12554248700123460
0.07489314178286062
0.08396370522267965
-0.01647407238843290
-0.03116380578670487
0.05684959203054997
0.01180786118911455
0.06831697069834816
-0.02012867259547420
-0.00864260109298602
-0.00094418547443147
0.00570223321104918
0.10820352054666477
0.03885726568274896
0.07995501165570668
0.02716983592011774
0.04694583421680923
-0.07191445175935872
-0.02179036041655267
0.00310397807936626
0.07232958581751671
-0.00906617854421331
0.05553295256453152
0.00972814326275687
0.00441177262490627
-0.04138622608349099
-0.08523698345776914
0.02460542120764888
0.13856017430043144
0.07345704330585129
-0.02079984253095804
-0.03751895834072519
-0.04276403888418263
-0.03423796555851442
-0.01073974989186807
-0.03766840638223354
-0.12354876689079380
0.00279512191794283
-0.11793550592892017
-0.02151021798556989
0.05882865503940735
-0.05560150418852773
0.01561175025651877
0.00436982726073865
-0.00353649091812271
-0.02607342910883568
-0.11556467901787651
-0.00936369086672898
-0.00004960748212423
0.01471719846192811
-0.01407645715036103
-0.01798848048304090
-0.03254027253359672
0.04132810665865287
-0.02756539707636566
0.06385560588586388
-0.02631212698160117
0.00510918745904311
-0.06351885037090432
0.01130613183097607
0.02604961012843069
-0.00240900208885082
0.04211771845306907
-0.03833792842751173
0.01126169987484947
-0.07238124226379711
-0.04151222103979983
0.00565223742882452
0.02864867133998137
-0.04012147110636290
-0.01593371077252253
0.08709096491079713
-0.01629431383853197
-0.00737039131210370
-0.01618584239160741
0.03251396327804699
-0.04749300411913922
-0.01361556949427950
0.10428857121068295
-0.06867246736882583
0.06445028576965495
0.00820234512918361
-0.00882182113595157
0.01800166747403829
0.02971414110043056
-0.02266149324990645
-0.12288419945849609
-0.03171261756157576
-0.04854986491954066
-0.02764902442298477
-0.00821050497816819
-0.01340065452707384
-0.15002105986673070
-0.08648275208900884
-0.02565381899703705
0.01783759839251956
0.08448692698855122
0.00941193046362075
-0.07648713039527415
-0.00305722615263773
-0.02390053418329711
-0.05454585227110171
0.03191827795704241
-0.09745221059173688
-0.00965436249845467
0.06080593018027602
-0.05954880257935082
-0.02201458775418180
0.01776363087728822
0.00951757116713851
-0.00498612745214635
-0.01170395044020943
0.00948338314871452
0.05395486839636159
-0.08029628000103593
0.04190258548223066
0.05403078118233882
0.02686895398325502
0.00309018461327621
-0.03964574628942048
0.00710648458174261
-0.08140840105582055
0.04647529459737652
-0.01403638750467853
0.03341177029165585
-0.12442139060126871
-0.09271476615186867
-0.00720371526538429
-0.16483213100530808
0.02273587061415976
0.05357526898989276
-0.01618994184583093
0.06990526650912258
0.00854092926879756
0.05247932868250888
0.01476282749917709
0.09895106069654416
-0.11646111930944587
-0.07167921893651076
0.02107012624326042
0.08385192231856527
0.07997927679490686
0.11206452949943724
0.11346841831333368
0.07531263495178026
0.04144960283936794
0.04550553150547940
-0.01450504376813493
0.05349706599625306
-0.10202653799378658
0.03343774218810770
-0.10098838279307412
0.01989288440304842
-0.02962501651479730
-0.02123237096792767
0.04802608701228723
0.00446725948234086
0.00867665615038604
0.09856909977255368
0.02119868568907915
-0.05415425943615815
-0.06875775019820715
0.02350302971998703
-0.03587748721053508
0.16018987787887778
0.01178566845579181
-0.01046788422253556
-0.10141833837975266
-0.01983779614128083
0.02218990503958733
0.10284537525534400
0.02914020442587833
-0.04060305709851197
-0.04305671515787401
-0.09359710467425608
-0.01547544273085412
-0.02547866062672285
0.01920795265003549
0.04879535131336889
-0.04025466735976307
0.03110567253167290
0.02414244962523962
-0.12267208935946833
-0.00804236993817594
-0.00731464375456480
0.12565446239241745
-0.08799766479762607
-0.03851340720577703
-0.05155944504018341
0.02137953355969577
0.08345184187837824
0.10085844469319225
-0.01314621868250308
0.07136816599507254
-0.05206474404115034
0.10198946257959904
-0.10087861161120953
0.05980837446697438
-0.05754848742263774
0.05252784661034927
-0.00943814010440444
-0.09191051161901881
-0.06640450839096759
0.13203764690053990
-0.03364976226543140
0.04739739668871161
-0.03676408000719641
0.02849250507133634
0.08410714013116342
0.03018411998252119
0.03820096976508917
-0.03757471080811939
0.00134176373767657
-0.08976033773905352
0.05168358829113297
0.01086343588930399
0.01414644935829213
-0.00149975116989535
0.05981227275053741
-0.06329426209554606
0.02414555066590859
-0.10660125465772978
0.06730926512991395
0.05358780389023257
0.01103061324266962
0.10030925600816661
0.02386336650167009
-0.00561796245179497
-0.04074122229357773
0.02782641430605885
0.04645176777355504
-0.04001893511164068
0.00623678947332127
-0.03261847110036580
0.00204704532748573
0.00265207093066162
-0.01022191788847777
-0.08881232628874820
0.03310851480065416
0.08263829279410634
-0.00928690269460869
-0.00568023793192102
0.07926305331624145
0.00214616274525632
-0.09057558749303757
-0.01165269610575223
0.07793203910147060
-0.07670134787147685
-0.00570330492460832
-0.07702606312080471
-0.07468960408155749
0.04909516885829558
0.08582616716133760
0.14597466620607841
0.01449639199319067
0.05063741711172797
-0.13298055570557613
-0.05513902688572200
-0.02213117594557561
-0.04663569442978743
0.00487297316396732
0.08595976397087569
0.01561731005735207
0.03764474923166807
-0.07175371223412645
0.10067189944370743
0.01775182804516789
-0.04042857612358613
0.06977802838010123
-0.03495411331836735
0.02331714580691419
0.02071061685227108
-0.09706092554175604
0.12554346064567867
0.09836824351152319
0.03760166579454516
-0.00424257652859196
0.01502636253161690
-0.00513812691948208
-0.02706855911223253
0.00645518390482491
0.07672928704543103
0.06104356653644800
-0.05507065960692015
-0.00715017874585408
0.06622720540726869
-0.02251623528442932
-0.04538920968369698
-0.03960777131154622
0.06659621236495201
0.02006093440645346
0.06731017012213054
0.09398745324668559
0.01462145646888754
0.01235720871472010
-0.12301758992196508
0.05089828876394123
-0.02560201381902420
0.01346365546127645
0.00790866958148786
-0.14060946539079436
-0.13308984013288819
-0.11930675358972381
-0.06027461572199094
0.06163525108305590
0.00478729813470355
0.05562491066783243
0.10546542459949811
0.01794932894331636
-0.02609968105460228
-0.05067713076684965
-0.11481180841308693
-0.02255001199470920
-0.02763370104296391
-0.03744682731652219
-0.08891248172968053
0.08502249632027617
-0.01517296184929684
-0.01701621381482443
0.08897503896044122
0.01536143251441146
0.11566457580294597
-0.04882379662687365
0.09581487549107247
-0.04034288483083556
0.00286465892012085
0.08781163274527298
-0.07997918419042981
-0.08401019147683930
-0.02532355082980033
0.02685424684663712
-0.02218424247933651
-0.05100420540590728
-0.03820175196439155
0.02772132629747988
0.13927868695269113
-0.03088897237255060
-0.01492334533371891
-0.02814140806072076
-0.06023523797329293
0.04182663496500620
0.04234732079000159
-0.00196028326278104
0.00517303354340792
0.10641611948480917
-0.08414885930158793
0.05439446882880857
0.02462155238886408
-0.02237469324866601
-0.08953655154546249
-0.01020826710709238
-0.03942396548630021
0.12758586500661726
-0.03371514455274209
-0.07517137805675443
-0.05395196605766025
-0.02789162249323515
0.07037179296986749
-0.01895269337389007
0.10232075010637767
0.13141220558482838
0.03394607247646027
0.04469195341961588
-0.05874030189504705
-0.01910868962778960
0.01923144704905102
0.03678616242166231
0.06808462233909145
-0.04659848259938945
-0.08329042136167160
-0.02156306406201451
-0.01963408043900533
-0.05414191704917175
0.01495596585114551
-0.03466589430693683
-0.03153894759481172
-0.06904165442984626
-0.03014760261314637
-0.12353248970897196
0.10659394784577259
0.07280891149561713
0.06040795705333431
0.06025238940272595
0.05087315936469658
0.03417382966853996
-0.07642935432497082
0.01600256161364411
0.08171775085921096
-0.05349090541692030
0.01759909175489205
-0.05429442399422565
-0.07307485421222559
-0.01420048948383254
-0.03460102374520610
0.00823260723310380
0.06514778299846997
-0.11138151084339086
0.12897871246952847
0.00420134953571634
0.00334322014289889
0.03325317798746218
0.01846556297217542
-0.13712775483059225
0.07581353510403957
-0.03728158028018631
-0.09022843167341713
-0.06312899922323612
-0.07463877245042709
0.03744850035898422
-0.03242889867551448
0.11067582474103567
0.12747535727977310
0.02931164533329960
0.04185633346221977
0.06985088188306850
0.00046045453883418
-0.01161659698526826
-0.00704353747801978
-0.08122053029680885
-0.00252930214670694
0.12733328819243150
-0.01855392250897306
-0.02768892445046160
0.02355610799610918
-0.07917359713413605
-0.02378738610877296
-0.02644888684545976
0.04804432420602112
-0.09951696319160547
0.02165159481068578
0.05107710720940375
0.04235931869091691
0.10093346036962460
0.01978745917081809
-0.10122854998516609
-0.00082520408378693
0.00058752754524571
0.03221617661318343
0.13520077590886589
0.12239080297855809
0.06150055665404872
-0.14588291848110044
-0.07231821060245808
-0.02827650238517762
0.06183805479916436
-0.03595934132143078
0.00748019085555959
-0.01539923415860314
-0.07192452610296948
0.05508578824968615
0.02175008302103868
0.00299750014120651
0.06138122052660956
-0.00771309838552967
0.06912972346146426
-0.02686607128218434
0.03405866030065149
-0.03420689830114045
0.03932115803513924
0.03214216198134816
0.02246680080373936
-0.01446756956281907
0.01233254936274800
0.01307285689124141
0.01643759833889522
0.01390418164283488
0.01435251201652364
0.01874246131352451
-0.00886977143396997
-0.03864061005435993
0.04582249258683203
0.00802880327959951
-0.02773499484383998
0.07709214165659058
0.07976419269326222
0.01490269329480524
-0.00732469495762418
-0.02113318348507833
-0.10017045573273742
0.01265981190956307
0.01580183873044345
0.08434421721776994
-0.10519702177213365
-0.06052142875466045
-0.01273232130109749
-0.02863339385871939
-0.00215004494926332
-0.05306337350330385
0.06597573785654724
0.01821892136433533
0.01438221472126197
-0.02637088692740469
-0.08589007678133442
0.00369240903979688
0.01452070008312183
-0.01415328104241684
-0.01461901815893394
-0.00687507616811779
-0.01362344630855190
0.07416540192355732
-0.00991669223217733
0.02976261413889837
-0.03351037189284484
0.06642862005531656
-0.04295771375574719
0.10644905215544970
-0.01951204616683111
-0.05242578481323097
0.07949685554234684
0.08728691784867457
-0.00170696757840142
-0.06148732807240798
0.01526725307883716
-0.04713911402148683
0.04121769768494803
0.06503363673215179
-0.06596927714294624
0.02283565239656819
-0.02400667043417539
0.16626865460147669
-0.02509414716981825
-0.00845358480840145
0.03209189805138379
0.02178909664286412
0.02000488134162694
0.00323618015666281
0.03945123830588834
0.01207811772053982
-0.00676500346684842
-0.01622037301017713
-0.01673920648427549
0.05732862388756930
-0.12416691683288952
-0.09491947899812687
-0.08552596660242166
-0.10246212059516042
0.08147194420613729
0.00097864146115523
-0.01122276126586827
0.01934041015664306
-0.07503704841553879
-0.08067487524327384
0.05132755873302294
0.04454074724659830
-0.03194484945493254
0.20767446972712228
-0.05885617189095939
0.02096522582976985
0.00703281950115478
-0.02447373987968900
0.02984604002934041
0.09893804494075105
0.04803999628692681
-0.02584549204920523
-0.08336343724235946
-0.04257240710149679
0.10010674068421692
0.04061223314569307
0.05009638771262053
-0.00166912608961722
0.01689291625057016
-0.04941945874074553
0.05742469356463389
0.09428815585904197
-0.03677210752917784
0.04427430057003707
0.05763862727959331
0.02903433643479508
0.03095538245347309
-0.03615544471839339
0.04308279941202566
0.07037061911371047
-0.00619716549193128
-0.10663889299854044
0.02847358729906026
0.04370965162005434
-0.03719030668067608
0.02315246825261304
0.04553040439550118
0.14480447785098860
0.02081586471611366
0.06331228798643646
0.08709428413910614
-0.01455121496643560
0.07754422491473088
0.01274765160790804
0.06338045480024783
-0.03954769851861763
-0.05920503139975270
-0.07031582820294111
0.05506724274732060
0.03842783378089670
-0.03545401708491131
0.09438476045410751
0.06876274959477827
0.04571344277211889
0.04234181194423828
0.10340771389344784
-0.10660183305302627
-0.02574078520713793
-0.02870529056124528
-0.16592610248066111
-0.01074125483406806
0.09407729356174308
0.02834066504789611
-0.03662434502065095
0.02566465142943559
-0.00576124439539429
0.03018726374040870
0.11289306441674354
0.00335676252919614
0.07267041876668216
-0.02759142624294101
0.01314160897175722
0.06264528419949983
-0.02232822739045087
0.02708343126426402
-0.02301094392560494
0.00135138395497616
-0.02915970813731199
-0.00737155071167343
0.04511906822468318
0.10816665853343675
0.12023773737164403
-0.00809478488577572
-0.05529743861642736
0.01621113186870613
0.07415736571800524
0.05379344523928322
0.00238944983763833
0.01269752555486928
-0.02762678628002525
0.10405170823204248
0.02042056360668973
0.10780626111727480
-0.05820750569157514
-0.00643078990675826
-0.19645155335577988
0.00311468970123445
0.07644848276590353
0.10209851530756525
-0.05077176414747904
0.04234882210296447
0.06022076143174619
0.01703585366086360
-0.00789796721027842
-0.15965686509787616
0.03762099838146535
-0.05378170495472494
-0.01859689122228979
0.03569707945159246
0.03342643530643615
-0.14896183244599429
0.06501301944350553
-0.01516284400018933
-0.13877830849928877
-0.01795481911522640
-0.15138835028330463
-0.08652552227442323
-0.06564493126089233
0.06895984973909187
0.12329467264561778
-0.00851277403323977
-0.07165319029506270
-0.04039572773318874
-0.00791869949179383
-0.03030136481231704
0.03430508431125660
0.06428102078266104
-0.03843350059581069
0.03607244618716308
0.03857272563815863
0.07792485690888550
0.00942534714821351
0.01269334717322537
-0.14628051464009434
-0.03916526629716686
0.10085465651209026
0.11856695085755117
-0.07239241133461104
-0.02683917537560322
-0.05812837263705404
0.05361317037846135
0.03152025181992935
-0.08283398718882672
0.03602491163842641
-0.03769641220829652
0.13396217493869714
-0.03888729682012736
0.03592700954568558
0.01193186099742176
-0.03377175001940910
-0.07870737730430694
0.02615391647992875
0.08563866836269586
-0.03420096030843088
-0.02459926153720384
0.11553319973036728
0.08150917882927244
-0.13250010681954183
0.02586766389574729
-0.06309562092020941
0.07332358972581095
0.03467393152314048
0.02324000846994650
0.08563791853026170
0.03400122501681404
-0.11226554233712524
-0.02888939301423267
0.03304443941513577
-0.02446413267967928
-0.00214918786184416
-0.01264362499998341
-0.02449732002943219
0.03795195206473490
0.00759108658252566
0.02376678950460531
0.03981787872513148
0.10805918230997322
-0.00729190468237271
-0.04412428605360819
-0.02137419835223124
-0.02478124218080592
-0.06009346888063097
0.01141332284896653
-0.05369320840995831
-0.03147696255640308
-0.04749839392327907
0.04042902319661763
0.11534576919917572
0.05045137083699391
0.12362263613254539
-0.06814928608252070
0.02301168855989215
0.02664653496884384
0.06194432338103709
0.06654271606325719
0.02472408910808067
-0.07310396702075937
-0.02143003351915068
0.01029836400876564
0.02580770580894783
-0.02552629341996925
-0.01884941132188981
-0.03082907655470993
-0.06613236285858914
0.00723464294647913
0.03406297601516743
0.06671966183021005
-0.01562044965059460
0.13824496141030734
-0.00287539824020465
-0.00425559434077452
-0.00065740021508080
0.03766209680159651
0.00281923988678453
0.03143446133979934
-0.03537338072518093
-0.04448037132200543
0.16267047352302533
-0.02248372371345697
-0.02609390407323833
0.01132368827714172
-0.10841624777485973
0.03159621805898037
0.04492491117513223
0.05597814020866417
0.00870335339891333
-0.01768052089524840
0.07439133061793984
0.00872558472437150
-0.10470017931680657
0.06510380799383700
0.02039141168522551
0.04885483144964627
0.01168379943726976
-0.07198460632841608
-0.00070602755180263
-0.05384738244002013
0.07302500956061558
0.10046025521775519
-0.01125509916268044
-0.03192136493394400
-0.05639363177852375
0.04399480660475737
-0.10797887892603009
-0.01295478224417469
-0.09392298970658930
0.04414655712521789
-0.04716738905774165
0.07552723175876321
0.03969640267097914
-0.04312552557714477
0.02053933987259170
-0.13650573389983892
-0.05064641956371713
0.05668491385197643
-0.00367325043709667
-0.03944884032879033
0.01775465421852089
0.04490870525025085
0.02956874290849307
-0.07921619539522549
-0.05756994595999902
0.03388988926747474
0.12771885810083428
0.15708088988264238
-0.05278499927027704
-0.01575759361883134
0.00761840067193267
0.02421062949610778
-0.07131082627912513
0.01835166184748482
0.07194687611768878
-0.06615688840875232
-0.10598666215322711
-0.07574787702511525
0.01218995308154929
0.00240604386966872
-0.00783874866110559
0.00906691786032874
0.04865547467433817
0.02756263194201993
0.00834639297464216
-0.02305291618647363
0.01731373453749169
-0.02730245581719297
0.04052398604447648
0.09582499998325773
-0.01831719332059107
-0.03921904264517596
0.12527583025470318
-0.04435473143800771
-0.12411567026331419
-0.08445763472435505
0.06435618853068410
-0.08094418134649534
0.04191481620801092
-0.06590251300456729
0.06816131255332274
-0.01714975940537539
0.00810476222033730
0.08352466004158193
-0.05147949030227762
0.12311698105841497
-0.08998258105477316
0.00802008814516432
0.04458833577356341
-0.07235843782504836
0.05800022282432662
-0.04490775799959182
0.02115767192483894
-0.02024271759428022
-0.15007961558138988
-0.07110148102905518
-0.06569123856040739
-0.02796937191668887
0.19088277564692682
-0.02197034768159304
-0.03593167026574352
0.07007941806754675
-0.11229573271565606
0.04056774262997528
0.14132115728759356
0.05476348917454409
0.04800838481490027
0.01494339397863422
0.02459432537827923
0.11448777506709761
-0.00637838903696796
-0.06106493116505259
-0.07946458367817223
0.13312228088275632
0.05238204511411935
0.04516682491941625
0.07991063649535483
-0.01829700801881106
-0.05146562401062307
0.04937599934577293
-0.08146762619582770
0.08703726866517053
-0.10242784871303981
0.06515408267575097
0.02792787979603526
-0.13534278119524751
-0.02813216940246131
0.15735558607030309
0.07444546873738801
-0.00113781237557288
-0.04637649054311228
-0.04973393018768658
-0.05612612925638615
-0.03512332701664077
0.00972034445952089
-0.06821415536955329
0.12266059218413207
-0.00600008259925044
0.02737734712162276
-0.07435226875730437
0.04008859168269576
0.05211380463147319
0.10982648250637156
-0.07897813373702094
-0.09777226078486534
-0.02898079629981015
0.10187028348603518
-0.02086643009223872
0.15501614062974206
0.00188434025111551
-0.03775517506376217
-0.01061394888425904
0.11749851464723919
0.02589718221606843
0.07569770827407832
-0.01503289998292465
0.02501522964352245
0.02106069911911576
0.01992182285332248
0.05612478620491314
-0.00898904174569182
0.00304621878906951
-0.01275062139964118
0.06339632299756243
0.02775557238359479
-0.00340996779311843
0.13244832280631513
0.06132372101487446
-0.05143689976452954
-0.03046844776807299
-0.00693360038760296
-0.01714744638405521
-0.05254392363059569
0.08179802254682664
-0.01415452136146498
0.03931182058494449
0.03249877243098275
-0.04374647913949783
-0.04238989270707933
0.07662070734740575
-0.06808196978863534
-0.06306160810451744
0.02998997087531414
-0.00848184303604744
0.10325568221027957
0.06366397790410565
-0.04192215524938955
0.02554297663371447
0.00321242797127908
-0.08273588822921567
-0.04926129057030209
0.02441296597411513
-0.09040135246570899
0.10089707298740413
-0.07902633553807865
-0.06461935828884917
-0.01391498807592055
0.01679136681427428
-0.00376161135183879
-0.09420260404506584
0.13632742377624604
-0.07111191154518542
0.14433576205225368
0.05968932176812002
-0.00548958621813760
0.09617083540599156
0.04225155434410276
0.02460340157030018
0.01787699695951733
-0.03693427458055026
-0.02565254784651139
0.03677402863098842
-0.01283808872760842
0.05735233991043701
0.07787191407285536
0.04980105050817651
-0.01019005291574986
-0.01337199603477801
0.03334353013040110
-0.03140876865386680
-0.02004741290970120
-0.05126425197194206
0.13551733984369951
-0.00110415948985271
0.02286439397525897
0.00166763285947060
-0.08248967081118064
-0.00353343858754600
-0.02830078772278165
-0.11329192964017352
0.07728949229165921
-0.04680090834262601
0.08025544942201969
-0.04711010320586463
0.00348635305095886
0.00710836107366659
0.03269101412548842
0.02754841741859561
0.03668592157678077
-0.03699757243335940
0.07470440739442964
0.00449499388475601
0.01743989985974493
-0.01147286286223835
0.00997367875695085
0.10582770378186968
0.07567173805132356
0.05096234602991313
0.02461885399846690
-0.05028560860902073
-0.10049255638577562
-0.01420407440392853
-0.02704904770982674
-0.05613191342531328
-0.00300588260308585
0.06135707740363351
0.05187278242320428
0.08536042173403313
0.05551642134058628
-0.00956044295282526
0.10691132037280081
0.06070140859564807
-0.06256244559530265
0.03348145815526528
0.06856958794205636
0.04643687716129103
-0.05186999653620464
0.02795937032690384
0.08151360117150719
0.03707074923300564
-0.01363526932888636
0.00588672625591056
-0.00067568954754444
-0.06641536149285530
0.08417978803136249
-0.01647942336159362
0.09699853877540504
0.08277541191401208
-0.14509659637696012
0.01656941021289241
-0.01799841606484733
-0.04949055004278286
-0.07611849203179673
-0.07847311919628962
0.01937419794801785
-0.01110865910746054
-0.04211228721044317
0.00621180577708792
0.06925966305939453
0.03639781363668214
0.08998123565410408
-0.02924806264236127
-0.11028835241633199
0.01033720583222861
-0.08702192824771970
0.04728866485938638
0.04803035797543193
0.03035346141275924
-0.08978565423382738
0.03094908178427044
0.02880985458210438
-0.07527833920129777
-0.07592307891635067
-0.09161713973930297
0.14585654343233917
-0.08134148701537393
0.04314486421545356
0.00449907643625320
-0.07957163789247074
-0.01928050658782653
0.06015929843886859
-0.00264803527071534
-0.02622810587322753
-0.05158570373527792
-0.08401051479150864
0.08860725377711086
-0.05418772691659289
0.00997941376695280
0.08207997270598118
0.02360421829724700
0.00044659588528215
-0.02748711914645841
-0.05183933466724495
-0.05415306797559128
-0.04191268902522535
0.10439442768357980
-0.04325168544729448
0.02187929720460252
-0.02704084717638000
0.06212647236243748
0.06561729189163541
0.02170362155367981
0.10035056418779800
0.10207135914909950
0.01109769878680057
-0.04257548320067275
0.02274760932270358
-0.00405890182476594
-0.07087060156686854
-0.01307353193154924
-0.04695958330720196
0.08907252241875123
-0.03307936621910364
0.02132122296544751
-0.09935724624789483
-0.05352820238064696
-0.06740901020093612
-0.05047198642431300
0.03201107712680618
0.08296749712111265
0.01256449222962268
-0.02884401356830849
-0.02117482628945478
0.00382099567953136
0.03095006240070950
-0.24294428930216846
0.06512213174186647
0.10048271864418375
0.08922342005401733
0.05407255169103484
-0.03866422930478641
-0.08728010471857717
0.04257685310782916
0.01796341046514025
0.05209725732064314
-0.11429142292933211
-0.07628209755047366
-0.04352928139613726
-0.00233098114664634
-0.10409996365703257
-0.14186721338849442
-0.07437329735638551
-0.14286078144369266
-0.02115020086334982
0.05285516056092708
0.00962772711825753
0.10769415426725322
-0.00760934433149420
0.07849461200495669
0.05301245151952998
-0.09322636768757084
-0.04883300189798675
-0.07900639101421485
-0.00334059537568101
-0.06726945739986435
-0.02433585595727250
-0.10048078240003729
0.01799060205474367
0.00696891304845406
0.03034830231517631
-0.09431207615038480
-0.03001281526930395
0.02325830575317485
0.02032440347776993
-0.03336201533057769
0.09547413410306035
0.00260081145236746
-0.12045280209130707
-0.05599886705357736
0.03822481329055844
0.10175545010865672
-0.00749126456835995
-0.05233361983633482
0.04936499386668863
-0.02934806834870393
-0.00271361418336273
-0.06094472788841392
-0.05679265134891769
-0.02097928115886739
0.03551704329816684
-0.00648283457792719
0.01659547393920460
-0.08669341214504127
0.02137613924962734
-0.01818070426524357
-0.00945397771367919
0.08899754970962075
-0.01456893970335327
-0.06972369601574456
0.06439283744046546
0.10174135479348199
-0.05425923348418357
0.02017646029405193
-0.07064488257192048
-0.03995754996272093
-0.04307422586377568
0.08794346235570970
-0.01933008875903185
-0.01821509389531962
0.09633019179465462
-0.10143082654380924
-0.06734966226934323
0.04383395148487765
-0.07047193489767070
0.03003122550639710
-0.04816684889767237
-0.04133615508659999
-0.09563990603764518
-0.06153137149590129
0.10553822357829412
-0.01526864778844567
0.02612173775978347
-0.06610289021495237
-0.02425714855533945
0.04709481736199559
-0.04063541771743470
-0.01774310842924188
0.07517487787952597
0.00245070724865946
-0.06747936923888835
-0.03499137225380921
-0.12413120185530756
-0.09931745444035486
-0.06934334991032395
-0.01891486349259773
0.00148556743466940
0.00618335920977313
0.07769577112364220
-0.05426631978534581
0.10028026855165695
-0.01279842136191446
0.07558997362868525
0.00066464097467124
-0.03889809708258430
0.04485198458588245
-0.06585875271513270
0.00944201750022058
-0.02560881124399011
0.04488636583625821
0.05704067914821871
-0.06584943392684743
-0.11221865139912705
0.14845305588133140
-0.07969778151827600
-0.01661482222676564
0.04072790335160679
-0.05642868314518355
0.01077664023426029
0.15321032339948396
-0.07634810763542869
-0.05069598885757042
-0.09870562311920882
0.04582704632451228
0.08113458100361190
-0.14924948576580468
-0.05432918180586947
0.01818781565932884
0.06009024153285309
-0.01734075018598135
-0.00901488327424337
0.10621657152933224
-0.03791341760834187
-0.09665055910357732
-0.09688044536550917
-0.06022011595148387
-0.02201778340803604
-0.06442502559154667
0.00241724886013803
0.05366632525804775
0.00567294237249252
-0.03984592793238954
0.04525050684524085
0.07815358965032670
-0.06973559047659747
-0.04164066117847023
-0.05429132300999334
-0.05240206626785529
-0.01819610954429184
0.03057040080403387
0.00104987729133586
0.06476784841494469
-0.10793162577567593
-0.01935550870192582
0.01515781037095989
0.02349804664198851
-0.00545595375159921
0.05736523789235892
-0.05275714218969232
0.10674543601096423
-0.11521031421575717
-0.07225617106096445
-0.02080721670925774
-0.07173777908897602
0.06322823916363697
-0.05484431787588433
-0.04133114888600378
-0.07531606096280223
-0.06392068546006924
0.06506588419335393
0.06087890112467555
-0.05043284450017562
0.06192850101943462
-0.00095142185360227
-0.00949879178128795
0.00596645808161085
0.00460474571678595
-0.04148447144369554
-0.04610488695249339
0.15215204127468079
0.11738110435665319
-0.08544410049838613
-0.12819962406960900
-0.12465944690472885
0.12029579867865170
0.01584783429573385
0.10247749313485667
0.01286814551867433
0.01356247445931907
-0.00297948978171362
-0.08178819324046840
-0.03535942436105767
0.01479092049468962
-0.03170396341118078
-0.03337646625532996
0.06181563994417573
-0.01200438897835933
-0.06039379493849214
0.07875188701828584
0.00844834696781429
0.02436273737289173
-0.06021884778880567
0.04891690779787720
-0.09419944702187483
0.06754633348805721
0.03126519886495216
0.03449804282759163
-0.01991148443991010
-0.01014850084144245
0.03547043812389988
0.00951864702565773
-0.03226135596644555
-0.00185794752492438
0.08564345086964735
-0.04807737084441949
-0.03857535608523716
0.10040727528142410
-0.01413467482204827
-0.01994561891632743
-0.05042855874677499
-0.12567031880209609
0.12317131195969998
0.01243743097816632
-0.11591058920772750
0.00974451178044885
-0.09521618460796728
-0.00395043001736587
0.05827267967887829
-0.00927246121017978
-0.00996318239354933
0.00880872736490771
-0.09240426796527441
0.01616035898458310
0.15290403038581044
0.10891256906599686
-0.01896277676549925
-0.00832979709432788
0.02675631826563855
-0.11200062430698761
-0.04224753650674470
-0.07149139465012203
0.22984546191121652
0.02919565460253259
-0.04898599118445997
-0.04809225780733933
-0.07061036833423741
-0.04923223567761717
0.07892670242250299
0.03700274241114333
-0.03662911314172389
0.13551109136172049
-0.08730214180683896
-0.11694563305981660
0.08295184438299887
-0.01195164505630625
-0.01812154897587851
0.05757786784072424
0.18402031314191725
-0.01425680919816447
-0.05229015238693802
-0.05512789760522230
0.02110639723870233
0.03462439990616671
-0.14017433655791178
0.03045160228614075
0.05396915526176987
-0.09724073743017483
-0.00596154398244570
-0.01831974455215521
-0.06123524279591696
-0.02462403814050321
0.02967555773421054
0.06672752738869719
0.00134439068815041
0.04552794321201376
0.01610985863531572
0.01154089257231794
0.04012958897540914
-0.10809488159109373
0.06846388242830437
-0.06369829897535809
0.00510089680190115
-0.01142454878184011
0.04213415159566424
0.04362192263346928
-0.04334310936866465
-0.07746606894890845
-0.08469142942299862
0.06546181528062626
-0.00892232593345301
0.08319649024019479
-0.01971288331420502
-0.14388593171218017
-0.08895937800226159
-0.04228394367374915
0.03261918746931243
0.00150399492333345
-0.09776994028791611
0.08324594036779245
0.03945181552140738
-0.20484229602251700
0.07401466805765379
-0.02296005387459504
0.00436397186989568
-0.06814948541860427
-0.00990111111108802
0.02280465998742083
-0.20793796488764155
0.00281038401063611
-0.00380775442097638
0.03784170611700559
-0.12595052604076884
-0.10297680943962545
-0.05850281819070532
0.03080844916045544
0.02110918914773047
0.00536633106399190
-0.08128271505361770
-0.02036421029512753
-0.02829338227497076
-0.09552741218832546
0.09787291650417676
-0.01615766598953707
-0.06372290805025026
-0.13589670715102783
-0.03158382554062464
0.05256312212098251
0.00996304263789861
0.05694264545460562
0.04786258132322856
0.02800370105361177
-0.00777633857261338
-0.09802777301807773
-0.06450610042224417
-0.01710885389752238
0.01389345656606109
0.06011501750387234
0.05655860598120022
0.03578144890264134
-0.01683821713774254
0.10905557524491150
-0.02103550852993227
-0.00688854663122521
0.02077202561601054
-0.05912236157881776
0.05111220812122089
-0.06206285483600439
-0.05234800762994615
0.05609692606347348
-0.04814636253939911
0.05605613319769318
-0.05213218280532910
0.01665066848167695
0.02114227606324901
0.01870557841356893
-0.00520923898038267
-0.09499662572762962
-0.08504495659009277
-0.03668910564652725
-0.03993636073311081
0.09211583875727851
-0.13250819690028298
0.06895078975653093
0.07838019368788202
-0.05684842959641751
-0.00857122681613323
0.03775846761777203
0.08097909968187259
-0.00238709018232731
-0.01649228426301690
-0.00297719936161773
-0.05654303848277082
0.13173867580610985
0.04530442822072142
-0.06747165167626465
-0.15556907869028627
-0.03004758568122813
-0.09728306681298718
-0.07982465614008184
0.02018208621579963
0.05008814912993245
-0.02546863636094075
-0.10692199740725747
0.05822886741404917
-0.13779849613608036
-0.09039369479887201
-0.00001965908633329
0.05547883482852802
-0.01111992997486566
-0.02797913509131039
0.11303371356280048
-0.09964676536209260
-0.01467035101923652
0.03540605297981016
0.05532107175164153
-0.02573649636926027
-0.03884687915845819
0.06725509141770823
0.00895436919311983
-0.07481349698037167
0.02450835991514271
-0.06015049803263017
-0.02982088158289310
-0.00858169718408575
0.01965941613220093
-0.00657357368896136
-0.01285902725791797
0.06443241998625628
0.04245462492711545
-0.01240115738248836
0.02901347101390805
-0.06502347291188397
-0.04801514623576017
0.00808106670010235
-0.02783939361329877
0.01633432276627099
-0.10455034410316870
-0.00135923734903961
-0.03183763431172758
0.00124821869606649
0.02860449768975080
0.09369443952625922
0.06482295639464691
-0.01934874382028736
-0.01121972456158529
0.01278672184518147
-0.02456609979630750
0.01164432991386053
-0.05150765802023916
0.00186837962763156
0.05888388573873417
0.10493096222535737
0.08562687940249770
-0.01427120802575589
-0.09063244998377804
0.11634836269566620
0.06663094541748808
-0.10389403383405887
0.01827560017456605
0.00210443923926222
0.07215156581265822
-0.05490295931759361
-0.03195349940983452
0.00830543884824130
0.02740702124623499
-0.08617352006971822
-0.03383217972282274
0.12781434714410522
-0.02259219714244311
-0.05522545844943470
0.03234192750826007
0.00715763246722766
0.06152494390685014
-0.00762003986945477
-0.02832458456930620
0.04439419174228366
-0.05054377739854629
-0.01687432295319522
-0.02436868297928109
0.03829470863541682
0.06550371752470689
0.05839579583185679
0.09053479816692020
-0.02375864976386641
0.00871148259187314
-0.06968735799504061
-0.00250466589919921
-0.05080597666821663
-0.05231115251910243
-0.04310739332353716
0.07447178119413646
0.00874357662156498
-0.04804324354196682
0.00934541895325326
0.01506466463054179
-0.01430573723399023
0.03526467884402523
0.05830404526301401
0.05498377887710908
-0.06093781017467437
0.03142921795045872
-0.08658504160784455
0.10497759609225631
0.00599880272900216
-0.07551097051482206
-0.03730087970668940
-0.02293513425851275
0.08669813331159787
0.02381126922423826
-0.13653661646529827
-0.06393733563763261
-0.09536326107856950
0.09024981766614242
-0.09147971518899055
0.08616544261991449
0.00290486492179917
0.10198824577845697
0.11270979816525034
-0.02567628953788687
0.02713109606043966
-0.01554775874330647
-0.04374795799493980
0.14591009397190613
0.00430170703627921
0.01519955666094829
-0.13148969403092667
0.10368494224066865
-0.01115284700256854
-0.06646668219340178
0.02970842465222197
0.02545046878410024
-0.02090698594099329
0.08355130179839498
0.00792666998396899
-0.01526448560253391
0.04286522877609828
-0.09875587901567529
-0.00982766633169401
0.09387948667779343
-0.05031228617309274
0.01221355808061591
0.11283590470185553
-0.02386483058020293
-0.09633643542357491
0.01586360532262781
-0.11496194776497143
0.02667894354466450
-0.09070772216901790
-0.00341478853955578
0.13268658119397581
0.10364847825010945
0.17618152865417347
-0.11522420869466414
-0.02539770322907078
-0.01747501135117751
0.04546733759007154
-0.02124279834056246
-0.01082388526503804
0.04411627988008639
0.03512952635641112
-0.01518589028891799
-0.04727080114131593
-0.09013670066034869
0.03965778991456279
0.05652181363731049
-0.04231741668823405
-0.06047303051838950
-0.05106824360234555
-0.03877050055711352
-0.18255465105942892
-0.00615296618088568
-0.03112895177988199
0.05219583458970950
0.08299814662373620
0.02487270377723714
-0.03610836428936326
-0.07149969126632857
0.07671152844355916
-0.03920377459307809
0.11600269144030219
-0.07614394221958153
-0.09327908331594369
0.04919311621495207
0.01295474560857057
0.12840716028110441
-0.04982978948955261
0.08089088711940361
0.02723062279899243
0.04710958831046438
0.03593010331598633
-0.03723704018242224
-0.01037641510028042
-0.05917305690269566
0.07998219002794081
0.02845895835703021
0.01051816888382768
-0.08507184127110656
0.00771809489699951
-0.11751870372840591
-0.05003795661539120
-0.05836851689706581
0.06611740612941494
-0.03140731215916891
-0.02216666666227199
-0.07445691948137044
0.10093092352177671
0.01954927020409650
0.11310856058492064
-0.00355322824050795
0.07825306678004268
0.01053711989304286
-0.03807988691256874
0.05719875714167495
-0.07934194753726999
0.03339808177921112
0.07666225905333789
0.13022179909855217
-0.00522377012110671
-0.00781607401158447
0.04828790351351124
-0.04885928409180716
-0.07757021320055325
0.02948088024319191
-0.03358911591964842
0.04102591381460707
0.03300991428535675
0.08479692599073588
0.05835408579994286
0.03997238377814562
0.04951727161336475
0.02722652530756136
-0.05977839740528674
-0.06723513132641594
-0.02685332443500875
0.12801679674167135
-0.12184932000667252
0.02659521863943557
0.00190072234875887
0.08297917335112880
0.00009987004766381
0.08199972864195422
-0.01918260154959652
-0.00344478818852427
0.01731933673329503
-0.01932139891453435
0.06153476912995494
-0.08421111844712988
0.12634448247356739
-0.03809213138191492
0.07509346695470207
0.03447221154869622
-0.05461441471181885
0.02270591395436103
0.00477119870505599
0.06710827897381832
0.03157066869911530
-0.04871332759649462
-0.03877021519593413
-0.00095770448991651
-0.06140176620070233
-0.00022751105228774
-0.03498297339057003
-0.02710237926110372
-0.16514042880139018
-0.04204451682959135
-0.06142954224872523
-0.02422951334829488
0.01279884285840683
0.00467803684928117
-0.03332431853263461
0.01374142976651464
0.03626968877430480
-0.01690061789145713
-0.00661444770586529
0.12921159160044354
-0.00922387024186780
-0.03671732472553813
-0.02375386508535987
0.11992167445115849
0.02756790066988945
0.04294843463347202
0.01262921451701890
0.02677489176855072
0.08020924238582629
0.06832206731677502
-0.01910745973843985
0.02642086010688676
-0.02830998003595983
-0.13089300134015558
0.05375973302247752
-0.00683072435301066
-0.06824864772238469
0.12512267692470219
0.07895323189877282
0.03199117200494209
-0.05752413467666072
-0.02704066264718670
0.01516518467477153
-0.10397916448416041
-0.14119463222637291
0.03914517303744288
-0.01315211197306798
0.05399948078340062
-0.00631471686104466
-0.03417532627973516
-0.09493702176105409
-0.10750366867061716
-0.00929180476309503
0.06716774249252322
0.05246210466965816
0.01576705010780353
-0.06182204898917776
0.10521940968081304
0.07548178798406679
-0.10839682017396611
0.07550164759505190
-0.05484094935521111
-0.10331862479305833
-0.00997414456635745
-0.06478205741565132
-0.12038673329417454
-0.00537203247085982
-0.01306392208898436
-0.00687646311819907
-0.02043436579002007
-0.03028953715356517
0.00790428675640910
-0.05963325805491279
0.01262086549187427
0.03025744354151199
-0.02797105226121439
0.00358060935362656
0.08509886478794701
0.02774734708913897
-0.03496514980505844
-0.02402465982811491
0.00634061317219147
0.01119348890951709
-0.04578094460193090
-0.14222499309468023
-0.00503402389873316
0.07471157639604592
0.07965330736287077
0.02147771887730766
0.08141834647124957
0.09370093226691889
-0.01438676450479194
-0.07209627264958310
-0.16200558073018154
-0.00064859095585632
-0.05639586253096767
-0.00442983673519875
-0.08071793799951928
-0.11814868721921939
-0.07074315052245843
-0.02869832107269970
-0.01534339513029703
-0.03133359171115108
-0.07661400139865193
0.09153948974588659
-0.04590601275012460
0.00846237832119364
0.07400998610330631
-0.00779567763712751
0.09209341711485958
-0.03666923039191391
0.06744156622871603
0.01417280836746242
0.00688296717699833
0.10454719245822761
-0.02817191001875906
-0.03659535805522327
0.01741868093914789
-0.09026975377461531
0.06695698127340721
-0.06976003305932783
0.07805393409188728
-0.00204447298906803
0.04190236800061177
0.03128394633047969
0.00725553278962845
-0.10658406939493570
0.00393802591875225
-0.01528870074403017
0.01717529565393179
0.04101638708287630
-0.03419359033525853
-0.00789417311202463
0.11632133493928816
0.05586084935903380
0.01037859357808420
0.07567745922120966
0.06674188934720737
-0.05484206729051141
0.07237782881949399
-0.01436856662069509
0.03108942340218109
-0.14630108134082345
-0.02601469238089222
0.07900209778016577
-0.06188342834347906
0.03600305155045277
0.01139640246741095
0.01834814513099577
0.02075138937078230
-0.03227949449220013
0.00053341527409080
-0.07450386992750421
0.04423696736872493
-0.01075740120012312
0.00885968997671385
-0.12954457618564144
0.00307272838318684
0.01180641722958471
0.02310779355311742
0.05949605495381250
-0.03934691573640724
-0.07491820078763585
0.08785205938637859
-0.03065010634505111
0.06623394899749081
-0.02637860642361874
0.02415062795472535
0.00872705761570170
0.01803022851853687
0.04830701326961839
-0.14159865164346880
0.05400154758472670
-0.11708630988776350
-0.05629735000480564
-0.03998630656664526
-0.00603154420579244
-0.14317720219656691
0.02636709268766111
-0.11444705311297701
0.05275989827751607
-0.10987132993726101
0.10638222985217805
0.00405702027702129
-0.06547230357910191
-0.05002640733764531
-0.06563195693818133
0.02355927154289963
-0.00661570665845894
-0.04165571412744633
-0.13867552043335857
0.02389329133635635
-0.07670119649309064
-0.00297557358761531
-0.00152723638187326
-0.01010792493992215
0.00794550997770157
-0.04798141476989095
0.01728251466559007
-0.04388957721975452
0.06420103915103077
-0.00037734342230822
-0.04237513275204645
0.02228770757685998
-0.08275544622747776
0.04813267047229938
-0.06943332979397034
0.09695192814109976
-0.09485883236737128
-0.10513417977375017
-0.09443238789089525
-0.04605482556786558
-0.06943858066148728
0.06637833417999983
0.10285158642732990
0.01002150348751779
0.02865074909359932
0.02924289673129371
0.01150127549223218
-0.03842046517810810
0.13875409728407784
-0.03001818764133731
-0.12171372482831271
0.03112635183294327
0.05021111392548501
0.01748610982813407
-0.01457421280218901
-0.01083681805276683
0.01205997864664275
0.00203652756805876
0.05603112923139637
-0.04020848927288006
0.02077954880480611
0.06362332461970088
-0.06892904062340674
-0.04662370474671201
-0.02169765073098455
0.09555337752658373
-0.00638576626165384
0.05493373633660194
-0.01036839921646907
-0.00826156457023590
-0.05041888208117033
-0.15588897842925475
-0.08790992207025977
0.06987637447823876
0.05506189135159310
-0.05836828619873415
0.05035158631876412
0.03646035464844460
-0.03043662876567603
-0.04354689953983347
-0.01862683731318534
-0.03751572740428834
-0.00210297345852029
0.02277129831483105
0.07905529877146307
-0.12016003424825743
0.02170821322491981
-0.03340295351773970
0.06349035160289823
0.02375166695381564
-0.07322443992584930
0.04806549471401513
0.04090536028594552
0.04145620962168400
0.01848897184319944
0.10711299019685867
0.01166736147576892
0.00110409106818922
-0.00063854079196269
-0.05963924120378691
0.05093249002352892
0.02536250385490291
-0.10605707078014266
-0.03769934105130863
0.01068345504321651
0.00752795174699303
0.04345030975684511
-0.09330563465916467
-0.01419167659828723
0.03561444754854419
-0.08703676290684018
0.02636892725164250
0.03156810412818666
-0.00151405768402893
0.02235446389991188
-0.01830780644510788
0.00342570474883913
-0.00910571242205413
0.06001184224817156
0.01362603298054373
0.08517647090825833
0.02120656700177789
-0.04726644854013537
-0.02181813910834481
0.03272051608219340
-0.02565031479966603
-0.05896607014976828
0.03864892917694080
0.02403250079618807
0.00936974041779062
-0.06509426759406224
-0.03163217187545510
0.14019156076423661
0.04740653264190350
-0.02379178976905022
-0.12436179288504332
-0.05393984785408468
0.01429363178204493
0.05244013408588163
0.06267693059315256
0.10515357223587880
-0.04000387844941062
0.06002646438288563
-0.06211349421366763
-0.03172727208645711
0.03771798357547974
0.10407480573710337
-0.07530326564811872
0.01378541050633994
-0.04104362293641911
0.00894185492062788
-0.01876220427185856
0.00211003204684793
0.04065132139051952
0.02114456301884771
0.03499293964921599
-0.00569281989746743
0.08018351710419924
-0.00726553453219580
0.07920846179432066
-0.03495062400165652
-0.03540929857755740
0.00852226226638940
-0.05312781265409830
0.10432028155640134
-0.00031538197062779
0.03965500248580606
-0.02788424049549793
-0.05994655915426610
-0.01071630547521515
-0.00875989144334527
0.09113353465702682
0.02792234062298211
0.05401582995578507
-0.03655310471313463
-0.05010376032809115
0.05742574198984058
-0.00055338499227098
-0.01176765025119109
0.03657292298662149
-0.00931348673501034
-0.07291905051696791
0.00910138469352063
-0.02856357616940962
-0.11873403354325641
0.07364496051829746
-0.05660529152259644
-0.07201533223407872
0.03671060071304925
0.04336826935070776
0.00081980744027832
0.04921363808327251
-0.02865493100892801
-0.11892454855457948
-0.04437100255893286
0.05676899190435820
0.03262290773844179
-0.09924365972950051
0.06793993506876982
0.02643764556841777
0.02276623181673569
-0.05757700407525116
0.00478465544116338
0.02539381719255188
0.11888411288869316
-0.00123343244733450
0.02139154479883850
0.05289833874544622
-0.00452515122151094
0.00953140322501685
0.08930057027976143
-0.06428187798856012
0.01459651554137889
-0.09123174264786522
-0.02839775775181085
0.06457329024061939
-0.09027503869129151
0.03379825276108388
-0.12068384698551197
0.02180900724984096
0.06841566934723761
0.02730157680899432
0.01075326625370365
-0.03031809263533361
-0.05225237196358072
0.06473840862040955
0.06306676903174904
0.09624637091817698
0.04356558007279854
-0.03505425694456878
-0.11972321930173882
0.01915854290381462
-0.00115184638850835
-0.09234661136610375
-0.00430168435873042
-0.01577003128279634
-0.07102958831399887
0.07879502437066961
0.11465325752923589
-0.10229010095812069
-0.06712272798552603
-0.07803374654375066
-0.00487622054006558
-0.05801978747944170
-0.10018877590322314
0.01256122463979793
-0.02691327332897715
-0.01536151916023656
0.07070063213386119
-0.05357859044410898
0.13310158836161873
0.00722356387699445
0.01508482456883287
-0.07276132707615547
0.14938326590156303
0.02914921266348404
0.01986133085200122
0.00904437332794045
0.05778149850839769
-0.01305873407935724
0.06349730152610678
-0.10585357908460492
-0.09223809139357218
-0.00387282507885576
-0.08818260299445624
-0.06214785370928575
0.01362869313244441
0.10220528927755082
0.09362706998512917
-0.06280262137947307
0.15409588329579460
0.08258212447256956
-0.14428644332210352
0.01703929830640119
-0.14986116858504270
0.02620968449710094
-0.07729464516408700
0.01418320624074001
-0.05944896731852633
-0.15431206343712764
0.09679510621828637
-0.06974875089173022
0.14243642416990343
0.09271199726683214
-0.02585303155471125
-0.00606190839338895
-0.02361330502844494
-0.04577352854085963
0.16071624129587958
-0.09148472484786058
-0.09125087496272617
-0.01315855893219767
-0.04581281870937044
-0.13579527017522822
0.03091079883997348
0.06439917160235174
-0.03805219889901109
0.01409739356949153
-0.05736471487896402
-0.05125734653873160
0.04303326885997903
-0.02400944493456469
0.08632819893761949
0.01666561035403977
0.04712554063932219
0.06263244637124774
0.04739339744199321
-0.01719590321400214
0.04446805508936432
-0.04906150853198592
0.11110326359146434
0.13690692923272901
0.03583206522658097
-0.04117781514948558
-0.07911022100925325
-0.01045323609165366
0.02601011930207470
-0.04948948018059754
-0.02145739287254109
0.08927976766830632
0.09465311236367570
0.06424803877148351
-0.05292522853876647
-0.02779451469082405
0.03349575226506047
0.08056793092148133
-0.04749562523191697
-0.03858796473155565
-0.03311329690920330
-0.03624239774240397
0.05946926110558804
-0.02326416924160125
0.01374708589514495
0.05300312910449807
-0.02732741012950557
0.15944896605241696
-0.09272894923804752
0.07493262272780470
0.02607041806970079
-0.03614041484189767
-0.06518439260145949
0.00195288125432468
0.06564092359590300
0.08823546247848757
-0.02235056119024184
-0.10227899706075258
-0.11678001810017299
-0.05124659234349497
0.00382626374053896
-0.01483432113474956
0.00416917017929898
-0.05009764576334735
0.09322303152422479
-0.06244628573768466
-0.07267451712570458
0.00884778428462044
-0.15356866583291401
0.02299747880376935
-0.11859564244759330
0.00686214977589565
-0.04940743641347316
-0.05504997707219023
0.05691783007437457
0.03065794763678452
-0.01120665002319178
0.04123109622032976
0.00706189143173143
-0.07275239900407458
-0.02646517822673169
0.01625270706327142
-0.01877231481373193
0.00415971195241063
-0.02499451126334347
0.03633650002435480
0.00361225303464904
0.03133439735600948
0.05695052833994183
-0.11178963465866268
0.03763750404140926
0.00942235443481268
-0.05629363889316577
0.07511511622986276
0.02926185769996275
-0.06199235614145528
0.08279041903314009
0.05783900327089786
0.01966603502903719
-0.09839784735143313
0.03213685364103425
0.10856104653235361
-0.01709944199995159
0.03786809129485493
0.00414395013649337
-0.01478588682779048
0.00390512776842125
0.01607064108676701
-0.00916846003895311
-0.04458048769349099
-0.02179991365827728
-0.01902856162890992
-0.04740439497627649
-0.01138121688196761
-0.03889095934049994
0.21968303015902180
-0.02318282404186747
0.04287068740031661
0.04836668055952713
0.03679361077322873
-0.07313625547584447
0.08679172643608586
0.05545534019819766
0.06396281774674634
-0.00671227387036330
-0.01724848001039200
-0.05724571092284320
-0.05524657716793260
-0.03930788270690618
-0.08768267506810561
-0.00636735587325786
-0.03501570718965238
0.03880005805337857
0.01354808010551987
-0.03576522600345495
0.11258135625930667
0.02511237383776843
-0.00041680466524865
-0.01980563961321360
0.02611425523244385
-0.06320700300027400
-0.02260699473988369
-0.03302409884943502
-0.03459598785870614
0.00839523481935001
0.09785752992700739
-0.01802776730541979
-0.04652528634876563
0.05356143400151787
0.01237173836624407
0.02262789151209741
-0.01749954160196608
0.04492095344783367
-0.07993385838444197
0.07289903373144153
0.01751668661431777
0.01694256556596621
-0.01261873686169830
0.05736122542448056
0.02138353193995901
-0.02015451571266266
0.02791312156620383
0.09153530204573838
0.12560405980281489
0.08636943672448082
-0.05046692283023441
-0.06451310189558494
-0.06646567025318836
-0.00329953843529364
-0.07300821040154511
0.07620808508069106
0.04272851607276260
-0.02358776068040257
0.06482147899421088
-0.06383006119715748
0.02911950896139455
0.10367719283956701
0.10569201971370080
0.00879521854151253
-0.00992933158804235
-0.07246650485388205
-0.01206403595970180
0.06908861208333321
-0.03472745354674150
0.00131917074546718
0.02036002673219836
0.00722200572922939
-0.02433697616003521
-0.02323417280050407
-0.07555210621694136
-0.08842022932119417
0.09607164348037993
0.01338338714049984
-0.06274604709345556
-0.00231741735001998
0.01556150965514892
0.10243180790947490
0.11931471104601453
0.00338260546909855
0.10483508946437133
0.00124557699023419
-0.04674102484275827
-0.02880341317143474
0.00007745187479924
-0.00149259495217880
-0.00719920455176482
-0.03008432749360179
-0.04125178348458661
-0.00722237004323984
-0.02728327447325020
0.06305128627319453
0.03947751639353583
-0.03258899401030847
0.06070719134916561
0.01127611564131047
0.00362262305164880
-0.07268732185043857
-0.02792911073384566
0.05879963389732491
0.04848431961668234
0.02427494296723854
-0.03667961424099671
-0.03296398198477197
0.01734268362951859
-0.02927503735267281
0.07192595994719328
-0.03340748365047480
-0.00812731757553260
0.09483049289258258
0.03227336843030952
-0.02033039389360659
-0.00874565472030518
-0.03335960338251375
-0.09414287555243880
0.03106788683613371
-0.05534812614773538
-0.03134484241934209
-0.13553760447390586
0.04874081799689842
-0.01248868578536675
0.10154758486352870
-0.00788108783535551
-0.00973793115797584
-0.04696496732611646
-0.02969050899219618
0.01850485591006603
-0.06923158178376176
0.04605387277812864
-0.09413853015575135
0.02118742271737420
-0.06204265213692919
0.00617986541053910
0.02691006013733272
-0.01619898308817040
0.10516931544768915
-0.06461748111233363
-0.03197893476373991
0.04539525956902515
0.02448193405366566
-0.11748796084978641
0.08192576298386509
-0.01551570024838643
0.04314239261754804
0.06230005332281553
-0.04718588366482037
0.11189662737873463
-0.09395663266909238
-0.07488976506282097
-0.08504721243855416
0.07593775587570081
-0.13307628184100254
-0.02109694397574256
0.00999972921527684
-0.00814442093717660
0.00012173468468988
-0.08061410510559244
0.06393284767946268
-0.02019398961889790
-0.02094354425819545
-0.01633488457834732
-0.11817912264590698
-0.08003972199913136
-0.04267473828480010
0.02052261628765878
0.00124451128546015
-0.04387585621389598
-0.06103025124763597
-0.10972390616931491
0.03440080544623684
-0.03681581656807529
0.08008102641556236
0.00676679410979385
-0.06347196917500580
-0.12128577098176109
-0.06682071645777643
-0.10821913605740990
0.02546640219955763
-0.05938094609250966
0.00185868056480714
0.08269584502057307
0.02756538580033348
-0.02723929526197495
0.00230843874138349
0.03129729039043096
0.11188961091429872
0.02882849300971779
-0.03125225294592297
-0.00056244695086723
0.00944572515518360
-0.12574935400198289
-0.04511647039337115
0.04257400746198949
-0.00522139715086249
-0.00575096333132295
0.04250266483893305
-0.00126922351694227
-0.02477323235709193
0.03509047477960818
-0.03584874705103543
-0.00857935936178481
0.06187147015107584
0.02137357267181916
-0.02535108655421174
-0.00557640942301828
0.01189685199994758
0.06937448511809401
0.05029700063112725
-0.04979344679739681
0.02767597582991605
0.01088656873967373
-0.22134501075270660
0.09000964617984222
-0.05296856690952332
0.05281433326701879
0.05354250096174800
0.12107599244469594
0.00617731159836121
0.15787141107515984
0.01462363731194907
-0.00029072972856112
0.03499142633429964
0.08233041944482268
-0.03154623505054407
-0.00692474367698226
-0.00211277427051186
0.07306493016564211
0.12433777747431077
0.06991601180717211
-0.03440653414888487
-0.02620781069961523
-0.08844201090485987
-0.03017341274364365
-0.05330309120666925
-0.03470230397196088
-0.06238437596626471
0.01244654540170618
-0.03604397727792105
-0.10305896804370986
0.04618442130216763
0.07686004937029468
-0.07706841293549110
-0.07145808366888450
-0.04555077529277469
-0.01643578809657904
0.12326084213613860
-0.06492235569207469
-0.02997042961567760
-0.10187989550428583
-0.08336113115099834
0.01688846194722119
0.05010065030262691
0.14673322758460183
-0.06281010646112158
-0.01059370811259830
-0.03557654492865458
0.15172850676987473
0.01302649116689581
0.06779484437452392
0.05776759093579018
0.00832934787815380
0.08039006502951318
0.01398746876559541
-0.08046649634835580
-0.04708281513128124
0.01013606675337306
-0.01355918175357894
-0.03697799394701675
-0.03208849143444265
0.01307712716559924
0.05365938154187013
-0.08458545798449534
0.10020035100348056
0.05086006544947361
0.06167655622468484
0.01917966575363831
0.07815559907590801
0.04727841897665042
0.03691002971030717
0.01761742175834468
-0.00880474828948783
0.02105840562689156
-0.16799854983538520
-0.00060949066288759
-0.04848134647375595
-0.02199419367658417
-0.04258927026824606
0.09274648019574007
-0.07500706680576180
0.00437081373702717
-0.00940471455243730
0.09966791605784481
-0.01383918249397795
0.04862701725042298
-0.01721768157486198
0.07543752335689353
0.03577483116607698
0.01177701272927249
-0.03487363165141934
0.12761800822207475
0.08978681469353460
0.08087650959763308
0.04400345297788878
-0.03612246952164132
0.05952017401740262
-0.04639678521462565
0.03845869182215220
0.03757302216864589
0.00788092589945173
0.09267439301849574
0.00784714029883779
0.05148716923285086
0.11168958173694761
0.11189197962661072
-0.00400136854060514
-0.00004583324505451
0.00377844736256240
-0.06185854919356841
0.07346750392416565
-0.00821326619978865
0.02745018297894876
-0.06958764872498199
0.05742414807992236
-0.00606681514772667
0.06361517039392445
0.01496789868884014
0.03735931593028644
-0.02576057502455799
-0.08267592073123982
-0.06019313230808505
0.02932956818301304
-0.11326842488201372
0.05281469192872203
-0.02148497137835286
-0.05900908430753896
-0.00137575104547778
-0.00919096553113126
-0.03579713827508977
0.06913235933435100
-0.07826016127521022
0.01569389718326706
0.04976687996374233
0.03866013479893194
-0.03239409667351886
-0.06455074209261226
0.00838815208018690
-0.05809593902394695
-0.03845130213159324
-0.07885264891915439
-0.00249446848273061
0.04170674412462808
0.01411467181274217
-0.00084822239369850
-0.11176566920914791
0.02783718821048744
0.00213543678029475
0.07685959970790360
-0.00800513890138948
0.05015823960352535
-0.00827279164424666
-0.00053950034737197
0.04846741413315411
-0.07992912755694205
0.04634760980106246
-0.00897013370796045
-0.04334871096905012
0.06626202986656519
-0.10498170191857696
-0.16929515630654496
-0.05227432402327735
-0.05282950275185766
-0.07061355666792041
-0.14492714958611516
0.04077024871545492
0.02935463038242178
-0.06283161272173007
-0.06636686646343698
0.03759529411209778
0.02228050282843162
0.12842912707139784
0.01294938632034445
-0.01350772316817798
-0.00269775534239543
-0.02101086027913763
-0.18121475090213726
0.02472835918989317
0.00533496731808992
-0.05021766427766509
0.00756016481776176
0.00715508531136992
0.08510523328114554
-0.15276068751466204
-0.01156210843475091
0.04550519823366892
-0.06764800475746290
0.05722206641638553
0.02052371032614999
-0.03160723172844628
0.02177034619157614
0.02317708076469968
-0.10094746244296689
-0.01587236688886345
0.05523033948986217
0.08295834002306558
0.11222720066114476
-0.04128911869106557
0.01736851573964031
0.09300962585238136
0.08332751148650301
-0.01961240384817704
0.05701608831975742
0.10032890923405417
-0.01918134280842757
-0.12564297857911388
0.04124949111376820
0.00826370191843621
-0.05480378836850514
0.00683504547090248
0.05278358037596004
-0.03837700449259821
-0.04054557176375653
-0.06568777702311070
0.07046112554851473
0.07612333022462980
0.01518230204341054
0.05064843684459557
0.04607283735604948
0.00697576193242005
0.03954100359518947
0.09404147765837308
-0.01639091930025040
0.09306729326613687
-0.01750171314522132
0.05084929014356472
0.11941257956875335
0.07730341373737251
-0.02320771698751985
-0.11036660164973702
0.05336018098220034
-0.06029257458931373
-0.03928864409995256
-0.04742815553032501
0.04607775385251681
0.09680491212776071
0.01259242253889747
-0.02111053564574669
-0.06992537915240342
-0.04535315261797428
0.05019849102588602
-0.00900299594246262
0.05389737893167898
-0.00608485198132541
0.05916523279810813
0.06452340643860328
-0.04145769716539352
0.05404719786326036
-0.02369810230867445
-0.02244837331697114
-0.00236970941954778
-0.08709239973831960
0.02847509818373798
-0.02857583782219966
0.04439927489625570
0.05751316392521107
0.03758342089967876
0.03102273630374809
0.02213946684368714
0.03704432277749190
0.03659522867514729
0.05905265593248007
-0.06292133415167926
0.00158763944423329
0.00819060061981967
-0.05597850573577191
-0.05721841485050251
0.00937370648157693
0.03001219383172361
-0.04820805403123052
0.05954515038816950
0.00275275336940955
-0.06205022301436745
-0.05594254614824368
0.02750225380174602
-0.01063102510641014
-0.06721829783136905
0.01817619833373964
-0.01297382762426229
0.13609598646491392
0.03549780713858939
0.01246331625382592
0.01520624322057463
0.01518606136915577
0.02915998643603810
-0.05610726385466611
0.04498907438700239
-0.01068386720355396
0.05780643470667213
-0.02966862766924205
0.01950153148155055
0.02795027129294396
-0.03911233001516523
0.07124976971054429
-0.00241754195419923
-0.02808421721554458
0.04634478380834689
-0.04459564549113443
-0.00328329854851043
-0.06289906684362999
0.11586468275238478
-0.04431033633608469
-0.02919896176450335
0.03266692086479250
0.08568804615369187
-0.08275259669739130
0.04101464514829357
-0.00732001078401762
-0.02329371258969763
0.00487080659035118
0.07551760797014606
0.01487144931355483
0.03557406061637908
0.07368156278837282
0.06694175737539233
-0.09863529441553982
0.02299992793369230
-0.02817432195977923
-0.18308290654931511
0.05059025723444081
0.02667583739093509
0.09012601796912482
0.00240301337788865
-0.02840078463683984
-0.00602172710884133
-0.04666072241725488
-0.15148519508785391
0.06188972531498903
-0.02643563995908405
0.01862143313087150
-0.05843844260518668
-0.00703946121403534
-0.09902776912788040
0.00526387584084134
-0.12207538574190999
0.02375693687114596
0.06144590313067508
0.12048765134368219
0.00190774071642420
-0.10880633741142795
-0.01497505445327250
0.04537054934453718
0.04694299303682786
0.10782096872654885
-0.01539799420259529
0.09793841496095272
0.07470736963983028
0.13290014285748217
0.02307812057037389
0.00286774638239954
-0.08908649559826268
-0.05214774708852091
0.02132512118998587
0.01901520776085988
-0.02580478729020903
-0.05254656218131714
-0.09876275203466750
-0.01312527324238327
-0.00117478842706542
-0.00223316142211678
0.00875970349125199
0.02091731875226861
0.01271475320466444
-0.06234155365357454
0.02421001361555346
0.02182028232950731
-0.03182105965355200
-0.02144451150813805
-0.02518159692901146
-0.05063435135711183
-0.07837158533027329
-0.01524171972733699
-0.02098540014562640
-0.05492966326881296
-0.03780201099943150
0.01111632410964631
-0.01717559585626174
-0.00547010178472809
-0.00930020529751560
-0.10801603448762816
0.09705541183025436
0.03478432766635530
-0.10050559927835200
-0.18468994983534384
0.01139148830777608
0.03018536933331539
0.04490094297083311
-0.00548671296544624
0.02524232768189495
-0.00033134733601083
-0.01509149005351783
0.07802289498404412
0.06147450506032024
-0.06841922749721539
0.03142920505900041
-0.03095803533608098
-0.07154808845160331
-0.05331038571929170
-0.08661792792133759
-0.02519361406418861
-0.03885298123105117
-0.10809182007352193
0.00360193953143154
-0.01161578455172403
-0.01853509340503275
-0.02210458619226624
0.01695904187496693
0.05768069095988815
0.04949934245504738
0.02286584899326728
0.08054925154190055
-0.16634146102931532
-0.08988581972682624
0.11281120396702332
0.03103059033013769
-0.04950284210848666
-0.03150465777094572
0.02203459556707134
0.02616566865228991
0.00019376786432886
-0.02319538631641818
0.04841032813989712
0.02593619368095625
0.03342859647341306
0.03187732679865027
-0.06320072005200843
-0.05410060525525083
0.05587287687733838
0.02958239359424920
-0.08351849324830518
0.04945409572773824
0.09400219299901004
-0.04137649094565668
-0.00368144920021376
0.02670813969338294
0.03162994674635278
-0.01987833722414773
0.06888037204854637
-0.12327595207499528
0.04347295817423974
0.06114909450627061
0.07554319014471161
0.04768935002694873
0.00165522913056674
0.00020235265326987
-0.01133018660105215
0.03633466812388493
0.15181498742751900
-0.00905364898132499
-0.16395991078358488
0.02533159141827187
-0.03380369634068306
-0.00882529247576373
-0.00513942029382561
0.03808758849912846
-0.02153377341755350
-0.06394232925781959
-0.00978677614833786
0.03929568278375595
-0.01727806693258006
-0.01323414624292054
-0.02689404911180442
-0.02121220410647046
-0.00891552717899336
-0.04897153742715633
-0.06574084901240358
-0.00234414419346203
-0.00109619105791484
-0.04091650028438414
-0.00473406001382388
0.09816510705199886
-0.13301385996711915
-0.06828594861844681
0.03421405278539295
-0.08382232125259788
-0.12840957477022361
0.09914148805684857
0.15320302123546989
0.00988556708479532
-0.09157026281025417
0.15042923013380369
-0.02132787939437552
0.07961030518770247
-0.05859058422680970
-0.06137433199039791
0.04060511779096571
-0.00005991477529230
0.11754909808218655
-0.01873909405432267
-0.03770495522071204
-0.01175335678622272
0.01669107083196063
-0.02200133135123265
-0.01713759203084599
0.07643643569442032
-0.03141469936960107
0.08587792667235357
0.12347044622557428
0.06496717579730772
0.01849750900019217
0.02120420052317047
-0.04104323433657964
-0.07077538493866536
-0.09756184917897806
0.04266527352015873
0.02579827829466258
-0.08253375253679807
0.03262807457020718
-0.00679881174347844
-0.00797438907462902
-0.02017063122195605
-0.03865391367263906
0.07355971043170995
0.00044363590162761
-0.01616110369558408
0.01019323745512998
-0.04135227661698076
-0.02499494089267894
0.02964202677219105
0.01440559438783845
0.05550244482778324
0.01986448162970846
0.02680999413387960
0.08740509515014136
0.04207422977930692
0.00765638383194419
-0.02432431658470242
0.01584190896959244
0.01725332336160194
0.10460830461098103
0.14153921015349330
-0.00735939466255179
0.03436030845139712
-0.03030722392434505
0.02813488913257908
-0.12396073617353628
0.06666695944412061
0.00290318319037136
-0.01653372491662427
0.05605199794109623
-0.10656361837109557
-0.00817570866523215
0.09109436634454235
0.09170731710215020
-0.03105133506688930
0.05543345007034765
-0.00855361301849232
0.03809393251729643
0.05002920322050720
-0.03581888799822072
-0.04253995648091229
0.00638735786795792
0.07334581978442539
0.03352078110387284
0.04537977957139900
0.03654900167777669
-0.09416763271400418
-0.10202529299910584
0.11839197419084935
0.01389815530467236
0.05732957111556922
0.03826547086117668
0.04492245062204157
0.10750301935612629
-0.04888068240910916
0.07329313397135159
-0.01131888975872372
-0.08910990322446190
-0.03751354916383137
-0.03160750283041053
0.04489167360125002
0.07729821343157886
0.02521205090457970
-0.02921233904549061
-0.04591669745122665
0.05676451856493236
-0.07918173639968491
0.10617333431374541
0.08363434084446192
0.14109634694202206
0.04976253448235108
-0.08831654658542704
-0.07251312966876249
-0.00153699698587889
0.03708300819155382
-0.04551559888153182
-0.02920598729893735
-0.05489561697687124
-0.05244118404552562
-0.04472862059638980
-0.00248235075310056
-0.10887640101061374
-0.16785087393264955
-0.01501157800645126
-0.00425146833523202
-0.08770764269412600
0.00641564066033574
-0.09758940594617607
-0.00105148627248866
0.08879240251064364
-0.04771188197965048
0.02479671416084492
-0.05886177566913754
-0.00852784938406245
-0.06984644084887612
0.02938706482797098
0.08879046100623712
0.01638909727808962
0.04004112203655049
0.06935408526917752
0.08587658814463044
0.00130645081984654
0.02590550504557551
-0.00887379821170699
0.14876613740691663
-0.04646236024178980
0.00247315079341388
0.05173306196586743
0.11321596931667841
0.05804847123450460
-0.09613181664725284
-0.10103157448637970
-0.02762264887106176
0.01324010617917742
-0.02796194956467179
-0.01232848475824381
0.07367582587292242
-0.02271514824109924
-0.02949172031966154
0.03190018968089080
-0.09285982188274230
-0.00948770651799094
0.06242617662343472
0.10522829528763750
-0.04353618499911482
0.12037655066155220
-0.12976074837419427
0.00731886988162701
-0.06380351249006325
0.05826995948845461
-0.02655307912856668
0.04523117307770362
-0.06674678124591196
-0.05140807512114265
-0.08926175920847072
-0.00461302154659851
0.02225542122668192
-0.00187034733504988
-0.05626425046694442
-0.04202947893945290
-0.07665947055066907
-0.02787346258594952
0.08925558969329390
0.03890966947522081
-0.03399515529357177
0.03149109519053422
-0.07751526684990107
-0.11439343435252225
0.06095310091498839
-0.09090219002677606
0.02065175554600208
0.00947418038630941
0.04013050001549561
-0.03769573874266784
0.03937915294079822
0.02020063057366284
-0.05794594862880646
0.07284599614481453
-0.03879627157305828
0.07573173839760693
-0.04063159090307754
-0.08079982219204151
-0.04953750782620398
-0.05671210312547444
-0.04977822987453405
-0.01392286649148120
-0.08182537417979532
-0.04689365360272660
-0.08636590302598447
-0.07117476970491471
0.11464703109324545
-0.04970964960965586
0.04204804051276868
-0.01549200391833356
-0.10308284300027994
0.01496392743391126
0.11841290971002184
-0.09855560785202248
-0.03507486055577373
0.08659472695116299
-0.09826271329111941
0.00318937085260853
-0.07387016936096251
-0.00480926018742303
-0.09266631523589171
0.10200352290355603
0.04293498183664445
-0.04429660675875204
0.02484519473652821
0.05703749826604040
-0.09664391565689230
0.02091287447617361
-0.03873441956789363
0.14642269339401753
-0.06133652412449207
0.06946945616816881
0.08505748290836523
0.08912108768990468
-0.02138153853036675
-0.00348080659525093
-0.03467980785215636
-0.02220454060598996
0.02949027807750789
-0.02864462408909028
0.08011786441378016
0.07343851931794411
-0.03352238886736835
-0.05664546654878328
0.07316136331314198
0.03984885355375704
0.01314101414301601
0.01178925103858416
0.02771580396905412
-0.01312449739686032
0.04732652836762285
0.00631680566034948
-0.03157484319239958
0.04580363311026950
0.04372051689010258
0.00300613429588539
-0.10947922342129815
0.04158614646230204
0.05059591699467054
-0.09595370923723505
0.12314891296035427
0.03002169961785989
-0.07067960603987225
0.05886664182043416
0.04857490485874821
0.02469176306525157
-0.11138859294704881
-0.18038565321166863
-0.09386105724833398
-0.00474826740093695
-0.07635482011437406
0.05836355229336843
0.04162950833591287
-0.00102858122435320
0.03015393316473335
-0.06357747840798382
-0.07769287871853370
-0.01446175690784686
-0.07816665290214443
-0.07464759624174974
-0.03689521698811840
-0.13147858755053057
0.07396082868195902
0.00002760638073449
0.07185993677667762
0.02878587857036322
-0.03533457944285916
-0.04675549998016983
0.01507589636874115
0.13434658039908060
-0.04217131485997836
0.02263964112638625
-0.06113247318814415
-0.02508544145193653
-0.04641034404197937
-0.19625830658878821
0.10088780816360912
-0.01567113930564918
0.07511979155857193
0.01147879369530632
0.05948495924661217
-0.09362179725718156
0.01262747610987790
0.01944250355072257
-0.03745245111997587
-0.11438709124143935
0.00566078832821001
0.01174618932478568
-0.04212248613230097
0.12986671158385302
0.03186696274556285
0.07856866913678924
-0.07510248679638186
0.05595736624580809
-0.01786328724557685
0.02773613336841415
0.03268114418757206
-0.07375176647033559
-0.01857362777645626
-0.00606872500065027
-0.08593434644469528
0.03331521646941016
0.05752858603073546
0.03816149469207649
-0.05913756705166062
-0.03996788619292276
-0.04570847368811565
-0.01289371483765834
0.05020539580831403
-0.04733513503883073
-0.11613266880626678
-0.06477477009107867
-0.02064114406295287
-0.14967605526133529
0.09728420345149789
0.02730481228003908
-0.06664017086901407
0.01801723931336036
-0.05910419310994370
-0.12992120122549947
-0.05027896324556345
-0.01845850491638577
-0.02534993538915583
0.11935773024957098
0.07502630264234121
0.11101726241877860
0.05040549125590272
0.04863280058158118
0.04479818949417338
0.09488080278195883
-0.02777957953835663
0.02687917887506698
0.03652197894109473
0.05377322081424356
0.05456798402507537
0.07696008743103901
-0.04405518806067307
0.03813639687014128
0.05889680077468307
0.08156987341935074
0.06219384998671994
-0.12236944829976661
-0.08257137132963613
-0.03514538401071247
-0.07949624547812890
0.12770097004713829
0.03848496540347045
-0.06147507563041850
0.00954771654732143
-0.08556495439120114
0.00700144057841990
-0.01883293301196069
0.10464185935702232
0.06831397154991263
0.04311681593511136
0.04170396580218383
0.01477442446544480
0.00198694787683998
0.03609720658042832
-0.02606167539359671
-0.05955370293347967
-0.08770867779420430
-0.05923694552878746
-0.11710018652058506
0.04470228830952396
-0.01311921122545968
-0.01577372918027990
0.00434844989159326
-0.06268386714122978
0.00519058350165722
-0.02862287578670822
0.08253572671839807
-0.13957006287709481
-0.05152109718047757
0.04006115738896589
0.04715064729350875
-0.05824161153886155
0.06825417921482166
-0.11038137624285958
-0.06957255781963312
-0.03204788786979050
-0.02192896507668991
0.00713380060877829
-0.04983063682916672
0.01298608250770861
0.08640562887700209
0.10744752088936123
0.03485724933484961
0.01012017306820299
-0.01096567966641470
0.07764962105615494
-0.06564529633276857
0.11592265547771771
-0.00459927835390727
0.07208522411310407
0.12556219742453673
0.10070145272455880
-0.08055738198159312
0.00617820991536553
0.04396712062223580
-0.04383712692834393
0.01195315928021731
-0.02533350042144344
-0.01894105183179477
-0.03500698219242298
-0.00609418169286321
0.06858595501531439
0.00605098187973701
-0.06631195550768917
-0.01642691782121237
0.03504051894703870
0.05520345999387916
0.10191133266885899
0.03560422504882024
0.00303482047241148
-0.00495078558069181
-0.00106835369466280
0.02645421642830536
-0.09671615660045696
0.06415650523537586
-0.08259915769191080
-0.03083311276242703
0.03956024240006801
0.07767616831292741
-0.00482395970882048
0.02503781215245076
-0.04303675525016325
0.01214580045060901
-0.12916412465594271
-0.02737194121774417
0.09549493724415586
-0.14908788577907178
0.04418323508180956
-0.15071215207127939
0.01443412942913170
0.03187339979333499
0.04276562615254017
0.06093829305831642
-0.02408717196214928
-0.04918214180240046
-0.00400297782000723
-0.07150321072682170
0.06606951806084156
-0.00222211709044409
-0.00324852355981569
0.05853620695428652
0.07999786331252631
0.02519153211883976
-0.02120224795944909
0.03778189793681535
0.00169096106723278
-0.02549132655765961
0.15120244155172746
0.02332241019411622
-0.04257786263218293
-0.11555131763796722
-0.04566141418904306
-0.02846764746820800
0.00480994746148920
-0.06701174197073061
-0.09597452637648607
-0.10556662911709858
-0.01635999636656896
-0.09927593380666920
-0.04978626657510643
0.02208678068510164
0.05602610768997590
0.03171025378435063
-0.07231158305369970
-0.04912716558858121
0.04510007533965430
-0.05835446592946172
-0.10967922620585394
-0.05992458404706311
-0.06694166445012907
0.07055581584212978
-0.01418020575801711
-0.11760824254350402
-0.00473584931956963
0.08513841867728955
-0.05233810044499148
0.07035968827746010
0.08450954583152007
0.10760560361188827
-0.07831864897413696
-0.04134702063518872
-0.05379059114148898
-0.01764532984069884
0.01731586788710408
0.00184867520751588
0.07887915651605966
-0.03315574857597692
-0.02180616494218986
0.09775959642755915
-0.01619525965807841
-0.05984049763140131
0.01875731287743804
0.06868319020335321
-0.03069494906812618
0.08918299512436609
0.03546656002027247
-0.02122469815500638
-0.05408136638576483
-0.02628998874075749
-0.02765192088137611
-0.03219595379965935
0.02148168604973293
0.04667286266819005
0.07118963118328706
0.00896569821758952
-0.00541200184927209
0.01702962357447078
-0.01126072762000115
0.00804280213619535
-0.02708123699148241
-0.01213167791720331
0.09555464330682641
-0.09676789413271580
0.00347439865157272
0.02928115927086333
-0.01638124201044636
0.01350721605171648
0.17865094769212234
-0.10686170420016572
0.00148210455200989
0.07559331629861032
0.06747876779362787
-0.04108047851615008
-0.09225109054723458
-0.05257986304645593
-0.08002250531322522
0.00077418356241417
0.05153075028879635
-0.03843832234790869
0.02399313303748095
0.01869047685002797
0.05193618481302051
0.07355355610876149
-0.01869108357938415
-0.02010685163217829
0.00598314008296278
0.03611199818596925
-0.07792145492956792
-0.06111335394581695
-0.10078985025182849
-0.02683966767417284
-0.02591859769736052
0.02059753244181714
-0.04350532919390492
-0.03637913174790854
-0.01403142674436711
0.08205046683104904
-0.01222526433548276
0.03556024928145800
0.17147752077372250
0.05397071327650638
0.01527448371991026
0.04108123846922160
-0.00312967783500693
-0.05147781700354417
-0.00950480435074750
-0.04847697810451274
-0.06807215309993467
0.03288349663314460
0.10027560669587721
-0.03288889856903662
0.07921373772449683
0.03511062810082293
0.00624028401645914
-0.00429734665575037
-0.05296481057389002
0.02270617998145609
-0.20890118923697354
0.05326862148991463
-0.01334995876518613
0.04294478830008766
-0.06847301284763915
-0.01308050743460070
-0.04091550409734775
0.07419298110011240
-0.02724001598062837
0.05747706435493328
0.11454392475176649
0.01587935483461602
-0.07738242654876872
0.19035283417545390
-0.03964866407461591
-0.05896820378277455
0.07575776904942562
0.14250779740036490
0.03142692596317562
0.00845235968580404
-0.04618404172709439
0.01662786215662524
-0.02935206325968957
0.01032787454214201
0.01937417364824985
-0.03974664850204312
-0.03415059405724184
-0.02413646423273953
-0.02716867325277520
0.01514480214575289
0.04373179072136224
-0.15230287832751380
-0.01728758519529073
0.00543986960479724
-0.14988216498766146
-0.00177093285927256
0.00578348293880982
0.06898801094031386
-0.04004094187624896
-0.01676518220026878
-0.03336551459487575
0.08206118801365213
-0.02647149547668457
0.04004496897334631
0.03969803309729009
-0.02772999900585112
-0.06156947559305752
-0.03602487476302738
-0.01666402548370276
0.04144002982608784
0.11173989616738542
0.01596382416118588
0.05322271526233412
-0.02705318149567962
-0.03800160578834203
0.06976187306189720
0.01568429246934885
-0.03410123473327842
0.07512352503981314
-0.01766692023522964
0.08754647090233375
0.03423366860572203
-0.02221927970046923
-0.01421498986603615
-0.00558713105518455
0.02717033277763103
0.04441671876130028
-0.01296675857810077
0.05092560969609678
0.08317837030889814
-0.00700307070688822
0.04456591699448543
-0.00228089202615403
-0.12038814931615226
0.00465234027423232
-0.01545293743801467
0.02996447453159699
0.02727176210582819
-0.03782530831940854
0.11567145021442288
0.10327049407804656
-0.03321700624665871
0.04551029270822882
0.02311016404492742
-0.03217805745338211
-0.14416950861666777
0.02847074627300423
0.02592129320941558
-0.02404946901723660
0.07504625137959256
-0.03177521027270351
-0.06348861175862873
0.08855371923086572
-0.01326038498227875
-0.00636428032984820
-0.03659103782201491
-0.05877150204148891
0.03926144129587220
0.01733919409804066
-0.04802951094331824
0.01753631036711727
0.06794124834005860
0.06463523790123557
-0.07781450241216911
0.05201192257803751
0.04383647999180183
-0.00566993885131050
-0.06843307859781875
-0.00156894776435086
-0.02037699364794347
0.08473023884513912
-0.08075073225541747
0.06186938193565791
-0.04759119458041625
-0.12468036467717025
0.02682754520776705
0.05060698215795806
-0.07760219949801560
0.03999927097072641
0.00830268381381807
0.03666857765375067
0.01478028530963754
0.00357548473425530
-0.04794431650196022
0.08688931819948136
0.16015472962484562
-0.00827279643651862
-0.02115882172787299
-0.00852969347812268
0.06367798189073499
0.00926332082742666
-0.04037142970383634
0.09692637996297541
0.00284756967219995
-0.05645825660220643
-0.05739853149403550
0.03296423544639342
-0.01123604307319279
0.02301917648630836
0.10433200429299265
0.01310418888970307
0.10740930607769406
-0.03323391021356609
-0.10294798273657839
0.01148747375154414
0.06184498619062707
-0.06451324669091887
-0.04469449017186246
-0.01754259673818457
0.00349583804875371
0.08481017846939083
0.01731369051711458
-0.10896853292545751
-0.10131233108692286
-0.03172600161916982
0.04305308601268971
-0.05778355921054169
0.03269987480593246
0.07676632157978752
-0.02236478385023650
0.00230634853607466
0.07127987695264265
0.02641392608032408
0.05055202518140283
-0.01341664563169846
0.03641976770382342
-0.03838257704719127
0.00604127500984247
-0.06584159787248810
-0.07698882500686018
-0.07297626637406930
-0.02656753889994587
0.04565424089548284
-0.03396634308202203
-0.04366290894140148
-0.13663604799217802
0.00325639838592866
0.01697033430344038
-0.10058327085288074
-0.15024441461929472
0.00434134028869056
-0.13468778145472826
-0.01789538471749588
0.03381268941395515
-0.01959077389633632
-0.04865916511485461
0.05054795848664120
0.05870757832935176
0.03338878873010748
0.02021037290318840
-0.06092775907533599
0.05542743745230111
-0.05710044383290202
-0.06042031313586946
0.01733766335165036
0.03404839703298635
-0.01503729225453939
-0.06472834239600127
-0.04209422637964975
0.03723112783932689
-0.03207650263629827
-0.05330277299060548
-0.04061365930551905
-0.08111934727182034
-0.01603529721701864
-0.12327100764840090
0.07905495563820861
-0.03372117557192662
-0.06920887188092152
0.02201296971179784
0.00273198031961711
0.03450434014942892
0.05680051767918068
-0.03122385827500676
0.05242253224047594
-0.07396896677439982
-0.07550788875866264
0.00719297124909549
-0.09134129910179935
0.05484861345841204
0.08727992394272457
-0.01372900005486296
-0.09417034994439570
0.00745533233652205
0.02614461997025654
-0.03587996052004643
0.10443853426515885
-0.06302498895651913
-0.00374747837583259
-0.02343834243750548
0.00702482525833747
-0.00620324150567768
0.05263217217116267
0.00971427869467984
0.04950465311252936
0.01047918359337601
0.02662070296508434
0.06932685223883937
-0.04340209019230125
-0.09304332845033125
0.07839397358464777
-0.05353194380328232
-0.02140424348691985
-0.04561904758150237
-0.08029845042028744
0.03927124118758989
-0.00175414169611386
0.08170844033813709
-0.09013087914569037
0.10241577800971288
0.09823407736829935
0.04147121774622876
-0.01281734978924958
-0.04688427075896217
0.00503403230523170
0.04396484666586474
-0.07591769879077245
-0.00023639626905889
0.01543073313979649
0.06347208304299712
-0.11872548044667323
0.01192579573174935
0.04246553855839016
0.07566808799924635
-0.08135386360640175
-0.06106043465172054
-0.00876841900743805
0.06807005738270312
-0.02502105819113450
-0.07350848199441105
0.04413363435992543
0.02009661923126008
-0.03378914418299683
0.02584262459355908
0.05444470816334055
-0.06722778795086554
0.08266174664162865
-0.07583708893735179
0.06937028865722836
-0.00667164972395378
0.04346552924033893
0.15026750628114541
-0.05726103768383339
0.03073885624724554
-0.12670253520050231
-0.03931208527425158
0.08339781244794757
-0.11576619606403915
0.00947061894561637
-0.04276951457260161
-0.04209651498038648
0.10921310851807353
-0.01625133783770391
0.01960904379670454
-0.12775382484897238
-0.02756605236619973
-0.10777572676824469
0.08748905377602319
0.02108485826530887
-0.06770511029074922
0.03375990455071735
-0.03605266542694804
0.01224851383970725
0.00548483812899921
-0.03628445494519475
0.04985959402999246
0.08165730399602815
0.02256694141830845
0.01077366231753856
-0.06081487152555601
-0.01111373966589547
0.01085631270567997
-0.07630693604818166
-0.00959041101914019
0.02284475765035531
0.10019848285301894
0.07886199559461615
-0.01097882633205415
-0.01109541030472757
-0.00565730449714710
0.06914836248942365
0.05242905750046105
-0.00114819302890271
0.05452906499723897
-0.01754122279652388
-0.01103768041710156
0.00986586473418670
0.03258914015952607
0.05105263607991377
0.00564808094739847
0.00956489212457934
0.06804246976759867
0.05129776564564274
-0.03508581716320815
-0.00860742267344070
-0.05998165165415709
-0.11538702718082272
0.01318574153755176
-0.00777046232614148
0.01271671628344147
0.04168862835813980
0.07407799575928184
0.08370371845614219
0.00749498142880736
0.06489703295793264
0.07046186460199043
-0.01075281691005044
-0.02780432637786510
-0.01231025484480303
0.08308515495123661
-0.05323962081520988
0.05557692673479969
0.00553620182205109
0.06149140405126746
0.02173438260328283
-0.02107680584567979
0.02239135598634885
-0.08124639948659128
-0.04375489376124622
0.01323536751567508
-0.12593943522059287
-0.10544830063808107
-0.10710328194897988
0.04469752127193340
-0.08292184267210939
-0.02677977802010532
-0.00552960619157541
0.00802253119375249
-0.03336439284240659
0.05179761324015273
-0.07156821369327492
0.01379018179158497
0.06082657856232104
0.05447765326037777
-0.08614618778596420
-0.04288694898530686
-0.04952195360643016
-0.12324927634790935
0.00329450055584617
0.00402380747998495
0.00702373950980593
-0.04453793463178303
0.03236923436327740
-0.07605152288948826
-0.00390534331800469
-0.03118179909041121
-0.05865437302283539
0.00106764614831516
-0.06737687506741276
0.03907305709048737
-0.02025390481685191
0.10149090102025887
0.03653324320554640
-0.02381890603165239
0.01474860464281097
0.04394835027899344
0.02684297352394359
-0.09063296235649505
0.11239509169883033
0.11437012599601643
-0.00074100607431376
0.03198815895223622
-0.04033973115393629
0.09092004412049227
0.01144037538448299
-0.00666253144338699
0.00270069605675997
-0.05774913849155311
-0.03006589215874474
-0.00841376167880755
-0.03398740374900417
0.05999920395988863
-0.02826954475123500
0.09035169966710269
0.00728954825621010
0.02101920764849422
-0.02048046239827602
-0.02934246651229741
-0.03101879350305083
0.10599097923738728
0.00522460849243104
-0.03173459942715268
0.04830143722416588
-0.09424149217058875
0.04492362826062964
0.05559653651075284
-0.01829223498476504
-0.01737547478374885
-0.02442621262826544
0.13389133913127557
-0.05295905696224603
0.02306031324328585
-0.04233765349978311
0.04224688940457044
0.01281504167302728
0.04275772268679946
0.01866209573957075
0.02757711389119525
0.14310574814446933
0.01257610360416533
0.08274287813008607
0.03885433508483074
-0.00913988591904477
-0.09838695643185841
0.05690812729746508
0.01030507164030477
-0.03431444970838570
-0.02144057967160158
0.10545468555653609
-0.04314301417834343
-0.10154549339627868
0.04424171692540921
0.02133505170351484
-0.06260369286056754
0.07976028370182610
0.06026915126923170
-0.02026716120891160
-0.13974158392341587
-0.05813702759648550
-0.05069607728492578
0.03993225398030016
0.03900241828838821
0.04379000191743903
0.07509325441163475
-0.13041074491889804
0.02776304121845092
-0.03821820100239730
-0.06004676706864821
0.06557092212459832
-0.00731590615807712
-0.00172487239679847
-0.07836988576231169
-0.03068101195570492
-0.08787806886329698
-0.01148793462305062
0.15347417064394242
0.05763582951310705
-0.06049854705389898
0.05782486432294618
-0.03870284953191109
-0.00402633991536724
0.02171436524072855
0.01899440807130628
-0.02652427413586836
-0.05916817660813628
0.00842965274085633
0.06260165141014087
-0.06068807362091330
0.08311738721186959
-0.02377200066531697
0.01762216382026781
-0.02949291677805875
-0.00075237689056181
-0.11050708556394123
-0.01314136451390032
-0.05972114188871526
0.02842036075687485
-0.04271582992582278
0.01157345580834638
-0.03735654329278510
-0.02129311362801315
-0.06448166406028144
-0.01599492477495944
-0.03290141279099033
-0.03403393356160142
-0.08227311393777950
-0.04928123033360252
-0.08052212395521995
-0.17199406996986447
-0.05959399613510076
-0.02458275798575234
-0.03747428050716457
-0.03862854321277770
0.05750381508439834
0.00924131904257003
-0.04034389605462630
-0.11755592419126419
-0.03183288918742844
0.06051416182786361
0.03810609746354275
-0.08682738031408353
0.04822593020309748
-0.00635460736981255
0.05408994561628828
0.00734560939058357
0.04988813390462254
0.12951257010083583
-0.03462218895030081
0.07060980078556424
-0.00970212586051654
-0.03535192715533438
0.07936898354080731
-0.02094004330299060
-0.03307252327712411
-0.06949530095578597
-0.07780947189188128
-0.01062119990790202
0.07342050121043874
0.01553635438566731
-0.21360339764358205
-0.04051261883279985
-0.03461417014775226
0.03738927121248754
0.08076411005577844
-0.04495243221491466
-0.05746698385025332
0.12749819286068717
0.04853614572843239
-0.02445058455187282
-0.02398846807486574
0.02027124079952727
-0.10286061962324156
-0.02592899449301209
-0.10379698141402378
0.01126604325293163
-0.02312975398805341
0.02426486041133668
0.05366775290733944
0.01102792171667718
0.14938806723431378
-0.08790259839038476
0.09869334783227210
-0.02866572869112747
0.02199081533628969
-0.03898803361163460
-0.05261182635018818
-0.11634516873162994
-0.08920599785875209
0.02452008875225445
0.00314587498742794
-0.01421268307483873
0.11172048839332080
0.06883235317485709
-0.05638572190988288
-0.12130177128173289
-0.03540382196115903
-0.08127395399631064
0.05250536728150924
-0.07504146004769631
-0.08314469743440168
-0.07365674458000201
0.06401001443902163
-0.03022992995254297
-0.08504583637567188
-0.03806576822552377
-0.05228497477454859
-0.06223797596213568
-0.01431987016681587
0.09485716593183509
0.05120865880727336
0.04211993563176013
0.04168195864447015
0.05482832452106860
0.06182412171609964
0.02232758693275396
0.08092897056386596
-0.03603790562159703
-0.04455397174097331
-0.01850659665366335
-0.03669094214983849
-0.00287438758549449
0.02037156430676325
0.00494129390419944
0.07914320219242980
-0.02030332696734121
-0.03302024619675813
-0.03765181112097508
-0.06368793594405228
-0.00018765480521304
-0.07816433440376766
0.04951099066066521
0.07984768106010895
0.02964025408410251
0.03052623205777283
-0.02957983486053586
-0.00453395289822332
0.02344130345846482
-0.01441250108847104
-0.05986312053343543
0.08257767757350666
-0.01290549369210793
0.04259279736516901
-0.01250930875865559
-0.09888411585251773
-0.02212968844838388
-0.01448771676131525
-0.03469329996758653
0.04135188713963276
0.06808769471639498
-0.12946009404139408
-0.03716146320323441
-0.02620939792793290
0.02537660662238187
0.03110709146794848
0.06685287285320608
-0.02397481772541364
0.02303068142249270
0.16170301823161232
-0.07962403490836664
0.01019654722865025
0.00001767003458265
-0.00617873069467302
-0.05395948369496193
0.06387036701665824
-0.06623173633441064
-0.09880373165966022
0.02932171122735224
0.12600647970715351
0.03012945201276532
0.00201934741430766
-0.01444914809283461
0.00843367877324253
0.03352677706263973
-0.01440629567152333
-0.02409058931305912
-0.05723215526621220
0.15430376273710236
0.02524386786131260
0.07881542130804897
-0.06814139822584621
-0.06136855935407801
-0.11046921336414128
-0.14332861387123849
0.03498239205218032
0.05058646377415034
0.00769625962980966
0.00909469141908257
0.01919131973156170
-0.01189599097263015
0.03228533858494522
0.09634207260533717
-0.08855248507179064
-0.04338503981375829
0.05405695595772204
0.06273492556351221
-0.05699617570841999
0.06102995538040396
0.05048215066730818
0.06882700303950581
-0.02647393807148349
-0.08312870740904463
0.13070437280653113
-0.04191377632517155
0.04162787014166046
-0.03137008193044156
-0.04289257218933102
-0.04040648493927055
-0.01692785422275527
0.05481278586580537
-0.07793922628295798
-0.10285648089616868
0.04820230284844868
-0.04028385966668296
-0.08249936805964808
0.00216560101801582
-0.02996365332763447
0.03527830300006617
0.00448814801288540
0.07207464331015917
0.11136914082727049
0.05070138258997365
0.02870858871639927
-0.12922117129755753
0.05007077137165061
0.07137760593523269
-0.08945123955758506
-0.19019690811510193
-0.03939392709916929
-0.04466963156422098
0.03506656861687660
-0.13542738553694741
-0.05724828212271203
-0.00863855698583020
-0.08401523131252733
-0.04620146536538532
-0.05137623057115222
0.07931765885733702
0.01253127495444255
-0.08285522722743230
-0.06524563781670824
0.03472666012907196
-0.02799449751616608
0.00389878529934692
0.03495277385068398
0.05525719802952231
0.00207908147071009
0.06323659566508613
0.06436141902616861
-0.06838990453515739
-0.05769267995327396
-0.01099910807034308
-0.07721196973597369
0.01267096218303641
0.06560500165589042
-0.08814226612848956
0.04841954026366289
0.00568111260160489
-0.05398321217159222
-0.01829793589025958
-0.07595028092289403
0.03515407843594953
-0.03117358210768183
-0.05134404485751426
0.00268865128400373
-0.08688966899187449
0.02231674428324875
0.13360669688047738
-0.13848736494482450
-0.04532641531356400
0.11373075767495429
-0.00254912169623497
-0.02506369467542684
-0.00914439422633846
0.07457764083011557
0.06624048628045813
-0.10186543154168308
-0.03622271156634218
0.01407568002979364
-0.02533670093519861
-0.07531057375324074
-0.03331467167634249
0.13948496803613358
0.06302879981517322
0.06848958647085082
-0.02258335248345468
-0.11020236562508877
-0.02425043032485765
-0.11880423060485241
0.02681254485234694
0.04382946149874287
-0.11796571265923020
-0.09747053952462878
0.05967018657968403
-0.07340862390814466
-0.07491302667432800
-0.00478049042860706
-0.05556811528749485
-0.02192855983998463
-0.02248127212207588
0.00450123473655376
0.06354446568914951
0.03936390395316819
0.03359893585918556
0.02576275673417310
-0.03654615088565980
0.06675350143526057
0.05888996085425211
0.01217160687958179
0.00447562311672052
0.03919371986154653
0.05141708375980795
0.00096433851722280
-0.01764865439044908
0.03698056654436147
0.05062327202954321
0.00843932474604266
0.01145055903843534
-0.00711494591129614
0.02619177269899097
0.10987988353249910
0.09892796076014497
-0.07698477014586122
-0.05873611097268135
-0.05143844221541291
0.02476426843110497
0.06342782183330464
0.04144658805706760
-0.01159904275514824
-0.08499858040646667
0.02201163425275813
0.02239010322002620
0.00346580306658723
-0.02841181671864523
-0.07609261817800321
0.04919521208821455
0.03874741594129408
0.03108222373665510
0.02602431466940036
-0.06333494902186805
0.08939703200290310
0.03936181054550064
-0.00809093401997106
0.01359971211788573
0.08630277358689961
0.04483811872821892
0.02199543166205332
0.01739571115795578
-0.01244823824434793
-0.01981576106349782
0.03885047197600521
0.08798817557140867
-0.04408732834421653
-0.04076123991662767
-0.05062303415814403
0.00279596397671824
-0.02891557604368801
0.11310420691569616
0.13642133869100223
-0.03676534845973842
0.00689717491664936
0.00137861404312153
0.09189560981533314
0.01475552394476120
0.04515488261570236
0.06924561003283811
-0.01233532023047543
-0.06161295565764836
0.06393338687565076
-0.00096518000264315
0.10766904229475029
-0.14567764111227532
0.03022536076286638
-0.00817002259849292
0.03188791653576159
-0.09004725281743599
0.02905498835883977
0.04731899971333829
-0.07711452445178581
0.00802039221793437
-0.07488799021784349
0.04614492463368414
-0.05591301303191252
0.04198838471214706
0.00661934829554191
-0.12121696364388843
0.05745352856770592
0.06590323248408633
-0.05502608062024109
0.02207142880194108
-0.07442940456918055
-0.00817263394154139
-0.07883883771844624
-0.00950652409186883
-0.01957399752033594
-0.07611631918626703
-0.09368527994363247
-0.00511743261963410
-0.10000457537617324
0.06008070380587823
0.06087817106315305
-0.12669489882081469
0.00625055203157845
0.08590132275574401
-0.01086771247902049
-0.04684680699826419
0.09511748846134666
-0.07927576443639603
-0.03070178950739096
-0.01642153280010670
-0.02692157445939453
-0.06576641591262707
0.06554616580176084
0.09250902255144788
0.09230679726869187
0.10822236022856284
-0.03243848659973894
0.02946209404865838
-0.15019892479951030
-0.01147897317583302
0.02476294629872168
-0.03077340185014534
-0.00178811950733096
-0.04548473162034381
0.01944684827421511
-0.07152677910608839
-0.04713249249348369
0.05754066616102129
0.15892821227576606
-0.00312750125088589
0.02636779920669043
0.04514652747191079
0.06822993500974930
0.02616870149829013
0.09302912770640036
0.06399789055215827
0.05761793905875917
-0.02961767058471138
0.12490739514972243
-0.03355576461606161
0.13448663072913611
0.02746151831082447
0.04763397836418602
0.03805284153030853
-0.00680018014778328
-0.06631505612925359
0.04915344267976134
0.00779696676157046
-0.08664995885832028
0.05547754047991339
0.12041376207686094
-0.01791647032924857
0.07813832966086012
0.00160601211189059
0.03831486662895453
-0.03113474987499960
-0.03729055011652430
-0.03773225351033375
-0.04041697235105269
0.02496458567280236
-0.03037035500260878
-0.02224030933440915
0.07021185621652315
0.00107953106299756
-0.00761844326552890
-0.00912497171960020
0.05008439764417778
-0.12380411915291323
-0.00751205922337595
0.06523144378845804
-0.02327173786885563
0.06001502623925425
-0.09525788360330041
0.03373058236789917
0.04655920646567340
-0.08421618442233367
0.00619744786953478
0.13104614425586653
-0.03605119967984043
-0.03765405543738855
-0.03515726657972919
-0.09179377799757948
-0.03421800653475979
0.02094990773633997
0.02904665656141512
0.04086771256989722
-0.05573276076628983
-0.04861588658826562
0.02809009087613260
-0.03831358232253008
0.05972595946457166
0.00562691325778570
0.03597224318677551
-0.02586901664119344
-0.01059946049089822
-0.04013823143319641
0.05372668345456733
-0.10754969786328888
0.02748834223451836
-0.02020567430882122
0.03792252776601970
-0.02331128552027140
-0.15597126131283667
-0.02486101202185133
-0.10573691878563256
0.05733443140386985
0.01600819622876738
0.03249017998936610
0.11335525937866646
0.03624058826401316
-0.00828058222682374
-0.05707648923905626
-0.04987120965898746
-0.01205929005416921
-0.04449804747847764
0.08085343256480824
0.01520076274484839
-0.02048071262381962
-0.00697750414420723
-0.02579259243572913
-0.07413356831993967
-0.07263185332062595
-0.09895640461937757
0.02149441245736865
-0.01951741882928434
-0.03490535284403185
-0.00383728865478814
-0.04124534607434985
0.06028927197600317
0.03458310202968595
0.07394185227650994
-0.05435527978407926
0.09225134492026256
0.07413232824959082
-0.00310375059172184
0.01931439138663674
-0.02695569748510275
0.06524992939160618
-0.01573739573642942
-0.01681825441653454
0.05380211120233655
-0.09398864027362309
-0.02167333606171082
0.05834181352863981
-0.04086766647441151
0.09022222529583399
0.00909374370873747
0.00541841519704123
0.02954325844892356
-0.06235583220909007
0.09429145906147519
0.15965022691492864
-0.01686251384753729
0.05820604433549161
0.00494645167536054
0.13390291627608406
-0.02303270641885977
-0.10315020297446514
0.00744788174891725
0.02191225080642210
0.03144168771972741
-0.10143690057619108
0.00156670723625934
0.01332449971029515
-0.06857004775497839
-0.07529620566618794
-0.00045796674578823
0.00333149042839671
-0.08177271397580732
-0.02681361580756996
-0.03875360938970734
0.02370286616175255
0.11520678186208058
-0.01748533554595905
-0.04141514344053547
-0.07097824135078010
0.04063212625637153
0.04986450776879991
-0.08063078948574227
0.00765647454477480
-0.02429057132220107
0.04240010319202923
-0.02870373307936279
-0.02814246169563051
-0.00761628503933564
0.10797948488363260
-0.01515289692860240
-0.06013788047085564
0.02035586049312572
-0.02697247107286602
0.01839380180591247
-0.03256558717018521
0.06949609330900094
-0.00615623185909831
-0.05609494115399462
-0.08723075897057343
0.01410034754026585
-0.16258936601885376
0.02662235002195071
0.16621072521735697
0.08881595539174911
0.08416567846367140
0.02888177280900371
-0.06766896822822498
0.02381722327048962
0.02405220879805211
-0.00753348334617346
-0.04966035021991501
0.04271782456732187
0.01715993541965864
-0.03490186958839408
-0.01606163792976520
0.00338642327189504
0.14390095729458233
-0.00012101343101515
-0.04771012547072031
0.03277367418262470
-0.01144017988487399
0.10969061950910683
0.00535282369554428
0.01902872901485365
0.02160316725362110
-0.10948462363576827
0.03267838514215769
-0.04519712809059299
0.03179991508305964
0.00514963473737112
0.03087885186281316
0.07997453620484155
0.01971292843976714
0.08422315311154346
0.01257327510129415
-0.04054856183412515
-0.00248725266396625
0.08274918473318887
-0.06784018745900068
0.12821196654477141
0.17379279379331922
0.05384892363113544
0.14224983807354591
0.00511516157234794
-0.05986889577816888
0.08543433760343357
-0.09180315185402811
0.11316885357133270
-0.01509402493716182
-0.02434267302135254
0.02367474553584431
-0.01112489608185928
-0.02863717640440413
0.04933441229208964
0.06202209713840333
0.08389838095487305
-0.12057630961946930
-0.03931808667690290
0.01988341418873847
-0.00003352611291382
-0.01172261852452304
-0.02324203314182782
0.07054769623024595
0.05982118782950876
-0.08044327643165201
0.03556693228494195
0.04731320416599989
-0.02900462665917867
0.17182274022145741
-0.01695832861753807
0.02799535937318532
0.01712415799715319
-0.04344381025197929
0.00343905301839963
-0.09894265551853045
-0.01581366041311700
-0.00373482573804958
0.02721745968155182
-0.02054492313204950
0.00392416001075443
0.11804192318218007
-0.02789213223858880
-0.11159643098735782
0.09720395450526213
0.03417508428854452
-0.03888000819542368
-0.04434743617326914
-0.16561793313115086
0.00794571553713184
-0.02166166598944559
-0.04451333448569737
-0.02313326444404221
-0.03135996908775129
0.02253224578801843
-0.01647335741614015
-0.04727127889329583
-0.03553166499584098
-0.07037316969960525
0.07153137639311290
-0.10118433861996355
0.02531434941372458
0.06391986231543828
0.02532682959479498
-0.05031327317218943
-0.02856211293716775
0.00750917133362678
0.04258020650799109
0.02540921192439503
0.08581136401087112
0.02223908628484427
-0.09494750697004095
0.03372070863195125
0.02988621296331728
0.05194093795286876
-0.04688529092175494
-0.05483079055501718
0.00017476433889463
-0.01248547654464477
-0.05987145334379010
0.09459558586719313
0.05156576190856750
-0.06344306982462851
0.04989533457721958
0.06926456905686473
-0.02629657288336156
-0.05040176868704372
-0.05267539920912934
-0.04852771969855194
0.01873961721080872
-0.02123206647697363
-0.00347309401591036
0.02302855728454903
0.05654410115174596
-0.06214859381155984
-0.10598794578045055
0.02773535120016109
-0.01168397925072659
0.00491212653004400
-0.02994243880953015
-0.05250806855380898
-0.10326980754738785
0.03183625437725411
-0.01210409004851341
-0.06941607710546639
0.14081461528466055
-0.00188953544146055
-0.03846608589871705
-0.02286106051198751
-0.13421852568848888
-0.01280058926599191
0.03033490228702790
-0.00229117407244888
-0.11254060225415534
-0.08731894037233012
0.03434917541977676
0.01703348094321941
0.00661062928770489
0.05343347695664095
-0.02479001906476183
0.04660061865525136
-0.09560931053924882
-0.00272007918459183
-0.03061740681766831
0.09018822755926520
-0.01080672989045077
-0.04285816984943078
0.06451300882705772
-0.02512497664739339
-0.01599795458026454
-0.01721388983640692
0.05842924223618996
-0.08392805577978779
-0.01744911708204979
-0.13417143352663249
0.04472922284090097
0.03301170414188447
-0.04193356088960624
-0.09621916844304977
-0.02548701066916845
0.00415844538268710
0.00190694150400090
0.02833560866464925
0.03948070931937816
-0.03146118914063623
-0.02163705462204312
0.11304078492555800
-0.01925068363202407
0.04843026261377814
0.07568087500927759
-0.07254908586961865
-0.10279738730440727
0.06764788080044960
0.07975677706649767
-0.01602028858879885
-0.02797929583978058
0.01161707671130661
0.08490624665974243
-0.03438058601768922
0.03211642490742724
-0.06334984565531561
-0.12619375541992317
0.10065788193400717
0.03097444854216332
0.04953127331077277
0.04078721485631964
-0.03979992475998674
0.01080132715615701
0.07452253819356001
0.12902009173582354
0.02821326824680860
-0.10161970026955841
0.06340457520040349
-0.02037214515866211
-0.02478282588658594
-0.08395460437809026
-0.03559720620917656
0.02034135924589485
-0.05369971527918962
-0.01657832022855691
0.01163049308152967
0.01463782081508279
-0.03531355321509137
-0.02291076681370716
-0.08051966916847962
-0.05515688408096475
0.01515876501898485
0.00359241034980663
-0.07612798087870175
-0.03430233614388582
0.02628215879123859
0.08392564027442294
-0.00028030704043500
-0.00813717958870077
0.10302533676801483
-0.02004390616202915
-0.07751464042792218
0.01919882699063315
0.06152711775200420
-0.00701954918883128
0.00349911037412992
-0.00654836597430198
-0.04406936836260502
0.03873889952430037
-0.07229365173055899
-0.03156626202167472
-0.02185712911493811
0.00658982347135312
-0.01085370483281912
0.02327628924504085
-0.01963776585844626
0.09835083865217960
0.01898724932564403
-0.09463110849692817
0.02862930378346414
0.03858783805086788
0.06309997223469233
0.05581432750805378
-0.05172653364831546
0.03964788848993328
0.03103130720862263
0.02074871498270919
-0.03787658937742641
-0.09359781837211020
-0.05482760890114544
0.04735716101758045
0.02436942153403150
0.00703931237343324
0.01409528554065972
-0.00549208037598745
-0.10218747678061371
-0.08743085122065067
-0.08094583401884835
0.05419067177780034
0.01967944343205175
-0.00716017357295349
-0.05055110819235515
0.04496894431108120
-0.08252551819662528
-0.05896649323719251
0.06367317930917031
0.10537562166459834
-0.06235708322557480
-0.00765361040398239
0.02707378913474942
0.00962709262203531
0.08109851889650901
0.09650838576426390
-0.03930993022409522
0.04761553247229695
0.02668593898062108
0.03598883249601284
0.08952032325167902
0.07468270103577891
0.04544908135266428
-0.03958768529890215
0.04154383104180235
0.01571077771634359
0.11181074984378522
-0.04090382971333212
-0.04221553934140299
0.03852538539491887
-0.08202204579136142
-0.10488094795710277
0.04211471724637186
-0.02127493446847156
-0.07978042028412993
0.00010400062970139
0.07897093561984765
0.04176095743290910
-0.09516039584094617
0.04049091598674545
0.03537295608645788
0.00682145921702536
-0.07253364302246788
-0.00919001715112849
0.02364587159127190
-0.02122546113970327
-0.07231624995578105
0.01382643913484575
0.01767208580156877
-0.01723302070421408
-0.00358907612132714
0.03098472102616649
0.03330105020940699
0.07474089092223192
-0.03838041479351375
-0.02301221946736737
0.01103441223638742
0.06660236821216595
0.02859373407594833
-0.05589941259593160
-0.01106322329145520
0.04452184473231276
0.07152488415463791
-0.08504618167981466
0.01176364436237347
0.13492576951084506
-0.09161224181822922
0.00353565650929329
-0.13458369973181883
0.03466849954808070
0.08757846694771385
0.04301141285669048
0.06901667907136147
-0.01748919924410736
-0.07048581181625521
0.02691870893972882
0.03201027338929264
0.05073916772162426
0.05997074306487050
0.05209198541218989
0.01364004417779888
-0.04883351979016992
-0.08870593709690992
-0.03791382594972159
-0.05526024519945790
-0.06498864007994322
-0.04240625334582294
0.00026908078811791
0.04790341450987048
0.04523561620572197
0.04173432481319184
0.05656288677519773
-0.00506710311225691
-0.06387311783682008
-0.02109064012792511
0.06994182459396400
0.04544094860584569
0.01924064311510936
0.03030523902078035
-0.00496427732277498
-0.01540085120657483
0.02104473166947718
0.03767632503494407
-0.02457682013746220
0.00291767465508117
-0.09504814983902735
0.04653289279344513
0.01234520282968447
-0.09184230479623950
0.00129470477953451
0.04470682304377301
0.05986365376497952
0.03011759458438825
0.10734189159991731
0.02097270732106882
0.09863561407235651
-0.13688365863835938
0.06360758055841315
0.04136518113325288
0.06673358186600668
-0.04716275469701973
0.11895634987628315
0.03410739066293936
0.02046374635738627
-0.13609268906451572
0.05067090381594908
0.02348619345350973
0.01248164743860320
0.09951603679616773
0.05864205430621710
-0.07240742114738331
-0.05181330485624835
0.03991254594671275
0.03678593458826402
0.09097372048649306
-0.02057722229921962
-0.02924055673743371
0.00692701504573470
0.00882144027101638
0.01212925027306261
-0.03428191304015658
-0.12635683957061841
-0.08888845027079113
-0.06879409938016097
0.01988021685896038
-0.08936838394039956
0.06435654907885351
-0.03064615531983045
0.05651571596376018
-0.07017563644591575
0.01452217345199369
0.00568453141349791
-0.03369694127041532
0.13844604893865617
0.03030979106578355
-0.02980598684922837
0.00003959087353128
-0.01123845735207676
0.00708527704201462
0.08219074553757479
-0.07786937267520677
0.02971631727954928
-0.02708644094348165
-0.07370763414056884
-0.06916787355615425
0.07960871296916432
0.15804785851587044
-0.04380625817488725
-0.10590615126153993
0.03132796194348189
0.06803988444852528
0.07636660512291653
-0.12266260446349667
0.12842237388951530
0.02727044129611531
-0.14070429655711272
0.00214409103771544
-0.04640759264267119
-0.03169261093802283
0.12004194498081150
0.03447411890678140
0.05790753167040021
-0.00334336055963449
0.02112571666924338
-0.01533973311030706
0.03158956912326946
-0.03658839222846713
-0.01361083951377770
-0.02528664598766923
0.01807132682004965
0.08039347299906208
0.07592880281326853
0.06220776236560067
-0.07053581683123941
0.03833973797507556
0.05539441192051361
0.00106210997888124
-0.06945780801249131
0.03334780599664111
-0.00687596672402176
-0.02270225693831129
-0.04164765933287142
-0.07960352097647021
0.03824303681542231
0.04632067471071626
0.06088481993564961
-0.08202576174232545
-0.00621304585671856
-0.00965783977073903
-0.00859150328948670
0.01336654009267990
-0.02209848501547116
-0.03649192250519109
0.03650401317280570
-0.03137018903569640
0.05898544519314815
0.03587403344397909
0.15599481556123543
0.00873125559871741
0.10341234097464143
0.05105331682687297
0.02556211434130735
-0.06337907054118140
0.07919830242599567
-0.03026492840441964
-0.06424273073263286
-0.02082921020852554
0.04620840157950662
-0.03735804685200038
0.10766818342072423
0.10954283181101035
-0.08978755383405670
0.06646228416394492
-0.00839285684981296
-0.04390813437225020
0.02925672591858096
-0.08473560663656086
0.03217653696926726
-0.03331403119657428
-0.04250983871761964
-0.07755603442209026
-0.04566951327562928
-0.07511813809055540
0.02396381195811561
0.05988598584011531
-0.04655096176897181
-0.04830104927289521
0.04116367928122467
0.04193330879352019
-0.08920261957483994
0.01195093749468558
-0.01006599959752907
-0.13645630329652167
0.10558512681379773
-0.05653481958963523
-0.03998379704046352
0.03607095470097579
-0.09834900274144630
0.01756370741260040
-0.06051849495345994
0.11940817154973024
0.01909105743552929
0.06075265287511154
0.03042560616697768
0.07874529232005982
-0.04776205690006159
-0.04004645325038528
-0.00653178676479798
-0.02063760452320294
0.07697684416390717
-0.06851331001187309
-0.04178707631263943
-0.02119123012413726
-0.02746600728764298
0.07928518764308357
0.02103579833728086
-0.02507108541378615
-0.06168970779265921
-0.10719802778357850
-0.09099206663905794
-0.07259057926633145
-0.00902153505092651
-0.02753904428654407
-0.04953762291067457
-0.02669826494058904
-0.19897377817839196
0.02644559328008122
-0.03755161232517935
-0.07039355442200546
0.14432788849035802
0.02403805835443987
-0.05520443514185524
-0.03965956197048377
0.05208639388247849
-0.02121300792193387
-0.04492619106828048
-0.03698801738182449
-0.01970261214630691
0.06804812926828445
-0.00883376613439292
-0.04162291944164079
-0.06428714417700840
-0.01492227484957306
-0.05141558419972474
-0.02501148862644232
-0.04703677235967716
0.00988007639169025
-0.04218375730690602
-0.14564447276705869
0.05195200658145066
0.01814065093752251
0.01444528681768539
-0.19567775559374515
-0.05776444110567487
0.07453920689631383
0.09614580231696244
0.03958035756091122
-0.02795457029008737
-0.06355556915734074
0.04829887630640183
0.01423513259642211
-0.06600811171324363
-0.04805646053608131
-0.08907529628724223
-0.08597578205332243
0.05189153866343483
0.01219358514201943
-0.08196451572573024
-0.11510795629540867
0.00766196609211321
-0.03988155337968481
-0.07111456770244674
-0.01100822004966328
0.03690546858287266
-0.06214741779266947
0.07777477884947073
-0.04433011479709734
-0.06272497709876511
-0.06430700145803253
-0.01163913057550234
-0.02646310236651199
-0.02766588251127911
0.00735689147760557
0.02833636822423611
-0.05805797428955998
0.02906147399446019
0.09743657461291992
0.00318287204294970
-0.04592865098145166
-0.04184359121411802
-0.05382862246404408
0.05104445356166135
0.00460324751617966
-0.00310668277685878
-0.03621801206079647
0.05269449321489674
-0.00208145577870080
-0.07205299454778152
0.01277201859275177
0.09445675199722443
-0.04589289261770526
0.03713594895947186
-0.03569666981485015
-0.07569241912754569
-0.07805086777331724
0.07777582621915527
0.02247424082653201
0.11148693487236645
-0.11037475244914841
0.01765030839708751
0.08210619986377937
-0.03432704288508501
0.10293882950073226
-0.01588891018353545
0.04248041677003819
0.01966583704595099
-0.09822241356072409
-0.00627544051844307
-0.02371548296084867
0.04695807119172522
-0.04316997970162040
0.11379233508190337
0.09686725498816783
0.06090188760660895
0.02973065518625975
0.06452931886909372
-0.05878909941611725
0.08690344083370326
-0.06914472900918928
0.00754843654994055
-0.02177323214799037
0.07844125802738894
0.02444888809494586
0.00343584849693838
-0.04955823686106187
-0.01171213751024507
-0.01598011552950199
0.05743740114738659
0.00931674519710773
-0.01799676854886384
-0.05353818343521009
0.00875479562404329
-0.03925257286731132
-0.07689676343659996
-0.05075762712263872
0.08253070075886493
0.05923629945067316
-0.01863780910098520
0.14650412655079947
0.05297780224665644
-0.12839964793559758
-0.07883489479273038
0.09762753284840328
0.13282358995446755
-0.01673187447528678
-0.03115613308926728
-0.02876046942499105
-0.00578085660930198
-0.05522657614119918
-0.04889151973004759
0.09679936264173668
0.06382800256250613
0.01278334552710518
-0.00123253565448560
-0.05130840020863036
0.06174440885642023
-0.09886174726407163
-0.02843112239245506
-0.07016852626412931
-0.06016752882469177
-0.05200960890752677
-0.09590563808591246
-0.09601088143935760
-0.02002503767282509
-0.03084650425146197
-0.01611847440066114
0.03894684580734416
0.02226370164309749
0.00729668914538212
-0.08574503083236990
-0.01100757295241560
0.00932105594889582
0.04850055463805324
-0.06771157467843157
-0.00422105746024469
0.00920420718589846
-0.02533018691100377
-0.11742029734142770
-0.06521076601360525
-0.06360788435552184
-0.00528976953304875
0.07403251239593284
-0.13709614171850007
0.02565049655252567
-0.09072416062894868
0.00584027663920507
0.08818492110169254
0.01618949521230869
-0.10642807032612750
0.00618814137041259
-0.02976423622472278
0.01938879442099225
-0.02890334878029526
0.00498935114208840
-0.01388875075408542
0.03411649617938616
-0.03206657753488576
0.02577106384511497
-0.15435299764026419
-0.00981071296246853
-0.07962030030771630
0.07619226987613412
-0.02187950988585923
-0.09043475557346073
-0.02695246576265945
0.03588616408052539
-0.01196934807436503
0.00096907957943717
0.01940991718398727
0.06398373239729996
-0.00332632118266093
-0.03814935481580746
0.01690895503331454
0.02892825389493993
0.04013219715200907
0.07302330981317537
-0.08147308986274367
-0.02501942990531608
-0.07028066640593367
-0.01455119309169531
-0.08268227987247841
-0.04250926476116272
-0.02734495695365236
0.06431302093489073
0.04354560101088142
-0.05415688904947310
-0.03973287122728174
0.00648651178072619
-0.02965282337940307
0.02212287464846937
-0.12096901156369391
-0.03963319394017753
0.02966722254108988
-0.04353234441790969
-0.07382214386687935
-0.13005634172386321
-0.01363321087683937
-0.03442255068686100
0.09523032189676646
-0.04547458505910199
-0.02410572913271168
0.07028344304941682
0.05777775581998493
0.05054906202421329
-0.07149031297416505
0.10404558776885575
-0.08533135683470561
-0.08831121899900254
-0.04529742735750439
0.00460017497470089
-0.00724092846014850
0.06396163974785934
-0.04406728796849928
0.00095637477243418
0.04393443535343875
-0.05890319149348384
-0.08420195287526291
0.00606946526371471
0.01453237129668509
0.01215874063214075
-0.03720693359209076
0.02678386372307065
-0.10696916447786155
0.03451086631040479
0.03934244175508719
-0.03871573031969532
-0.03552036791481881
0.10172304238467504
-0.03636498212670133
-0.11099087556264550
0.01221544706282434
0.01692908049936292
0.06958838589024760
0.06739468359433143
-0.00998497627522288
0.03428934828124180
-0.00698045580455172
0.03513639486317648
-0.14083599244029335
0.03230326027732551
0.00104905892965435
-0.12469308158030661
0.03768394226464643
0.04920997518456201
0.02100443781154892
-0.08856982475331664
0.02709988749675650
0.00280439670725287
0.08610054525325191
0.02881776385250566
0.02545781812672496
-0.01171031618290416
-0.04681845693462632
0.02555723951274592
-0.01279769415460454
0.02147666259900563
0.04324478381736012
-0.02141472162007534
0.01489962599107440
-0.00924534097896497
-0.03204935508920383
-0.00480911133510042
-0.05530629892335030
-0.00621669334526093
0.01806245292225590
0.01057272471364669
0.11867033059565979
-0.00662888890581069
0.03294509383250752
0.08933216430316358
-0.06762795402702970
0.06714406252374593
0.12965418328233735
0.02820965491573621
0.08527880167668106
0.08563620529359540
0.08567996451057654
0.00826193077297938
-0.02459521279857454
0.08179633356956750
-0.03688512287285058
-0.01274037916685441
-0.06539575032532892
0.11670267190613255
-0.04434744129594697
-0.04631011073785918
-0.00979795865797654
0.05905173898893033
-0.03472347541968656
0.00825137210905629
0.03772246651047046
0.12203809797338923
-0.03333500175262871
0.06357704874524558
-0.09745250639036099
0.06242220287282409
-0.08536684829032179
-0.02582961695566051
-0.07930870579876552
-0.06409567479737023
0.01823545669138252
0.02257022022652925
0.09777395167117592
-0.02472555686148020
0.02506740540398739
0.07803029716083687
0.13137794435424680
0.04291842737649131
0.04978751262211050
0.01344350521768112
0.02599779723265699
0.01180213868476341
0.05523143739357571
0.09254167745160742
-0.02863669350673997
0.04786962683732330
-0.03989065496115992
0.07752159959885593
0.03788718966039806
-0.03155668941892428
0.00553819235776436
0.10093067793665045
-0.16235802249174347
0.00236059547453837
-0.06280778092086359
0.06037204449098987
0.06940175379518784
-0.11404585726995874
0.09705879359732182
-0.01623425404072405
0.15556218007663195
-0.07312792336439769
-0.07514029978719006
0.02883449630095720
0.10201627654003638
0.04456444897026673
-0.05755943851459985
0.00951967175865770
0.14721278797370135
-0.00728276847712047
0.04598204302456958
-0.08884881827467005
0.08893024547647113
0.03065240703143936
0.04155211280084086
-0.04840416030185144
-0.01866701967035358
0.07754558436463430
-0.03159721450370390
0.09679588886616973
0.10228525656690046
0.04909412750873064
0.10950233511575529
0.00455150080503514
-0.01622825404780305
0.00884468750311941
0.05817723856083375
-0.03298465164865808
0.03906800653960166
0.04873949900581548
-0.00081969112530784
0.01625791931180764
0.08976947218297285
0.03182866946810300
0.09619645086104291
0.07864940914533741
0.03606607550545562
0.00451984785179500
0.13994466664808908
0.02359235191179887
0.06313551949886723
0.00476339043819085
-0.02202060215801051
0.02595672500515311
-0.01179343963813197
-0.12191737752878735
0.05124027854165833
-0.00242317392761670
-0.08517307859791015
-0.10996019580408910
0.09983510828930857
0.03467170179978914
0.07663353574502009
0.00936177028014347
-0.05286278712315560
0.00579900112345005
-0.04572386349285740
-0.08278009512472878
-0.02934308172816599
-0.06082168790523976
-0.03011762786750523
-0.01183044294170915
-0.08070627274010271
0.07493237701527447
-0.10564552593750848
-0.02110166389032262
-0.01483778057931517
-0.00433628522483076
0.01759636328859186
-0.01673939482434809
0.02133944185476475
0.03076242351389944
0.07112487850425153
-0.00997478379830234
-0.05170792979493757
-0.16393356070193391
0.02780320474119409
0.11954716139879706
-0.07566124240063499
0.07953528868054714
-0.02274259176016558
-0.05345086675669861
0.05185396006316637
0.03604428109308951
-0.03907108156713760
-0.05846258193279610
0.05291050852099968
0.05779808468750744
0.00004901186320096
0.00727539210609174
0.16531404330810287
0.09335170956224341
-0.02604271332469090
-0.03186556754085283
0.00350927957021850
0.02846849243017049
0.08428959084732458
0.00997816189189639
0.06534218759158279
0.00175454694045671
0.02404358912999686
-0.03596752496709169
0.03679507726456126
0.07545369753603932
0.12933017579239786
0.07635180164428555
0.07957988779517856
-0.04622661148794929
0.06363207058486964
0.08032588571064934
-0.08055374665849815
0.10666166067090202
0.03331352058254451
0.00041491042296453
-0.05696057649938534
0.07351470299919002
-0.04485360129975951
0.00549756241662425
0.00066930232641124
0.05446701291386669
0.08291472393139084
-0.06556924406850209
0.04678113159387893
0.06891773803736724
0.01089080957099933
0.02346475085054765
0.08352503058736702
0.01620798946953689
0.00087637630764643
0.04719857448241897
0.05345176532071256
0.14086780352760389
0.11992505115141797
0.02517170820654945
0.07426368347812971
-0.00520632573274686
0.01475201897306808
-0.04071037201812746
-0.06932904821821341
-0.03266761091066225
-0.08513420478297687
-0.01343443432260464
-0.08339791621765846
-0.07073450015953352
-0.08665208399318197
-0.00753335528026043
0.09550128939611935
0.08318353361807340
0.04339402532842545
0.06302640710397596
-0.04147848278339009
-0.04512245981624735
0.06989719845092113
-0.09250716423085385
0.02686242248771592
-0.05822829345582291
0.08609896887056837
-0.04884133751581293
-0.04259935875296516
-0.01647572217427322
0.01717928230246235
0.04560936268522507
-0.06988689047631888
-0.09415761661575894
0.14157168771046694
0.01384370746350013
-0.01750251621654251
-0.10317650804600505
0.02360552471596450
0.04989371276193356
-0.07106141876099967
0.02465878438036683
-0.01081262562166854
-0.04013474226974056
0.08296690330848566
0.01754849658887098
-0.05551439458671747
0.00151345477067629
-0.00410327166112172
-0.08550299023482263
0.04397625848963249
0.00680261518437952
0.04272126893596800
-0.04019121432522775
-0.01588126743812513
0.03817339753654130
0.00246329428748075
-0.00349051092906706
0.01303539749625968
-0.10037239755154910
-0.10998306508800847
0.09452740744581523
-0.04452258942950912
-0.03801947556432880
0.02018732365700509
0.03352779781342215
-0.02554527976418848
0.06146947814993765
-0.00987500453727068
0.01349594610592382
-0.02661541437867123
0.12469966038661251
0.04890242007284225
-0.03998382959131713
0.03812295698029922
-0.02188517311743786
-0.02003560937976442
-0.09673192078394827
0.08434182403768239
-0.02927795433898920
0.03293049084533401
-0.04655121730654455
0.04265501929305519
0.04116462306178553
-0.02046765969622815
-0.12859947495713026
-0.00075586499647596
0.12096336359335146
0.04993276778151933
-0.02507316332012954
-0.02565896520265621
-0.07692243847159327
0.00146108552133737
0.04091385549871403
0.01645997011034564
-0.00558002993643480
-0.09399822142351351
-0.01891868719031228
0.03195297098577288
0.00702353029145686
0.05643606052212168
0.07003615457579108
0.02820484773941761
-0.04413742998110003
-0.05468098509306511
0.17885147026941234
0.06288434039661472
-0.02836837808830906
0.04540672305398512
0.00946729235616566
-0.02763244796772056
-0.02585610915730909
-0.01717753885517555
-0.00140062513507971
0.05880814965377742
0.02473044835685314
-0.09381677414298660
-0.00884302695030216
-0.02566335542809485
-0.02330083981280916
0.02829568312938146
0.03759986407196127
0.00392380996008427
0.07253718789776917
0.11626502739110224
-0.05271388518286753
0.05136895638614706
0.05487775458500250
-0.09488594886604133
-0.01845548893541739
-0.02279990581647177
0.09826066369808721
-0.10586803214991521
-0.00543069717472910
-0.03734652792676991
-0.10741114026011772
-0.03339759553989259
0.06143609089928944
-0.08093559191486682
0.04205967333684830
-0.07722583016667310
0.00836227067093340
-0.06691591073513295
-0.02075076862107695
-0.02551813830359473
0.00635763003709248
0.03008441352783491
-0.09088043522367852
0.08632688826923887
0.03223536127165298
0.00354920805460629
-0.03495405204104684
-0.04135450747130099
0.01696596675225989
-0.00579422909281833
-0.09495546878039920
0.10610802634723847
-0.02910411103975593
0.04114741458536673
-0.01353526812354547
-0.09158721870137035
-0.02967467439511087
-0.13190276223051819
0.12374337926605651
0.07544240022637466
0.08772868606835942
-0.07433082938754003
-0.05385976101900262
-0.09250077347014322
0.04002173123510334
0.05384892810087877
-0.04492894062324797
0.08274974073206656
-0.08269238781295805
0.03051540041748217
-0.08505678306888322
0.05426334489153414
-0.08225622332183337
-0.00239023648721230
0.08132142131893381
0.10070967414530736
0.14324231000633644
0.18015836134659841
0.07337109321189998
-0.02532077502552047
0.02074157641342870
0.04767422779894502
0.02190168825378290
-0.00858057825905351
0.11355086436096762
0.07092319624713152
-0.02553807964099445
0.04061160950713608
-0.11250045642528758
-0.06411944344596725
-0.10833863471645754
-0.15458140997114292
0.03048057431264850
-0.14703766070660540
-0.07678408995567915
0.02448696843058862
0.07103220256019220
-0.07279589821753897
-0.04847339594879230
-0.05347940974859765
-0.02902809737517785
-0.16766577405134311
-0.05196890391045444
-0.03216637370189952
0.04039495181102094
-0.05055976883046332
0.03912091446813427
-0.04906051684476590
-0.10984009697263920
-0.00027640619578128
-0.10575880260368195
-0.16993534632369414
0.02013665699185477
-0.04467814522237003
-0.04270398452676225
0.04129344476921538
0.04414572740429693
-0.03494180654665020
-0.03458926051453336
0.02307227246385687
0.03031888309198279
0.00004670557324284
-0.00180781269293386
-0.06182305722779383
0.01542456762572003
-0.00428507813823906
-0.04743898834985066
-0.02390188857360332
0.05221010426613765
0.06322492430819832
-0.07525060121413929
-0.04030883798078903
-0.03125776181843404
0.00729603903226527
0.03293987059572765
0.00316753679718729
-0.02958100633598011
-0.03403343935862542
-0.12158878073471310
-0.01227580824198541
0.06684097613852560
-0.09747683489274268
0.01598502837620771
-0.07847500825538481
-0.03678974117031317
-0.10730143329224839
-0.09629020172176564
-0.02976180992780701
-0.08796786284497486
0.02478305501107959
0.01136934846740327
0.06777860913260718
-0.02321612520906418
0.01900855176527680
-0.02219831622565439
0.11537352999461896
0.00887711942898925
-0.08600141772854587
0.03132560442963830
-0.05833921467584340
-0.10759885377766418
0.00012503878330592
-0.05608937493299870
-0.08604225970413618
0.01103967953471571
-0.06908343885789890
-0.00118454047910141
-0.02996684101187123
-0.06590717571160011
-0.08095768708253766
-0.03454506599464303
0.01364145551888003
-0.00344492392415436
-0.08536935935832979
-0.00965576398708346
0.01681575946231444
0.07087432025367642
-0.04483891627259493
-0.18268798542203388
0.00719921002841895
-0.01350022706332884
-0.04826395328137254
-0.04291564079483294
-0.00160006112033972
-0.01842486275574668
-0.01215375149002797
-0.05034875307671681
-0.02419919096147031
-0.10056955529786291
-0.01149235754577890
0.04622545217201073
0.02852892923921181
-0.09213803384995629
-0.00800081488125864
-0.02371790543665815
0.00091523139588825
-0.06496775130760814
0.01220960843389420
-0.02372118921495765
-0.02452705513004081
0.10748860933651963
-0.02388940356501636
0.03607602133466407
-0.08314039992940471
-0.05649993169801002
-0.06860109512891083
0.04801640597323659
0.16373235477617432
-0.12949872233951121
-0.04784633244190844
0.06025155053910133
-0.01530514347290830
0.02787710868278396
-0.00019677538365717
-0.05660714136263422
0.08206057570081002
0.04790363577969291
-0.00666345763480897
0.01204485036752414
0.04896320208571057
0.03292144426521779
-0.06944230036816282
-0.03462228750842238
-0.06194117756980508
-0.12173642323408290
-0.06554235906233839
0.14920714077533850
0.00038176759364952
-0.07933862149932128
-0.06457349199636918
-0.01222382152901565
0.01022404496289882
0.02376857207580546
-0.01369345496379896
0.06651345068360269
0.02471152806182815
0.02523842516988718
0.02210773234241589
0.02953180219083352
0.04176881146673364
-0.01195054573531476
-0.04747574815087388
-0.02417508400010191
-0.07014448546840682
0.07053290042388534
0.01144520569868736
-0.00720814217615262
0.00419202912556197
0.04053869778552267
0.07390907225816779
-0.09269305653668015
-0.00899727258355353
-0.09254848081381288
0.02612542714168656
0.10040725181523213
-0.04166797772106624
-0.06610140616359234
0.11807533005137859
-0.06899214384495693
-0.06253588561545040
-0.03789738753585034
-0.04524105924779078
-0.03858293892506259
-0.08158265322727798
0.04103871882927402
-0.10200340807118090
0.04243330549659167
0.05611879398432539
0.10503239111413193
0.05381282506586173
0.03476439266509035
0.00372855596105130
0.01519424761314059
0.09882128276163317
-0.04762530377366724
0.02987640903948945
-0.01548805345364299
0.05158165105978697
0.10609855294835466
0.05477597471654441
0.00513589746699145
-0.02815632537383796
-0.01798790434793824
0.10826299460362179
-0.01130888805457720
-0.01410022598701328
-0.01483249940959834
-0.01931560278577934
0.02999190720318915
-0.05083675476959026
0.02361775344729537
0.00896222970067601
0.02910299298995348
0.12502292660141870
0.09938909402045258
0.03443399290550121
0.05307603751975101
-0.02434302574145862
0.01731600991918037
-0.09146258343952562
-0.09570961282113501
-0.01727224008973170
0.07548640355361345
-0.01242889445969593
0.00936934224334551
-0.10413113794218408
-0.03120818283806491
0.00132756362270935
-0.02530127526175008
0.03336516213099767
0.06867403889942651
-0.02208066811549747
-0.01681667427816963
-0.05868690991580192
0.05218819534328856
0.00495161141724723
0.07068882044882983
-0.13260762129512374
-0.06789330090053618
0.03271091633912765
0.10668729777096504
-0.02865308710093616
-0.09340861550560364
0.01121100186356180
-0.02511599116441724
0.04990472891931432
-0.03252299761593501
0.04358539046862173
0.13691910664957671
0.03161613521666248
-0.05982792220738768
-0.06700528366271362
0.06446514721846729
-0.05140306414677533
-0.09198577423252115
0.05284687421118794
0.05673418861770262
-0.04391383684082856
0.03925769452915853
-0.06931353810004021
0.04313245837107602
0.01431635723915339
0.04344929741158926
0.00046591101908442
0.08308328767000799
-0.00652176704933935
-0.12570240485428455
0.01588765890176328
0.08542548121873131
0.07036734224339518
0.02411096197910831
-0.04292053252338387
-0.09814866604498890
-0.01510188474997581
0.08892729335628972
-0.03906517120201388
0.05211439926330804
-0.06062185134856761
0.04947404326623365
-0.04315887693219105
-0.02967522356212859
-0.02211366588402568
-0.08068809412691455
-0.05660623379079102
0.00363480348149502
0.04912366248706942
-0.10047325678394824
-0.03975617202372968
-0.05589710918127987
0.01430572653334209
0.03849331970327349
0.02532945305353378
-0.04749979574716058
-0.03391067695685510
-0.04399924625745258
0.00082504829118174
0.00042096246779975
0.10718912343033589
0.05413416547813027
-0.05639939303393737
0.04374190084952689
0.01932404623652875
0.10849819612506839
-0.16446912537646208
-0.03393975619127258
-0.02285829572059884
0.00329459362615281
0.09151830409430524
-0.05502101390817724
0.02358674542827735
-0.02000074042602100
-0.08827692781173557
0.06801294388116920
0.06780616459512757
-0.12642871419747223
-0.05280124080741536
-0.18016849815853539
-0.09738402079996289
0.09472523405899594
-0.04403050414735988
-0.01280891764223946
0.08990918643693964
0.02638855929489988
0.02676725253054374
0.04799600276276198
-0.01605566644907938
-0.09697354761481713
0.02344376653410464
-0.03901219550929960
-0.06312268718883846
0.04743168598556605
-0.10866294079885254
0.05667676085004888
-0.03472323433049251
0.06359109133751231
-0.04177417629477161
-0.01879900868164165
-0.07986298122468923
-0.02586372558185311
0.09028109684934546
-0.08111633055160740
-0.10628122760820716
-0.02710501394105791
-0.04158448686291963
0.03562367110058087
0.12821515956407684
0.03679926673643051
0.02474507515667234
0.07127606437539097
-0.17085948674611823
-0.03655379883788754
0.05282809897332676
-0.12349704064802546
-0.03561136402395992
0.02777598778951717
0.03636538959342753
0.00435848811107284
0.01825259964845919
-0.09072840537948798
-0.15137285088657718
0.03581840928949432
-0.02749675076551030
-0.05503085669395208
0.02374691762224598
-0.08578449597775323
-0.05765843581756510
0.03522145373223133
0.02160746820129059
-0.02093487282156650
-0.05327701027014739
-0.06296894029190014
0.08657326322679798
0.08567669309912361
-0.03668511207265608
0.02363530696846144
-0.09673843717217905
0.01782499100182860
-0.09218207161233356
-0.01990075454706627
-0.08370197703369900
0.03019633626533200
0.08433228860368612
-0.02628958796325768
0.00623753304855405
0.01002255425151144
0.04613267906646031
-0.10420884831757093
-0.09286249346620278
-0.07809876759522068
0.05353247823974732
0.05843372367527522
0.10433874163662210
-0.04621304798760237
0.06826894398124256
-0.09853952703433597
-0.10524090907695459
0.03165102424136052
-0.00936398548121342
0.10968618402595172
0.05691721722744216
-0.02353965304739480
-0.00971347692783876
-0.11020768046293512
0.00783319095198254
0.01551169780217577
-0.02231173999398768
0.04488996031050927
-0.07973684192924482
0.05987983950662073
0.01966993253437798
-0.03258337629648132
-0.00094398413271523
0.06588847934662173
-0.04229280678341851
-0.00791791486342998
0.01319888766314626
-0.01403788211830286
0.00035713511695315
0.04879703563734789
0.02185165208189235
-0.02582745954806134
0.06259157589857495
0.00244672044445540
-0.01378628202839896
0.02056216854228230
-0.04225030523135865
0.00604845724313547
0.12174399343781432
0.03657731426240497
0.01095293959039065
0.00153719025820259
-0.00766021400335733
0.10569090522716156
-0.04045769978555298
0.00206026675472164
-0.01019239068262920
0.00050257623202632
0.02705189068735782
-0.05326042169835585
0.03644275452997341
0.06431891985599898
0.01061977651150312
-0.06393523253097837
-0.12486943669886533
0.09385549907311290
-0.01637514430998801
-0.11647379610963832
-0.02502933317344137
0.12974653732080235
0.00601384891621119
-0.00649017058637383
0.10427288166343625
-0.16714053357514769
-0.02449588488216512
0.06626793264264544
-0.02961524865804766
0.01687956552328784
0.03047710202270780
0.00953887328550660
-0.04208585834653842
-0.09734509362671505
-0.00522493646942667
0.00311638885887756
-0.03428028947285455
-0.01340193511768697
-0.03239087564567490
0.08214619047323513
0.07397952017139049
0.02183772877870827
-0.11017207234429782
0.11932212549307138
-0.11442924924217218
-0.18600189291456196
-0.06461532990327785
0.06289223143494097
-0.08336975303509477
-0.01377204653914806
-0.01341013528707109
-0.05704239567996610
0.00674775842911153
-0.01573097841208999
0.06950835554178258
0.03863878043470953
-0.11242846682818486
0.05395265761923096
-0.10824497067300164
0.04344314121737400
0.00102587590381109
-0.04047161308894658
0.01394749173385904
-0.10029806120496815
0.01721109554960780
0.09364354353531117
0.10746389256998921
-0.01807094688574790
0.06806186914472739
0.10578806565776049
-0.06022184587281153
-0.01389788554019736
0.01910484695449434
-0.00944085762391248
0.05323888037735441
-0.01442439404176245
-0.05209925106893769
0.08717320741483743
-0.04956184078521579
0.01792908488261343
0.01073079196554552
0.13122480279878840
-0.02069724991280945
-0.06830309872893059
0.02379196551053409
0.02696954230213023
-0.12497339824177366
-0.09681434644255296
-0.01209177924543634
0.01956684055524629
0.06287822408684106
-0.12189771481213674
-0.00195793497372568
-0.09077490957277458
-0.01986311976454396
0.06612221774025875
-0.01269101861368238
0.12483322741737561
-0.07937040599811693
0.02475032052284276
0.02320348990010499
-0.09407540095083215
-0.09132326073289916
0.03934401528789638
0.00884351820451479
0.05167819934857526
-0.00416840419484317
-0.02355524578108046
-0.02599500256749401
0.03945864343292099
-0.02222418830051658
-0.03245546339470542
0.01233426100047185
0.03936385758789926
0.02551140654767734
-0.08527495668097525
0.08469036046946046
0.11384787532803574
0.06241828545171376
-0.01472837402646658
0.11907003066778599
0.08605355877795103
0.06396060579221723
-0.01654175872021309
-0.07040886685838066
0.05869381507187844
0.00068109264904713
-0.16464754643066898
0.09880341522955163
-0.00387565584975571
-0.07386394986135185
0.01205555469508475
-0.00477989023128535
0.03548827526871472
-0.03554437160694483
-0.03834877451203481
0.06056449749900879
-0.02762841009380223
-0.15548958196895662
-0.08353989668684574
-0.05843289542292466
-0.06567071226666932
0.01722717447962394
0.01816198778800896
-0.03046209975166445
-0.11094763641776674
0.05931334995363630
0.16510664663354369
0.06620426130669871
0.00663713047915195
0.06472965034678341
0.08604688395569365
0.07258229073378646
-0.09021384846452385
0.05110556877663751
-0.00167265963988916
0.01837297309174004
0.03759739945968001
0.03369219307040124
0.04124444971657540
-0.00395555086664294
-0.02076136635244007
0.02169332169411306
-0.06401722844804554
-0.09421712886119199
0.03664767954191372
0.00001317021230924
-0.09081531809026216
-0.02937737618965136
-0.01554565453873395
-0.00505202562672156
0.01422677441598949
-0.02524374629576337
0.04743119690809557
0.01701635013905683
0.06578872076723336
-0.06269624730209729
-0.03737998862196692
-0.03589596145321480
-0.12245794585554230
-0.00415783083685752
-0.05742205670704344
-0.02700670266471874
0.08949967867849380
0.05830922251119256
-0.05496795068230445
0.06646419726281882
-0.04994667483591310
-0.05093498989805924
-0.04723676549867662
-0.06024871699430413
-0.03122413464726222
-0.00584176467346958
-0.02149215484959774
-0.03571568996803581
0.02509573625617105
-0.15083342145901177
0.01625263100186538
0.00642318031631904
-0.08293888493388769
0.03070462688442544
0.18221545523568311
0.00944888588660401
-0.09720873209425053
-0.07119871247491689
0.09081988887275547
0.06313483097453332
-0.04657153605807425
-0.02695617451066470
0.07336526716018452
-0.01887655776706483
-0.00423334344941761
0.04857435715466090
-0.08507433204761791
-0.00337318751448545
0.01718752023307974
-0.14243764335369016
-0.02660954948823916
0.02452702428357242
-0.00967259187885191
0.06774495108960844
0.08271964117658374
-0.08000941654107925
0.06363258332037869
-0.09933336408479974
-0.04472188490835855
-0.14901580626809199
0.11714692774648953
-0.08002289444474882
-0.00195631590099248
-0.02231666902428323
0.04419249441918532
0.09697513356185104
-0.09196753414826926
-0.04095576014543923
-0.03870862028928936
0.03632353211640053
0.03754923268564050
0.02300028707643655
0.00960079596531347
-0.07020150138181039
0.00281743963039878
0.01927938216157687
0.08049037775181736
-0.04685231302848914
0.02748678916643670
0.00715562729852227
0.01614133431919730
0.01841485593576497
-0.05918487455273663
-0.07412424465843391
-0.05040859055897334
-0.05189277350256852
-0.04422947837786452
0.07794125543209039
-0.11823346735097104
-0.00050485676522444
0.00947718455223456
-0.02319688054102441
0.03720576176593367
0.04763101322560095
-0.02145880530216235
-0.04457640061300682
0.10988470594612952
-0.02496039712464326
0.04816584144792918
0.01309726198841757
-0.09585257828088167
0.05737298029426840
-0.02453741516421164
-0.01579782706898693
-0.00996870619210698
-0.05497347247423775
0.08085727344845692
0.02790836046824964
-0.02275888512182372
-0.03109221901908595
-0.02282583867628902
0.00314187657175556
-0.00330823148608950
-0.02806530270474336
-0.07589518161172422
-0.05390069211641259
0.02633282175773660
-0.00597499925866425
0.00984514757508278
0.04991820578337764
-0.02125582786506684
-0.03107481030928820
-0.09339883167652933
-0.04034632828823528
0.06196912252843319
-0.06673094820386810
0.04682301138561613
-0.03170136081989721
-0.00012657528756153
0.07322074905240367
0.00908994276608262
0.08311380694802119
0.03645045194860190
0.00626082001944203
0.15747636952417099
-0.15665118251005039
0.03167148535009614
0.03927290909166407
-0.05718989637662750
-0.03664180914979124
-0.02079357842788176
-0.03889560894284097
-0.07478970482275654
-0.06044856564148367
0.00105126643096451
0.11200972385766608
-0.13810683766171497
-0.00836944444348098
-0.07960838711802848
-0.06659875707098890
-0.08236648569839741
-0.04036651595317449
-0.07370469735739500
0.07942954510182069
0.06398206702966025
0.12436603692174077
-0.13575297020186000
0.02023342939551376
-0.08988067569822017
0.09725447793772000
0.00261677350122784
-0.07583419984485140
-0.04283443557253400
-0.07630542850296153
0.06242270215141783
0.01988357632631685
0.00533200018622609
-0.07195054598955421
-0.01612599239620704
-0.06400232606240754
-0.02782626212429118
0.05058379116710619
-0.03373261636951114
0.04193228367597369
0.04826017370502327
-0.00685461025117765
-0.10442558211940239
-0.05177319695949709
0.10427607597232788
0.03515094809371837
-0.15687133266306688
-0.09996194206836154
0.06648754768800952
-0.02158413252309667
0.11945898685240974
-0.06241952422905381
0.10334332511876972
-0.08957309770328965
0.06048339408931896
0.01294178417666896
0.09074369282073398
-0.02446917081265133
0.00668321403786861
-0.00273640364697408
0.04652000190968716
0.00627595500232024
0.05797182804772834
0.01316247806602928
0.02618597823297849
0.01167436646641224
-0.05629808618375359
0.06385262805568392
-0.11630495091126049
-0.07125195847066203
-0.04222540539962501
-0.07133616799164229
0.00580443847924006
-0.06944306383380182
-0.05291771980703695
-0.00980885622291926
-0.03340975990147663
0.11532424109979370
0.01094226669575486
0.05348694315772404
-0.04944440667004556
-0.07427399819974692
0.01508480623298502
-0.17035707283136609
-0.03264000150403840
-0.00288403354796734
-0.10963440229667676
0.01262540023033196
-0.10597886835379666
0.04684609240457075
0.02976954302984613
-0.00701451092513325
-0.05313030370983306
0.01319082769027476
-0.04553555050275870
-0.00551039579247272
0.02015239982022171
-0.07852801833759894
-0.02721383322823889
0.00026523767188535
-0.00341297198413014
0.02525325552719578
-0.00160801687612150
-0.04555808499834800
0.02194998504800919
-0.03677431260756503
-0.02418023699414502
-0.07518293639638471
-0.01246520307444569
-0.00363277652423735
0.04488910394998857
0.17086091079484964
0.05806843532874664
0.00824058375849297
-0.03644974167259443
0.00475781156592514
0.09218226944464616
-0.08855920319645114
-0.15505738904461333
0.09644459481431078
-0.05182813842769955
0.04312836254490461
-0.03228890794589282
0.01775983562156688
0.03331495399853714
-0.11047315759001519
-0.02393646279114662
0.04776112821983777
-0.11388180879940270
0.01230551382750129
-0.05534268485668808
0.02484240643387210
-0.02861161986018402
0.17513183998905024
0.04628903713735508
0.00521344634552155
-0.02358684976545384
0.00367585595525649
-0.08007716830705350
-0.16371757454761648
0.04344168727309294
-0.05826165729696462
-0.04139992513845515
0.06601241807306006
0.03746644691318649
-0.05293911449476207
-0.00369585970467108
-0.00119770387035413
-0.06625076783877497
-0.00180377488928652
0.00608997788077331
-0.12089041063706442
-0.05107371348239041
-0.02663529288861536
-0.02690508468552858
0.01264790903001602
0.06396832474797519
0.02779520292153998
-0.04269181407121236
-0.04725008928715618
0.01777866168810538
-0.13429276336038595
0.03178431244942055
0.04259827107102862
0.03386800206315656
0.04302140930338216
-0.02950334408896767
-0.09331658937766220
-0.09862907116588435
0.00374248010267681
-0.00076132310658127
-0.06900900762563932
-0.03877244990633772
0.03048025376396105
0.03955158175687113
0.04853776987740345
0.01442250626980975
-0.02844065748014508
-0.11090217198396971
-0.03110364263866028
0.03873077326494262
0.01399266201657777
0.15897661521235459
0.03797560615979296
-0.03326339486288074
0.03389794608121430
0.05506036792682123
-0.02266367840821331
-0.04109225786789364
0.08216969529254964
0.05393552381370226
0.01622397336672110
-0.00767452894847274
-0.03498712158994070
0.05566699613800809
0.03922960655348422
0.00872120631935492
-0.07479449522556914
-0.04385619517362242
0.03273368361179892
-0.01223315395834351
-0.06049539438494168
0.06796621230377269
0.06261492648149238
-0.05822669484186063
0.08809537830485166
-0.09400475143293593
-0.01139609894754259
-0.03427662722022484
0.00971570892042989
0.05242771806492811
-0.08766352279329229
0.01059974905285822
0.15588024081526977
-0.00320784738421587
0.01185963116254736
-0.09527480840663946
0.10862728138178494
-0.04194215331657954
-0.00767490122919291
0.11337702209280018
-0.11146145643532117
0.00881908249692385
-0.00043704005247777
0.05386643314512470
0.04581780478433516
-0.08942712294384457
0.12282677608615426
0.05261879150638755
0.00370677575682875
-0.00577725480552870
-0.13422093494166204
0.09255029374565817
0.05066821400916378
-0.06102348673927481
0.06003129202260873
-0.00659920707077611
-0.02858834795100475
-0.01520602461908780
-0.00403757301271246
0.04094069510747404
-0.04871091569367061
-0.08528147764017596
-0.06198469898291476
0.07270822048352008
-0.06399391088886652
0.01117742980443464
-0.06857130177613613
0.11416924256292900
-0.03012083123107231
-0.02777587435467752
0.00627237437522631
-0.05447419500711986
-0.07838325653985424
0.09354029968935977
-0.03003923108936282
-0.00911641742580060
0.09920323167227986
0.15050666144715655
0.07320831506352810
-0.02551964542493183
-0.16672100489702224
0.04660781358054020
-0.00786391661913471
-0.06495169441296843
-0.04489288534389050
0.02090047883103833
0.11169062251655823
-0.02409902355951322
-0.04474529915907530
-0.05424187698649464
-0.15760535645365509
0.02348529008658369
-0.00375645277680761
-0.02611255037540927
0.03719508805943833
0.09639951104193691
-0.10470133495886610
0.12844217019548701
-0.03090756816177017
0.03704078429439791
0.01462088088656865
0.05206579896576025
-0.06081224492282020
-0.02689129583631317
0.02071839733269813
0.00499924576443975
-0.07830286673807375
0.04031004284018047
0.01222389221093399
-0.01831700633640161
0.06892561546170739
-0.00407480334792278
0.03726217182014738
0.05644688008965561
0.02878897709795451
0.00958649765148644
-0.03887568362654325
-0.06980272510635065
0.03118134906793219
0.07420876604311358
0.00750060304358161
0.04874303499072711
0.00034801645111231
0.08691477521675835
-0.09807818823844151
-0.04668157508210510
0.05155371449301673
-0.02846157335346144
0.12094945593466690
0.10317501108554177
0.00804543548661059
0.05704178592357385
0.06068687665351385
-0.00947754631489019
-0.02753529585996653
-0.01791880185023485
0.00266511367996753
0.00154683585751669
0.04072805196248869
0.00267509657008331
-0.03920100712028027
0.00589069647845170
-0.04208794060909799
0.02461915735868959
0.03040049948920586
-0.01063984188714871
-0.00682682808493601
-0.07858311792357961
-0.07961360762040334
-0.12532958375367492
-0.00506930373633800
-0.06352034554049565
0.16423328300386889
0.03377876687728233
0.06996370903232556
-0.03282163943416112
-0.02084862829851663
-0.02982747330616576
-0.00900123919849971
-0.09717125365959058
0.01617378017271107
0.01416004393795441
-0.01709767879732857
0.02948154942923653
-0.00299445389410697
0.05861527141843912
-0.09666936447352546
-0.08555567488106448
0.04413908143046758
0.03053750554802167
-0.00465306451313775
-0.05176462582426493
0.02475757130112862
-0.02007416009861662
0.05551438387890123
-0.02954530307087507
0.09133463279894508
0.03544019972948596
-0.00133689143699833
-0.04538201609027748
-0.00551782926199607
-0.07201355531876637
0.06887858779037906
0.02487425563972265
-0.05862481430757882
0.00989375494138196
0.02353237939493022
0.01107404725822852
-0.07847515368575046
-0.00997086471074675
-0.06400730706627909
0.09192950180094064
0.03183378525065610
-0.09254002058188819
0.14510765224588185
-0.05654683930224667
-0.01130843529789547
0.00878060338143678
0.03496825740626251
0.01678818421534163
-0.07016647546287169
-0.07850330829445434
0.02755465655022930
0.00221560816172974
0.06345041590440807
-0.01214297337734978
-0.02123380426290331
-0.04326283298053231
0.03384681892687678
0.03345419627464050
0.00573537788594640
-0.10113672494957843
0.00511181329223133
0.10855468075926693
0.09056108140146818
0.00793323328957016
-0.04652879704959809
-0.04174682342432714
0.09174793849795565
0.06023321167878568
0.06950356602919074
0.06558329494287242
-0.01651973295745504
0.00843418258423260
0.11125998380589289
0.06887082136080490
0.00132302822625729
-0.01748135087904317
0.03751272706819684
0.04280864974920318
-0.00693365359403519
-0.09319285323696984
0.03002090808136949
-0.14499802516993787
0.08005393886173501
0.10802423707318135
0.01402528158952143
-0.01383077340708727
-0.03491033990401778
0.12159575161022805
-0.00710439681516711
0.03875641754071533
-0.01927757729257844
0.11016552937177784
0.08140741505288081
-0.05021829070518712
0.11936662902377207
-0.02360737864094971
0.07820982651524687
0.04460869416030151
0.03538846236157518
0.07154072350843843
-0.08426344457018362
0.02177778376301857
-0.04258258941929951
-0.10200326898251330
-0.01105801723607265
0.09754754025451419
0.02161990827381770
0.02238692192666207
0.00830927875242766
-0.00077072766443961
-0.10959090805405750
0.04745462896434732
-0.03827310606145144
-0.11775443084152930
0.00416244717551868
0.05898390125945568
0.14400955618143405
-0.00921712817204145
-0.05044445024881269
-0.06083169509587065
0.08006613312860163
0.04832097204488568
0.02924781432378545
0.09137008395765051
0.02071041670049053
0.03053632544514763
0.02365762286655913
0.03780943588582353
0.12633320803968770
0.00664957962577127
-0.00876658473286402
0.02084238046346840
0.11003546500844880
-0.04362377899715676
-0.05583942847715265
-0.04079334554290333
0.05352900131337660
-0.01705510361976372
0.01735305655721044
0.03680977023557325
0.06050418039739779
0.03993116041330854
0.04508545411869701
-0.00542629128164196
-0.06568877956439079
0.08502919431360119
-0.00699994175209890
-0.01154498107784214
0.09243606164303267
0.10829829311587892
0.00203234963849540
-0.04728792706980943
0.08785601636423236
0.06844895078035503
-0.02666074798569959
-0.03914029142642646
-0.00134749367224301
-0.09662759808277972
-0.01076232627358518
0.02281244388713368
-0.01959131497255374
-0.00528494774119369
0.01276543343885702
-0.10372325227923131
-0.00092066719050391
-0.00143043799242769
0.00084854867675507
-0.09709196874221528
0.02352661401095911
-0.02375511334942184
-0.04100938480951011
0.05570912663348176
0.06590430414065122
0.07878702895967993
0.02879555777124521
0.04116472944842486
0.08088681294028940
0.04985556404289404
-0.11248964083363593
0.01202515197580861
0.06025240081132325
0.04637806953358006
0.01917704495546005
0.01958597499800604
-0.06451140235269022
0.10754860317563937
-0.03929675780444566
-0.02370743328687369
-0.03171305426667254
0.06086493421923905
0.11333079936998552
0.01500653373938177
0.09143765167473571
0.08882656610465635
0.02603123930799026
-0.11663083890899600
0.01712511312783850
0.07176093960483772
-0.01045204244469725
0.02280203923621608
0.02949188931632307
0.00058737381853845
0.02639750768691127
0.02082519795936423
-0.05279979998328089
-0.10627474599879162
-0.11125026809628975
-0.06068408699923541
-0.04000551756411057
0.06597682942629320
0.09693422133957745
-0.04440001587234407
-0.09209020919590677
0.18275758421791338
0.00672697415820818
-0.03807533450401087
-0.07596179966205499
0.05980558405070647
0.03770026399855717
0.07903672985256058
0.01406474237410168
-0.17154413778776595
0.02347334200240728
-0.05582711269957570
-0.12635750308720747
0.00041027119378695
0.07276840069580269
0.04973170787571388
0.01108056891967350
-0.12005585611768915
0.01617575484742445
0.07330099314540191
-0.02401114986884531
-0.04232235807689982
0.01677399858260918
0.10156204018692888
-0.00853988121860246
-0.00389375147920033
-0.02538176766179604
0.03336691581767262
0.01868675535742409
0.15052903306210688
0.05718567669075598
0.12905692197811997
0.00477421372286445
0.00452043062300992
-0.06428077505163070
-0.07322028217909200
0.05427042302933432
-0.02325356555930942
0.00478127405806036
-0.01023998526617883
-0.00857658936718052
-0.01145954507268379
-0.02882816220638543
-0.04315601440736464
0.02067854949714334
0.03554778073662132
0.01986655541410947
0.06106745329620875
0.05298677278930752
0.03992653042316325
0.01912312712600403
-0.08844731913398300
-0.05431779072378416
-0.07944826269986453
-0.05064302676861661
0.01550290215815404
0.09662751681832114
-0.00118082235873673
0.12108493640901152
-0.02248347743695017
0.01950063269995159
0.04078921594902091
0.07311309647074797
-0.03166744479779550
-0.01571399677161446
0.04688919472996410
-0.06521546177072672
0.03033128694306277
0.07946808139301216
0.04939645797987524
-0.00086582661004579
-0.00920320049192079
0.03982038425087694
0.05183065407187848
0.00427779616224019
-0.00501347066834919
0.03801385318252860
0.01228184886154779
-0.06783986035514646
0.07464324775444561
0.03025299951255116
0.01131098351576756
-0.01796275167358812
-0.04462960482188828
-0.05650430971629645
0.03834815017479801
0.04098251291706786
0.10290779078426604
0.05736454995212051
-0.00623632736934797
-0.01764129784230623
-0.02922361094260405
-0.02866724633478013
-0.02375270175697628
0.10705805105487806
0.06981236869812621
-0.05230979782673593
-0.04855807070767218
0.11931197881527023
-0.03529471348677208
0.02213586373063837
-0.07324796231333529
-0.01369348617752473
0.04863957624084236
0.06659025861819060
-0.07776345060141861
0.03025642067369912
0.02544549015637131
0.04275621461164873
-0.05623625115948953
0.02064312156758343
-0.04713901016234809
0.08840820580254923
0.08051226262197028
-0.10910998384399839
-0.05128791209343391
0.02476813836228205
0.07072431728140163
-0.05769392006841276
-0.12080438711905668
-0.05305968555119631
-0.01218928928494665
0.11240469730067232
0.09619579978730841
0.07854838087615863
-0.04098827105244191
-0.00800023694449441
0.06695946450138739
-0.00842316493821693
0.02433878520485793
0.00863113745625665
0.07222337761249789
0.07813893006081418
0.04743155655537586
0.01971682210662746
0.05707264678369992
0.02075500404953623
0.02657005446821619
-0.03173325439326177
-0.07938705359369978
0.01671450872331369
0.06105290694222625
-0.07865501321981309
-0.01186492430908638
-0.04379531700812180
0.03499618793134049
0.05533430593850338
-0.03162883050231003
0.00373041278158080
0.00516139041834842
0.01390259675178603
-0.04944052787312364
-0.05628424286364721
0.03964626238481423
0.03478180636426601
-0.08360796039769672
-0.04167559259015650
-0.09293247782176996
0.08672006273147756
-0.08767963793158465
0.07481711908952297
-0.07370118848513250
-0.12171746522373034
-0.02889960140987391
-0.08578248262302771
-0.00092828705553267
-0.00428088645172955
-0.04736686687890648
-0.08750140288644306
0.03626524630223271
-0.05530030637345239
-0.06166954393942894
-0.03096763420329709
0.04614295597158276
-0.07751553403561195
0.01673857269972455
-0.10218599557996255
-0.00923978304322795
0.04693971567154530
0.01636339251167232
-0.04672167165038455
-0.03559425602259217
0.12779903802183581
0.05248365187929236
-0.06635541106766284
0.00157321968777551
0.00772498607077367
-0.04986792091835997
-0.04091738815661879
-0.04333967433916378
-0.06890913639987885
0.00515134883460793
-0.06687754346724352
0.01011057434530321
-0.01874339078295873
-0.04932700216627534
0.07653341131076864
-0.02649683743390371
0.04705433248783458
0.04544400106979077
0.05499656543374185
0.14013231952997390
-0.05614410624830012
-0.02102390892658133
0.01994894956087536
-0.05283041253819866
0.00162175877756981
0.07241071684043612
0.05793498961507317
0.01133801202447209
0.11899302061633475
-0.03837192445135974
0.01173974101732912
0.04355019113639901
-0.00735498825376950
0.12860201443156211
-0.02719407984654671
0.01861440343519156
-0.03948359742214150
-0.00098186596643702
0.01539587641589168
-0.10000291531944501
0.00518342900442874
-0.03193188132113686
0.08871113495769804
-0.03021879353052620
0.01882411129277529
-0.11110979130422036
-0.04405489298473284
-0.03360925456792777
0.04267385990060493
-0.12546767731028216
-0.02920564233859226
0.10751558631329346
0.03461118711469993
0.08073987356898887
-0.04663062752516021
0.02356838150560310
-0.05711800360610218
-0.00794867235500079
0.03611603577249474
0.09734852920344202
-0.01773508226374741
-0.10414993540103683
-0.06057236930946290
-0.05025999691351580
0.03857206521615383
0.09055988612330963
0.10573852024508756
0.06672794931061557
-0.01412126824233934
-0.02732722054970520
0.02862619514028922
-0.01817442296421642
-0.03842031313124041
-0.00512907991856778
-0.03436675407580450
-0.02496172353308654
0.00231175703784759
-0.00401924496124674
-0.04819135093895756
-0.09353544709777431
-0.05588068065445900
0.03326567892850486
-0.08273292954582011
-0.02849406570961907
0.01004311759551267
0.05501494385199481
0.02558804121571830
0.09594564663606804
-0.04077181408662427
-0.02121524342976676
0.14532447229384868
-0.01111632590714770
0.03198970943900734
0.03033156130431453
-0.01140393864922257
-0.05334972561223051
-0.16400850716637164
0.01434357651843616
-0.01210400548771770
0.06012355214246009
0.01623530919374724
-0.03777919184007270
-0.02617346597841554
-0.01446541859761489
-0.10251563206964830
-0.00711603789364889
0.01360877941253308
-0.01234895218902127
0.04015821799103091
-0.08564412609564716
-0.12158054418542588
0.08544191290907249
-0.12012306764944423
-0.10438421543371998
0.09649745132689548
-0.03385238936107784
-0.00226483038495594
0.10299043134356164
-0.04526793019343637
-0.01959758240274374
0.08435120199600873
0.11306540801758312
-0.08707142794203597
0.00983269368070919
0.02247551605574968
0.06772167084691418
-0.00789042986882568
0.02066047519115342
-0.00017907246188069
-0.02526308592789970
-0.04646601978606218
0.09308712978809476
-0.09818771435408424
-0.10319371914669589
-0.03288078700255987
0.04184795653751808
-0.06207601388038692
0.08010928066413363
-0.13904534850596525
-0.05375648608771152
-0.01261476663800116
0.04261877613987768
-0.02913751477230946
0.09933863512290558
-0.01485121000660321
0.05375486871325046
-0.16076435617716775
-0.08105460806151976
0.01503565908163167
0.04503205220841520
-0.02178934271657181
-0.03339727065071955
-0.00877282445029933
0.00196765651542178
-0.02669521222832047
0.00240082955225183
0.02777382074523535
0.02879009611278915
-0.03975145773677025
-0.06478596651198736
0.09513368399507874
-0.04380824876912351
-0.07266492481911881
-0.18034798529949669
-0.09755211622915033
0.00744194369068303
0.01177686583692308
0.11998094596919508
-0.07248423550399453
0.00853569035224251
0.03120595978491023
-0.01229289832427388
-0.13905600476295693
0.08888636089170311
-0.02636526609765071
0.09198840152981316
-0.06100687533298792
-0.04135432866107738
0.13847243860831127
-0.03932941350805290
-0.07084013099972271
-0.03188258655224963
0.07295205454901590
-0.00761463371671322
-0.04664146930352765
-0.01497729322005045
-0.01779562589035271
0.08144976303084819
0.03425113869040322
-0.09168954401516935
-0.03802901991299848
-0.02489934329480089
-0.11773051084045456
-0.08908285842887283
0.02256772186924321
-0.05094966561250330
-0.04047079873520588
0.07275998713535567
-0.01630831852967418
0.05864005376941496
-0.00543619342943570
-0.00223874181997083
-0.07681941849143255
-0.08811264923749848
-0.04241777014387903
-0.05557764553055911
-0.00353395029503011
0.02248454725019158
-0.15706472429125284
0.01169576679052808
0.03261764588174797
-0.01487980761199685
0.06854493917054869
0.03338024600414579
-0.05250198876691004
-0.01975518071689805
0.07338135570703283
0.04235081946138360
-0.05880278327513026
-0.07615222552277257
-0.08502603885029328
0.03876609951346068
-0.00240326843992051
-0.03614776614188590
-0.03719312505630679
0.01819434459911428
0.01586058306263172
0.06359481759179778
-0.11889287813492308
-0.04768194372621951
-0.03231234344228284
-0.01883049919328492
-0.00541542217603991
-0.00395375903362223
-0.13443393713866808
0.06345888423311313
-0.05660622910308756
-0.07578132441299139
-0.01152792180654858
0.02574374404881870
-0.15442458109607263
-0.05958963107890338
0.07304616869335866
-0.00851905558705953
0.07769879701361489
0.05733936354268881
-0.05141414906691236
0.07493917432534965
0.02323625007101153
-0.05848780671035599
0.01346414484318269
-0.13780974811436689
-0.01154104812099245
-0.00005728502191989
0.09028183408586947
-0.06591463207896575
-0.01971837980893804
-0.06845438445837768
0.01302086786591175
0.01541055415552909
-0.10723109325068987
-0.09946260952516733
-0.02812396604567812
0.10767236421289936
-0.03874250234310110
-0.01200740683321587
-0.01584791986867535
0.13925809424380695
-0.05944338202052668
0.08857206783246981
0.16491768401551221
-0.01275022639570151
0.05847784797176467
-0.00856891964234890
-0.10079174264435103
0.06933511905226224
0.00015347410237172
0.02023105051771755
-0.03159205945516667
0.03708718454187677
0.01655552934019052
-0.17420095247247888
-0.03154357756347405
-0.05579472561609292
0.00974785823089807
-0.01773131990401281
0.03189524861992739
-0.07421078571050131
-0.10922022390775643
-0.00110263900378180
0.04960110614962486
-0.00652667955598748
-0.04421636681035718
0.02920733763144777
0.08338896955945560
-0.00931922233276612
0.07471093286020437
-0.02832530072358577
-0.04358610705137461
0.10151847256222665
0.00703526662492731
-0.05451137505337082
0.08635625969592291
-0.04305376724736212
0.01997925772709822
-0.06700025723095249
0.01941988393685665
-0.08187814199650599
-0.02740536686781010
-0.02710201237470034
0.01615831395992528
-0.02214343382863644
-0.02932369239892496
0.08979640878406467
-0.02398794497080349
-0.07583385573386334
0.09542434444538259
-0.04358179462063492
0.04908529526874204
-0.09868108876915266
0.08128884834002108
0.08735755170842810
-0.08040503125225917
0.00514466699911255
0.00237865295376110
0.03384148439707935
-0.01971496470477319
0.03422581621111823
0.00536281396971585
-0.09535153888415686
0.07908685413605747
-0.05395577475546714
0.00902716012931757
-0.02728179478210005
-0.04731061543341150
0.11183566779216005
-0.05314339919765198
0.08182271487237316
-0.02605421397151598
-0.01307941568746700
-0.03735144045581792
0.06622165587269674
-0.02397353237636563
-0.05951927056450974
-0.07460413099096372
-0.03048216336016707
0.06893557368265223
-0.08599609678263616
0.02429602263255536
-0.02846623319235372
-0.03078462377909692
0.03081598768450141
-0.09499478787618670
-0.16735028248190173
0.03445199246763901
-0.00263694643366950
-0.01571030088781090
-0.01033509125941957
-0.02282445947173504
-0.02745673728823090
0.01118520549552240
0.06228352783336259
0.01902472170082145
-0.02958305939483438
0.06895016788388164
-0.09772214299934234
-0.01218755154500304
0.00574608293049223
0.02321230629376779
-0.01449970421138896
0.08926583761542831
-0.07131278262689029
-0.03111656258921213
0.09180028821769758
0.04755388433253554
-0.00391767673417106
0.03110052941663651
0.02354762185018056
0.03389042867735149
0.01341514018490617
-0.04147944286121947
-0.16474616762671701
0.11787054071695885
-0.02193843018761840
-0.08901672170636755
-0.08526382463751350
0.01839842176199028
-0.05082180258971475
-0.04865978121881527
-0.05968119331132466
-0.01606305824150753
-0.00821692353185853
-0.06282105166531976
-0.03306654253956947
-0.00316631065080029
-0.04824435860854111
0.03387922099381199
-0.02727861381429150
0.01889601287759602
-0.05106159825677233
0.00363282003730111
-0.03562862044882482
0.15301524668391736
0.04906465478004927
-0.03106238217799269
0.04197046562068722
-0.04043547316124128
-0.00137112592798581
0.07374490729229767
-0.00138089000687712
0.00158043795895284
0.00510910707568094
-0.03041507287209029
0.06029191877541907
0.02704830502544770
0.07334063050956871
0.02071243841301479
-0.01670505902886864
0.04330772584555884
-0.06941472332003107
-0.04953413042635407
0.02795380962669056
0.04031368527061473
-0.02721886920711625
-0.03689972778860551
-0.00165206437309360
-0.05247325733185210
-0.01565498910163099
0.11956475894297580
-0.05688743257087129
0.00887956214675635
0.05656023884943914
-0.04563205799980689
0.14251602787460285
-0.06522279971332914
-0.07433162573716180
-0.10250230518297528
0.01057206698901167
-0.07559996016226797
0.03179646598698747
0.01103445949673384
-0.05089231843829464
-0.07625869747815041
-0.10707635900629320
0.00543181786000054
0.01191001677665901
-0.03192572910950676
-0.12875998335274871
-0.01503456275911150
-0.05648521417313550
-0.03542622333173235
-0.02729303078219412
-0.03718242335225160
0.06684646154960218
0.07078102360835535
0.01023848872585912
0.00154191656178768
-0.06332736435356177
0.16626571089356385
0.04453169581670103
0.00798314838642627
0.05322884225316823
-0.00757062103623789
0.05598755356401001
0.12419420323809650
-0.03157806996960064
-0.08195965147626792
0.05205446861589993
0.06455317472343798
0.02415984657225901
-0.08416507742532822
0.04795392929869032
-0.07294249898549091
-0.09337764884199738
-0.06527322565745949
-0.06213729286335797
0.13733241081356845
-0.00854576209465852
0.02396778197398025
0.11944369982592629
-0.02045921008175852
-0.03186636033060049
-0.01894101990660160
-0.10149680541691310
0.03209519590986661
0.01116716147632606
0.00828607530014268
-0.05158135621852706
-0.04634161978421970
-0.01264196139299521
0.03842860436132059
0.00942867862801260
0.05100936655353804
-0.03711630758718586
0.06230898330276926
0.03510235534982593
0.01199106915252268
0.02019213854143487
-0.02374893522145364
0.05399331556881033
0.01213306798788148
0.02032693987267124
-0.07374515983106145
0.01147465981541875
0.06130581626842797
-0.03910804056990473
-0.16420511461719325
0.04786610515317690
-0.09110220284885823
0.00193621217733437
-0.00976705326296503
0.02417815977359013
0.08194286039104993
-0.08613530001522125
-0.06732216326346062
-0.02102117448330853
0.06431468165542861
-0.01953088323924079
-0.01274120526931753
0.03345225308863572
-0.05433008853542127
-0.00365040281731347
0.04820034501781763
0.04548528556060112
-0.09363120525559716
0.07151052470729043
-0.08364737269791649
0.04710847010404064
-0.05347861250610781
-0.05048775379685583
-0.05891125477376383
0.12315707730930060
0.02199431758131918
-0.05123776480225277
0.12097752517729171
0.02448684370401135
-0.02123196199422931
-0.00312432308160714
0.02087616663170083
-0.01211775026808078
-0.08207648422013025
-0.01825339562468085
-0.17051983645986446
-0.07156229407631735
-0.01356309445685686
0.00904678151830204
0.06012339089407406
-0.16778999510294390
0.00108702124449274
-0.04751318360417343
0.04353596682474434
0.04162374603315516
-0.13879376105809016
-0.05856477207316293
-0.12394891096258148
0.13460607277798906
0.01400538589850987
0.03272749352591215
-0.06520293267106950
-0.07262401602557467
0.07383265011676581
0.12400891810926912
-0.09496720205863672
-0.03393868303374080
0.05948686306457539
-0.03597404191397757
-0.05201053905308562
0.07788351515240531
0.04467536432271182
0.08200829528079959
0.04504317177537173
0.02106217847947398
-0.12507444016102182
0.03021660301169907
-0.01383872733706261
0.07559435465898051
0.02509606667514578
-0.06351653124357072
0.04445304554994620
0.08653458958957493
-0.04703191925630907
0.02554613838803636
-0.06175770699772649
0.01690252238587497
-0.00538339114765790
-0.10522708509437137
-0.08090871052444282
-0.02007367118500610
-0.03380236952308219
0.03958195132501239
-0.13999414150174572
-0.02690467391420389
-0.02954152767955428
-0.07315545736206792
0.03713901913165058
0.03136858220896218
0.01902066801774772
-0.02793587503709892
0.03172641909297383
-0.04799981574138953
0.04350171857843814
0.01476831733078453
-0.01793097432547925
-0.01715887988756810
0.04812706423290455
0.00387869812509576
-0.02328935262378384
0.00776482210588813
-0.01105609173811176
-0.08433854227740278
0.16719471740916148
0.02592630624032713
-0.13248836803610162
-0.00694162957887548
-0.02622320120876108
0.05617396871226719
-0.02356669555138142
0.06145206370056639
0.01118307489198401
0.05637352183001480
0.03220977181606111
-0.12104203918244937
0.04743335024956917
0.02458099277908598
-0.00371101095812827
0.07137885067949978
0.03435821447792825
0.00132536186424723
-0.15164256947057653
0.01078675972170610
-0.02029644587152683
0.06720727629266744
0.00868672382400985
-0.04842993680062050
0.00489268562022039
0.02772661206140536
0.12459696346861276
0.10423243138169584
0.00673990065790861
-0.10595116946038595
0.00019225957899689
-0.07525884321159720
-0.00850869873056715
-0.16304537378113626
0.09844767821477855
0.04531800174413621
0.25212724361850070
-0.00198555495388904
-0.00238066936933690
-0.06299642683140316
0.05073101828832902
-0.06306206729863066
0.15254931225304469
-0.00408968422433639
-0.00463714450811621
0.04818067246099472
0.04175153741289113
0.07691484048205770
-0.02638316261588832
-0.06162007534272980
-0.01430730390352402
-0.01307485699625476
-0.02253359926261411
0.10110652261212648
-0.00969036075247002
0.05147607479086429
-0.00699831734147601
0.06688331266581167
0.00695391226125969
-0.11402289863092577
-0.02713197280784645
0.01310876857361193
-0.04891817459262344
-0.12168060941585203
0.06621801225168172
-0.00681716178033580
-0.02219906344072421
-0.06998791929512851
0.05678406242414523
-0.06949686256691383
-0.03977391094140563
-0.11993275760185951
-0.03293033166210269
-0.07902735714414393
0.03006105801008369
-0.00805126244669478
0.03345292144555731
-0.04983431541286334
-0.01262827180142549
-0.05549729443032621
-0.02519525641465007
-0.03255002798685919
-0.04807554275391925
-0.14101558400063047
0.02555952497746003
-0.10161919255801020
0.11719633915039593
0.05586454060967439
-0.07160816906185156
-0.05820536804751165
-0.03657438208052482
0.01954317557415275
-0.06238296257495160
-0.00537516006696400
-0.01203495006686082
-0.07126376471886717
0.03540329624692583
-0.03777777429286817
0.14596144879625228
0.00028653310404838
-0.05441122809669859
0.02786478370563531
-0.10446158381540596
0.03968732057159154
0.02433487017825700
0.00094196512360232
-0.12610185388298600
0.08271074363434482
0.06808004977566387
0.01180458545616286
-0.07587661738427640
0.02011968147069430
-0.07291314471855657
0.04311065048495191
-0.05628013890967093
0.10757357743937468
0.01958014036644997
0.06024479454692833
-0.01418680986763800
0.02769038592744323
0.05820889503798198
0.03325734906315067
0.10454186713574912
-0.03112474073158052
-0.08309841611963140
0.03134212920664804
0.08854776676431245
-0.00055863662679308
-0.00689713844583793
0.01645747385991214
-0.01989674198535234
0.02411143169873425
0.00399159029219761
0.05852384370911502
-0.02477899893858250
0.00897741447216902
-0.07042625501049754
0.05886888375709440
0.04846329308953463
-0.03554051915206149
0.02637336825819147
-0.02898176968688210
-0.02979510975404650
0.08402960577602876
-0.00457184419265059
-0.00671563572540018
-0.01501732098263460
0.01742024476905961
0.05979172722147664
0.02749962912191870
-0.11205105157814337
-0.01532446427938302
0.02568048575331896
-0.01502404561599122
-0.02118101804164018
0.01084525655962798
0.06314628727211501
-0.05169821185327816
0.02987945651881015
-0.00361973070523989
-0.11406945116042227
0.07684347238599781
0.01889135783455388
0.07001769144620772
0.05545575165135384
0.00287604171578573
0.02499613265811506
-0.06037456058416076
0.03865055515532368
-0.08028268590892502
-0.05796538069437521
0.05889175731863007
-0.04945991015627878
-0.03758018306312330
0.01337921709444194
-0.03440568612984028
0.01484305234721827
0.01523920917592670
0.00186287592433433
0.05105995293639517
0.04789046503099501
-0.14530511388198736
-0.02743050603779595
-0.10480387165649731
0.08783472961237203
-0.02063627855492918
-0.01161879421758973
0.04238484586927036
0.16507607856885045
-0.11564079629819973
-0.01371788510732211
0.06761368462249424
-0.05403401986079330
-0.10218869701890285
0.01911948029777592
0.06923330750465553
0.05492429014261043
-0.03284905227542774
0.03867227365522626
0.07269774022319507
-0.05864668248755536
-0.01908312812931359
0.00900078709154492
0.08526597489118166
-0.09239190541850693
-0.01341827569532001
0.05898709160381482
-0.03271068425046911
-0.00387038823526411
0.02472906846867496
0.07303703243599675
-0.04707604594487808
-0.01844192145068898
0.05995349042292772
-0.07294094404529869
0.00295172357836679
0.00137654154039088
-0.03993982045814948
-0.04751989448008036
0.04328765714485571
-0.03384139299940280
-0.13746391086567333
0.04228476666114909
-0.03256759590900402
0.00827143566590054
0.01718815054851488
0.12162450688818642
-0.01744220048062487
-0.00169904660536363
0.04485076517703204
-0.03388043222259319
0.02055643894900864
-0.02065577534212065
0.03540606758918510
-0.04574616509103246
-0.01077713309507907
-0.09740408441961571
0.09738014811037861
0.06489993029239560
-0.01556296920386436
-0.01015357901256160
-0.06536358148880790
0.03236128832698257
0.11833052762451875
0.01455338379082536
0.01527681141886502
-0.02686846816671365
0.03815539083241930
0.00090841507473625
0.13942567267754621
0.03501188605543001
-0.03636329098041172
-0.04413107201656211
-0.00642911147538703
0.01911645493252024
-0.01202725561740834
-0.07206500737618857
-0.05353310344632017
0.00531579745290910
0.04185808603532460
-0.02044418230211395
-0.03545224297740887
-0.06646702085280845
-0.13104801163674157
0.02437435511729554
-0.17773104115876656
0.00401253667333271
-0.01729576185062588
0.00054068821635721
0.02147806192484780
-0.06410202875708386
0.01993655941551040
0.05927289420441507
-0.02885332550962824
0.01218471404679817
-0.00709164036991333
-0.04313065127319659
0.01778123411154204
0.04289450086519039
0.02000296980591451
-0.09005188579143129
-0.02568183554184864
0.02426510927564191
0.08190266228419402
-0.07585358679471584
0.00112343100683882
0.00258554450004299
-0.03770829642442478
-0.04204347538228236
-0.03155897559688863
-0.04400344611439155
0.04833171019363915
0.00562543689880514
-0.01877017778120482
-0.01251399503251356
-0.00734135780340077
-0.02459337175248618
0.10903497869602986
-0.01234912540843519
0.01213946100528353
0.03748072292220257
-0.05950922065018804
0.00998162748234274
-0.01534396140377368
0.04884753894196502
-0.02632331940351796
-0.01685376728499803
0.03247820949895582
-0.01217077312354731
-0.03066869964688434
0.02740205690500224
0.02497970753049438
-0.04742955634177432
0.03896658119692418
0.03765769100586236
0.04835579621846329
0.00166058894336829
-0.03573957466431783
0.01469682166414122
0.09072270591271664
-0.03850065568334526
0.03675040101381315
-0.01141178255564740
-0.08823258835448872
0.06613663085294255
0.03012385714535609
-0.00100909594056887
-0.00802135545622485
0.09798997839835386
-0.02096146115668668
-0.00960280768839833
0.05257223112934260
-0.01970284691408926
0.10654256674626704
0.10878775925191084
-0.02709797332749272
0.05309281169120866
-0.04150553679967608
-0.02436193363518189
0.01873529351345258
-0.04146846312467776
0.02232190839084580
-0.01226253384536122
0.13089365168469672
0.05491360528284780
0.08088999444862480
0.05324532242660677
0.01905257502439947
-0.02921857286618093
-0.00898529269922907
-0.04469272504811291
0.01364679348687699
0.02968260390743278
-0.01877286033021860
0.04366893521617866
-0.02972887328226213
0.00381940703101806
0.00862889938387450
0.01984056953133410
-0.03781321113032972
-0.15174223732969774
0.07455374615246670
0.05530414535309489
-0.07735523811539508
0.06865342001523582
-0.12468989537581188
0.03616065425476900
0.01345173219686694
0.03409970474284901
0.08921281923881075
0.08274573013177527
-0.06037447910260128
-0.03149561424105597
0.06194922833087755
0.01339630696571416
0.06101603434338059
0.06024430205100006
-0.02753650291701975
-0.03034523385545720
-0.03464653325787821
0.07607492675207599
-0.03098319509488377
-0.03082267585910552
0.02069495307698616
-0.08466560450032512
0.02300072614343540
0.00555250592830189
-0.05278897519231030
0.04451952938195205
0.00384709225695233
0.05544243409408036
0.05684079256111903
0.11180693818105535
-0.08823338964458348
0.00460867523895631
-0.01286556459449565
0.03931292900556480
0.03877232401273623
0.07220788132493834
0.00246532160410693
-0.09957750779189575
-0.02728667361588342
0.04944737073711158
0.02914335196805868
0.03100517979922067
-0.05984450004929556
-0.05179848435896268
0.02863700440403602
-0.07356317210884082
-0.07821938579596270
-0.08231073051197646
-0.02154187920072474
0.00919638082788133
-0.12954938277240635
-0.02720664387386997
-0.10740051157248423
-0.04979083119681744
0.02739838974648386
0.09424922474797273
-0.03864126549568208
-0.09884509327610348
-0.00265432842954863
-0.08959960055987888
-0.08286504787537220
0.02493688994404632
-0.00026352355069396
0.01148167810569405
-0.09208487818576913
-0.10642294418329772
0.07210606610898675
0.01016503089996134
0.06292373438855062
-0.03163660193541076
0.08187289880893635
0.03388347241843825
-0.05505245536798900
-0.04760142809640710
-0.11593115210341878
-0.10946323665018771
0.02273052806270520
-0.06244616654676406
0.00237898996916317
-0.05677910314385197
-0.03864898471772702
-0.04235577828633288
0.02344106555572770
-0.00380697674341883
0.03003876780243893
-0.07200615378378686
0.12253110649857059
0.07555842410327360
0.02564005686423470
0.03699930076350444
0.02888037359780979
0.03370805406109730
-0.02449201332058588
0.00499726010433696
-0.15384070736916713
-0.10374886154400778
-0.06363373260433239
0.02449849478623467
-0.01787788852359610
-0.09215711032808099
-0.04855312404121284
-0.05185451487571687
-0.04899303080329075
0.11301475027175549
-0.03630686857433330
-0.05520907921610579
-0.11540428774934601
0.03364621253596852
0.04872250964991255
-0.10910893287270891
0.09645869837315409
-0.00781363438146011
0.01747757699772348
0.02369124162525549
0.02498921608599290
0.09685959294631302
0.05612090529765180
0.01337817748712877
0.03344955190159871
0.05658306704940931
-0.02860780206491481
-0.05180763298562102
-0.00234975043949520
0.03334907778526212
0.04600800834018418
-0.02358075146442581
-0.00351996607662057
-0.02320261703433505
0.03626325845693130
0.10959651100977795
-0.03057104969632222
0.07801885588834720
0.02147006097267880
-0.10497919902412796
-0.05031986529343541
-0.08814047933535879
-0.01639525565251910
-0.02503296792606730
-0.00755243352172760
-0.04795746758654772
0.01855286180560195
-0.02734543403921990
-0.05131376041976585
0.01973861442112848
0.10461739411708292
-0.00133660417577029
-0.06574394948815716
0.04113234412839546
0.02646491556795318
0.04899478998016626
0.02292231087207632
0.03653643691054261
0.04818347462969844
-0.13366757695810419
-0.03469238832374127
0.06842430993338254
0.00058657080818184
-0.01738745336747706
0.09420342133525864
0.09737265324288844
-0.17799413984896387
-0.01762065247399870
0.08606683034899316
0.05603507421033271
-0.06454955139529993
-0.10536758984229315
0.05520210189859737
-0.13024099770457254
-0.03493331298045568
-0.07124347931383349
-0.00522651916810434
0.13006811753867298
-0.03194459312558894
0.06981469989959870
-0.04446542297320965
0.03595733368242530
0.09340155798185297
0.04861260072921014
-0.03789083383311460
-0.08825618708722388
0.06875086354304166
-0.06511130602731163
-0.07608049167622531
0.00002114714357551
0.06152016136992944
0.09733438717829075
-0.05970072840080212
0.01383425767687050
-0.02305073215124455
0.07566052075469265
-0.04969284763373981
0.15678942054551570
-0.05111026282150206
-0.05445063294094334
-0.10240088585782421
-0.04141307151920597
0.06493867071947662
-0.03660640195907149
0.04256330900280356
0.07878771404409300
-0.06333780260839536
0.03256928074163359
0.12534267652825815
0.04186135258440109
0.01691208413286797
0.03717455649314143
0.04819852626114535
-0.04731904349164796
0.07962543215384311
0.12791620704379605
-0.00501551663947777
-0.02111744049357148
0.04697934474970272
-0.07696190492305573
-0.01950131633981629
-0.07305022175183945
0.12963830288063727
-0.01756354703930493
-0.02350898921291755
0.07355090460139217
0.09835782754756889
0.01638862477181991
0.02708686720017798
-0.02999971058807319
0.00814134585464410
0.00171476761825839
0.13067330080708167
0.01093165888963534
0.01374921436258623
-0.04117015299675924
-0.10496321961991902
-0.02773170924464966
0.04064895809607028
-0.07812400439179215
0.15148366591646989
0.01644665857172874
0.10414783154107203
0.14017250105382159
-0.06133937830368514
0.05533770394547965
0.06076451541962323
0.19267042731393835
0.03924898643645602
-0.04145029568176700
-0.02335606593665958
-0.05605093499688617
0.07295654562601084
-0.01088184975719527
0.01207338585508739
-0.02694716393368368
0.15196720774561645
0.07327989268707111
0.03334181419038806
-0.03105818351024044
0.01784426184219207
0.05501534604787890
0.10648932974191297
-0.07093169617476257
0.06474647695430433
-0.08533539836960226
-0.07993324567499038
-0.00505233111085577
-0.04572982760691702
0.04118572039715111
0.07540359078687923
0.01219210607178261
0.00356423938821868
-0.03785884698956237
-0.07379050812582880
-0.08718288302131939
-0.05409125188291213
0.04314872541008085
0.01451731096555065
-0.02534394137063302
0.05574693477654746
-0.06945012456604657
0.05303288683511612
-0.13934125905817840
0.04636211410904273
0.10289915921017993
0.01845953307958363
0.02190264831408702
-0.02282909336755167
0.05189561233958264
-0.00014517752538517
-0.02878344119383480
0.01099742689131319
-0.02534180799545225
-0.09641471167411084
0.04286950449116373
-0.02073316549621455
0.01142458455862303
-0.06313267915543525
0.06040560318418596
0.00394659734749900
-0.03898541590986861
-0.12165188292897605
-0.04040389535480466
0.07677438002050704
0.01411819465735835
0.00749782078944753
-0.01468573789283347
-0.04040156824741410
0.05584853963558559
0.05247429470200773
0.01819174149552619
0.02047622600578346
0.08034552859730346
-0.00687665991907124
0.01099234655301150
-0.04262622233182194
-0.01163151787991642
-0.03069039525678278
0.06969817938173478
-0.05729846048333713
0.03630059857172507
0.03693229980642471
0.07868382310596407
-0.03579564479485694
0.05595567492364836
0.09582915487470117
0.01114763694278815
0.04366294225871014
0.15246587727403807
-0.08481793520051832
-0.05484839302876409
0.01488399384049404
-0.08542911472662644
-0.04413022184607041
-0.00357802390122269
0.06120540666847631
-0.00452149719489631
0.00190334325460355
0.04297112834700390
0.03207869018905619
-0.04273894752087116
-0.09890165514331413
-0.00456349388867067
-0.02478592403388114
0.03894751879663145
0.03342212498435171
0.01254244543300456
-0.05961662572688425
0.09852712190139597
0.01386111219472552
-0.08031194793204080
0.06583379294133888
-0.01999873434299288
-0.01405406303699165
0.05234134042372049
-0.10832373816447753
0.08597733598404456
-0.13204951637468840
-0.06505160711054846
0.02866727881977998
0.02163740105779951
-0.10617878505323336
-0.04619695457536815
0.02246039233015741
-0.01936199161843686
-0.01910826284008312
0.11642029349355955
-0.01544758280460033
0.06146038889054103
-0.00546337459917627
0.09269159529599469
0.00277884569156213
0.07453277004446340
0.04414989551128996
-0.04060659758897674
0.02240050459606022
-0.01284230020482698
-0.02892483627935981
0.00777994604603853
0.01439027437754175
-0.00418653103780311
0.02704935555973461
-0.08649022310428284
0.02838411869897140
0.03509964520982060
-0.08242463591522350
0.04598889086506289
-0.00817092417003363
-0.06351399877891711
-0.10414565727412917
-0.05998465401142537
0.08248374123137175
0.04117252376362125
0.10158581765948176
-0.11500996773695912
-0.02961976275080708
-0.06622543444604904
0.02098680185312077
-0.16981509984798793
0.04191124477162739
0.05420891328367470
-0.00007243447739418
0.02033677974085034
-0.08608175751064197
0.12285379276377514
0.00321194918675834
-0.07559264654772570
0.00706448660448817
0.07791939239933188
0.00991135507145623
-0.02043807051213186
-0.01003678919731396
-0.00335139533223994
-0.02130495732708105
0.05985027120572158
0.02873270249707217
0.01803162803870716
-0.00460167670854064
0.04722410552997289
-0.13664197285138913
0.01004214355110440
0.08201189540608982
-0.05630560125947535
-0.04347882600216441
0.05889077048569154
-0.00965290902849110
-0.01015736352950733
-0.04284963978070347
0.04311702031701745
-0.00660182302600316
-0.00479457014520136
0.02385416534107357
-0.03494699269172935
0.04377470244657532
-0.00657112989013508
-0.00053903781360453
0.14206570561967541
0.10527696629965289
0.01037939230459336
0.00346669132025519
0.01709319704477379
-0.04258691314963047
0.00649206033242300
0.00955665910829943
-0.10545553872833681
-0.04438777298727623
0.02538090879597190
-0.00566813781154297
-0.02420248609571652
-0.04503318914656687
0.01189907985180107
-0.00637687946253443
-0.00128935532268926
-0.00514269549716942
0.02217508340901002
0.11096924468970783
-0.02070360890603519
0.09553665007319335
0.11037269667460702
-0.01233181600693138
-0.05087138743777278
-0.05411758084885155
-0.06342184140742543
-0.08540964496729178
0.02119670339388603
-0.00635755348839482
-0.06555109269712706
-0.11489850548280264
0.02513891729790291
-0.05865105821981759
0.10501361526813149
-0.09656797666707688
-0.04842702017825767
0.01941117751057652
0.06626973224389181
0.01979569967368387
-0.02038179133826013
0.02877119457843542
0.06499375822736750
-0.00870847477096718
-0.02116164193360336
-0.05267065488913938
0.06318526707392910
0.08187094394067705
0.09260499667234620
-0.01517146922095467
-0.01946259922204796
0.04117897529867296
-0.06396578547143510
-0.03771878178774440
-0.09025390281478099
-0.05071751465571988
0.04215648317857473
-0.05440057364050715
0.00604765362318817
-0.06038025342434789
0.00111445475494013
-0.03297796245727876
0.00235370922151903
-0.00696987881653747
-0.01816983348780939
-0.00565590087983849
0.03887792002299794
-0.04090275563189856
0.01320441279036600
-0.09274138238070104
0.01310924406075288
0.02405956948652901
0.05716974469732211
0.06499918601687588
-0.00442148580640807
0.03536449264030501
-0.03611253363009825
0.01489635496703230
0.02882592880964311
-0.03720034150744234
0.04292484668984185
-0.02367351369870990
0.02668560303366855
0.04130737643426726
-0.08485923415701029
0.06110411745420283
0.07257763311690284
0.00534411226145518
0.07519007207806468
-0.02122484665891793
-0.06940695324972757
0.11109412119147202
0.02808301056638302
0.01829243082121268
0.00651439079199766
0.07167544576398424
-0.09211861187637488
-0.11944044288238694
0.07872464292805155
-0.02208540493634188
0.02244152597672080
0.01269059970947124
0.08723528505900603
-0.09543461501689901
-0.01694963842739941
-0.04782202878650006
0.09540052025366877
0.07436471137849707
0.00267849846267922
0.02384528911349532
-0.09659671331959148
-0.03046365020550616
0.04809696781644063
0.07476410993313218
0.02333753527699533
0.02176536071919761
-0.03548486936008723
0.05571539010540727
-0.01889024179909640
0.08423294951439901
-0.12287622301038248
0.04929738765560011
0.07510390375054125
0.09651127738838708
0.04480093772137272
0.05261725599858492
0.04591398720150862
-0.11138611412815941
0.10154759196679193
0.07691445251563943
-0.03432478923106223
0.00105754946318221
0.04210396099720291
-0.03908575283600163
0.12663797370331123
0.06744411502291972
-0.08688708162345890
0.07670647066694575
0.03948165277239497
0.07603997106500511
-0.09750248581202557
-0.00108407205895584
0.07441656608346621
0.16182295312661593
0.05383139417327170
-0.01236864434313234
0.03225996852823600
0.06061670551596107
0.04874308458490627
0.02505614854933725
0.01879269776595169
-0.03055357763244449
0.14108395961754819
-0.00012881162074718
-0.02660942261388234
-0.12529792570391615
0.00123866919284422
-0.09530315808292100
0.00091224764185229
-0.07351302324832107
0.05847923252857379
-0.05349909968214850
-0.09095633954617177
-0.03959633637464310
-0.05750829538635082
0.03215688619004747
0.07879642589869983
-0.00737944072854241
-0.11060018055604623
0.07348179178451601
-0.04152780817726513
-0.02575138331465636
-0.12547058673081299
0.03707987899523937
0.10242795610780753
0.01676196014401437
-0.00491520893440578
0.05192553569343548
0.07959793673361919
0.02417694202829543
0.05549498705287558
0.10959269631861160
0.05452181767530866
-0.03799243100933272
-0.03082278001353489
0.00894278742473750
0.03758021396407365
-0.00134439108742662
0.05985163662437069
-0.08763216491441163
0.03650732225959617
0.03827776349364309
-0.12937991148800324
-0.00276687462169779
-0.00389246704701580
-0.05931480170746782
-0.00702136183452472
-0.04103549010208606
-0.08091861112990786
0.02798607060349689
0.03995488555976849
-0.02699602962128153
0.01267121465332441
0.07687532034570754
-0.07454749728553198
-0.02644350398807798
-0.05071451327463487
-0.16832955479423486
0.08467325962524122
0.01559553433744228
-0.03428011251051852
0.04344393517970569
-0.10780986586671046
-0.01824885502449306
0.07698939332596294
0.05422050749224906
-0.01954425051741794
-0.10977846806270522
0.03682676354388197
-0.02742415961153124
0.00270600023536358
0.04991592361475753
-0.05429105371828911
0.06792898792044978
0.04503069294347709
-0.03313943840272092
0.09104662744226674
-0.00918633008364890
0.08161812438764290
0.09784163737801239
0.00235020451279037
0.07793860478847575
-0.01644348833378266
0.03555280597592334
0.11411856927422608
-0.07246843315597613
-0.10686316454894092
0.10191454681359589
-0.03575533885875014
0.08933710329143639
-0.01916619923412563
-0.04019729758589603
0.05180667914984743
-0.00727338914017756
-0.09051864491936840
-0.07511859929094734
0.04979174117909293
0.07329311150437337
-0.16342842232592894
-0.01522084575889958
0.05245900462889877
0.05294735804740002
0.05483332940900601
0.01374881201670678
-0.00255547583896983
-0.06910827649712280
0.05867780138753451
-0.05837257750510912
-0.02760322134328828
0.00439134172685931
0.12093771493562079
-0.02622119385838794
0.03308309593658938
-0.03695025200813998
0.04853650649880275
0.02977221106866808
-0.03077022109229969
-0.00671485203536113
-0.01850844346741779
-0.00137320379544451
0.10697811439221663
0.04148219125601410
-0.01000612759209152
0.07031761940708213
0.00106102519139153
0.01046542224138995
-0.02361377214308057
-0.01532046096301346
-0.09099049210413176
0.03154187588097070
-0.06399924459143194
-0.07426714336714331
-0.00179537692823177
-0.00732129784838186
0.03593233126808214
-0.12662500519318989
-0.11633988408736085
-0.11912250586397254
0.02669514043138729
0.03715368200479143
0.01555988558565227
0.08580515242911214
-0.05584082226575256
-0.05078001129073471
-0.05169278827794444
0.05622793133713704
0.06015948285202320
-0.01664079661935025
-0.01118407037275428
0.11004646285515655
0.08791159734650704
0.04625644561482917
-0.00042439040717802
-0.09420225815676009
0.04041559190738457
0.02470303923796774
-0.09723570378540174
-0.10050955451093603
-0.09028121313577825
-0.05902391254717431
0.04489153703574875
-0.03286073982160999
0.01841440579469848
-0.03788559015360191
0.00710374768132120
0.03694793029748474
0.02309736028494924
-0.00808685578008772
0.01983457272889607
-0.05185004082878598
0.01741739187856749
-0.03148331755982021
-0.01710572757071025
-0.11025524180263456
-0.09383760376826678
0.08672145214159691
0.01980441929322058
0.01034659460006092
-0.11306419147357008
-0.01287997603432179
-0.02239495777903926
-0.06024399933136758
-0.01175422782995870
0.01666496980744566
-0.01897740703848376
-0.05152016859904546
0.05361734611772091
0.00552545248804747
-0.02060871146480731
0.10280241695782090
0.01758021285569064
0.02921334317132014
0.08497886609580606
0.08088926974461863
0.10094391482386916
-0.05707230331577780
-0.02325491142746556
0.00351048217932520
-0.21187493453063558
-0.00402457360906127
-0.00537839156976843
-0.04627298391981607
0.07437529335804119
0.01077705780610042
0.04113445349428628
-0.05901884327819588
-0.04421229644951068
0.07160313599563782
-0.13180804423212633
0.15280667841193465
0.09338491718555937
-0.03559305929042152
0.08050512953867815
-0.08218196239883049
0.02253251745570050
0.02757559357752734
-0.02181907801097388
0.00342215298332808
-0.04331356564770749
0.13884057717122628
0.04494025906969564
0.07284070235661490
0.02221549444628603
-0.07173057402093352
-0.02543202045002817
-0.04775033675046216
-0.05240437259418580
0.00090544385944491
0.02756703697203467
-0.08796801222708009
0.09718552115763446
-0.12061930244419397
-0.04229580485057358
-0.03150003425523017
-0.02158972699826470
-0.03165445327363097
0.01010131282567601
-0.06704262876499922
0.00582686573663575
0.08426330517069475
-0.09595597826566635
-0.07939555367893603
-0.11500032896945578
-0.04004188840262862
0.05015246866651676
-0.07086544687468627
0.02158729363119418
-0.05344068480506096
0.06807086625922318
-0.00914938188526324
-0.07645383762734222
-0.01084013270737582
0.07638261683669033
0.02257973541198949
-0.01434154532915314
-0.00354646904239220
-0.04725659012665091
-0.00251398277583574
0.07761507442173163
0.01698338518515890
-0.02585010967113783
-0.01311435836567541
0.14322998704493139
0.07231572563387539
0.00930726916015429
0.07024299937674089
0.02620348744131986
-0.04346926221388839
0.11499789338914752
-0.04491713121830031
0.11169627808816483
0.06591045688316291
-0.00213998905327115
0.03861785257340578
-0.13777075159116467
-0.02032184617475192
0.06178588286574133
-0.09087392326223102
0.05721693430806331
0.03705626159000429
-0.05737084071558657
-0.02140609392900904
0.02084234897858047
0.05315846872776496
0.03469763737920641
0.06432606669676752
-0.00064689690627348
0.06042251432297030
0.01447971423688922
0.05334011865078706
-0.04328301090073881
0.05064235421942754
0.06174249334377149
0.09036694857144197
0.03646191608148514
0.03709014082329690
0.02047604014764220
-0.01031470870626224
0.10457537775262270
0.07605233277491812
0.02280962824312555
-0.01349224475423644
0.11274821070333391
0.02975096584673208
-0.07925700902035554
-0.05080067965032625
0.07933295382247056
0.03764667827239953
0.03173890963295817
-0.02995794804619124
0.02478868506238545
0.01251610355712266
-0.03141822299954811
-0.07003009943999398
0.04704154996371439
-0.07130607580993188
-0.02874321626846594
0.00372065415898416
-0.03157355465067570
0.03506515094199677
0.07453981601691567
0.00182002443121327
-0.02991553306371735
-0.05653001668893091
-0.13795403776413803
0.05424127657915868
-0.02609298649064087
0.04342802515867066
-0.01456673253207928
-0.08294902147443491
0.05420009834126241
-0.08201860967641046
-0.00213903023231138
-0.00201151369219229
-0.13531976061714054
0.03666470469758234
0.00586078231413732
-0.04156341864615924
-0.06819639721955109
0.02290207395304386
-0.01489517965071273
-0.09489030573699986
0.05333666351944791
0.03851326810198266
0.04112499714974116
0.04956928010171260
0.10194028677511194
-0.08548381478576407
-0.01571186670495470
-0.00921849626531616
0.07460631970261794
0.02918110984569163
-0.03654831261992185
0.00948556447709472
-0.04249799128217396
0.00894313438769289
-0.03090444536010477
0.01095390928577287
-0.10699273627932634
-0.02488873551306190
0.00603818412457333
0.02261028930087105
-0.06386764032857117
-0.07129906944310992
-0.01848789755108665
-0.06301644568593198
-0.04509896656039875
0.03903741854911458
-0.01080031154698748
-0.00593905835483550
-0.12618988234630696
-0.03914888470967517
0.01467830692866183
-0.02737787682711615
-0.08459219221935925
-0.00254154268931433
0.05428072180536075
-0.03088121565871694
0.01852227952705921
-0.02911746826816084
-0.07372638719033488
0.01649739735773124
0.06963607877815262
-0.02735344769938885
0.04613079726126835
-0.01613327473618334
0.06849504254546923
0.01998148522900173
0.11380164063813772
0.04312027337072644
0.03565287676667666
-0.01086685686532891
-0.03390946941497998
-0.06626061163338699
-0.02923059466383600
0.06853458857695029
0.06959295686654279
-0.02605141261401370
-0.03935305001525415
-0.03556314904725044
0.00935563513510225
-0.00965330551515255
-0.02026227468788440
-0.07865460702290711
-0.03226113983423374
0.10816814748984596
0.06887505846333555
0.01840095086505996
0.00843822222812183
-0.03560298206724503
0.04585341828645990
0.04252028662701967
0.14178054907995299
0.06189456502886864
-0.06807141033531200
0.05348015579599606
-0.13183530461381410
-0.00719705372069161
0.06281474788256819
0.02287002108293531
-0.03248706075935722
-0.00383857993226834
-0.04402498999151760
0.03632244352381745
0.00468541131410000
-0.07175416709529295
-0.02818565285893780
0.16574703190747245
0.06443558413157863
-0.03479275484885779
0.00619757655833082
0.03396438423738552
0.11733819489057658
0.01663285142678985
0.05902145926506813
-0.04147869827964154
0.08161424558811751
0.01408949826808241
-0.03144944352219404
0.00407022027481109
-0.04903536572238217
-0.00990149069344889
0.03797484197448485
0.11275820473839718
0.08540426177536159
-0.10499926769588734
-0.00493773106753827
0.08819916291018398
-0.01578654610536020
-0.00119452093219531
0.05823908207495010
0.02011163242809111
0.05104221012680409
-0.01657169298634625
0.04871796455083284
-0.02031970431919400
-0.01601593231003658
-0.02352315792171911
-0.13001112798819073
0.02865227970706235
0.02499283961085955
0.01875230686782855
-0.09592279876771641
0.06002628175158283
0.03061352235929736
-0.01009896518201131
0.06156326307874465
-0.00338709488474043
-0.10563777985538535
0.09283829296992674
0.04827630729011327
0.01394235398972901
0.05300113970782886
-0.02301285648264114
0.00995708478993894
-0.02245444145203271
-0.08644646929537977
0.00573078926454816
0.01612789203178736
0.04229051842373843
0.02502977356036959
0.03572066985150598
0.10691325232559895
-0.08834175387940678
-0.00637426714290744
-0.03020548528592154
-0.05904529982171919
-0.02707216034238307
0.02455448944162012
0.02873612711615572
0.17057867533157250
0.01043023518286570
0.05128060583854002
-0.04038777518702714
-0.00866955657221342
-0.08621464803800652
0.03423528377208553
-0.01170385375054447
0.09238048487702810
-0.01638632832055011
0.03559818307627926
0.00509602962932094
0.12013728824118036
0.03820234358902270
-0.00694321002143264
0.09771633196956063
-0.00634229118392825
0.05816712921443607
-0.02314857446007507
-0.02906715536059242
0.09522385025409257
0.05629264126055816
0.01398744938740988
0.02728293154665789
-0.01662777174082981
-0.00594019953638281
-0.05668123985549407
0.01773623028235952
0.02924081701000993
-0.03262405184108878
-0.06154844173073311
-0.07886737509547484
0.06219674947996106
0.13099403472341800
-0.14747154646583407
0.06595308214410144
0.06327774757301938
-0.00648653647356943
-0.03957883228094275
0.01646266869304668
-0.01561359883463968
0.09616595775646057
0.00234664155276110
0.06392609685266733
-0.04036188262352560
-0.05388585208408175
0.00562344025757318
0.02422457499289117
-0.01969679506739246
-0.03308971108894794
0.04885938132766877
-0.02634892580260199
0.15068832772794163
-0.12677138674083496
-0.01471323974795098
-0.04846258815941825
0.03067798866705999
0.05043075795447637
-0.04157652034474757
0.06895377144821713
0.03450833086438555
-0.05710802720389060
0.01029092573229961
-0.02975134797849698
-0.06671855843913718
0.06581445803621958
-0.04045690903351051
0.08202424285868676
-0.16514719943431591
-0.00800596082459856
-0.03282230263000352
0.07886452356520350
0.03494078359920339
-0.05519814768049653
0.08179196876841086
-0.10220277950020970
0.03655231264994381
0.02231856529157240
-0.00566577235564278
-0.07288408837990887
0.01543225556771601
-0.04905095325667738
0.00499102561578700
-0.01411938432087866
-0.01795631609542736
0.05213233075502184
-0.06904451529324844
0.04321595619174378
0.00396003081238403
-0.04172495695937944
0.00103585664669654
0.01228208667320875
-0.03354483492764170
0.02849356272449438
0.06111079397807494
-0.01517368251863429
-0.01991765670073829
-0.08005734923645720
-0.04147398644534639
0.00495576766409080
0.00242742213451841
0.01844412264178256
0.03476142240156870
0.06078099239390883
-0.08663519939506789
0.04883180685828370
0.03111977788549817
-0.05109422634048528
-0.01171976621698721
0.05142316578572310
0.02021811133284941
-0.00724117581576444
0.00129518523270691
-0.06658700944791750
-0.04020195119034486
0.09000984697621212
-0.10881056245098090
-0.04419116584187896
-0.02108891135581860
0.07458241972368591
-0.12009122533823531
0.01086872633052118
-0.03131918617226463
-0.05181300035801265
0.09937014821572035
-0.10651190114097903
0.01336901848974990
0.04411729755841415
-0.01989644240475389
-0.10448274230901811
0.04111169324064214
0.07449866657089042
0.00963265251220689
-0.10031662706561406
-0.06552900726589758
0.11156507887388305
-0.03167981379906835
0.00766785449737956
-0.02760027970567261
-0.11444711217759698
0.05336205787907481
-0.03808159513676432
0.01508725368950320
-0.12133394594518876
-0.07273111843414655
0.04493028760651965
0.02780151333907366
-0.01457995749727030
-0.05032441126554030
-0.04894067872031416
-0.00810045869473977
-0.05286627331754245
0.02542472451784251
0.01585844487671529
0.00334204270039570
0.12671306248091596
-0.05303879166930174
-0.04745883503443122
0.09116668062835219
0.06615724416311712
-0.09912707344205186
0.01183089096841478
-0.04302525025507072
-0.09186817090395724
0.01943275359293417
-0.07205307740910145
0.04741524641034242
-0.09742547504023956
0.08249297988595014
-0.06170056640477824
-0.00088886112391468
-0.07076687256131613
-0.01855926947897989
0.05271432443044425
-0.07849877583126369
-0.04313252581494468
-0.13440514975136164
0.03112657643525558
-0.08313008498507184
-0.11688798043944218
-0.03125074432706999
0.06655787611748154
0.06403116171732888
-0.09536020159409944
0.05022231841835279
0.03381899911709116
-0.05022354981909046
-0.01127141211848268
-0.02577376085122548
-0.00976699538322055
-0.02583509356353035
-0.03979940056506168
-0.11998447168288101
0.06515753070785266
0.02168425333059076
0.04859570959735610
0.01769921738841398
0.04317322966221025
-0.04081762947071532
0.03598679607016488
-0.04812312561184863
-0.04045913425339962
-0.08471902476859629
-0.00179165133426204
0.08216088337397084
0.14907353661185760
0.05238830101649526
-0.00822698645532215
-0.02577069628268798
0.01367134261813038
-0.04976154451428885
0.02180604070727039
0.04417263770657125
0.05837951729150091
-0.07450517915437917
0.00934079103498982
0.04991876001135993
-0.02078121634975019
0.08603473258834743
0.00836148862643306
-0.02301705925000543
0.08508811787055892
-0.09017880268510092
0.01511892544354196
0.05901023055347877
-0.01370821734245499
0.02932192011613850
-0.09469032013490081
-0.03004344676370736
-0.01690588861805016
0.08737042718456543
0.05859459058494695
-0.02032839037939914
-0.14693358676032861
0.06751404148659131
0.04195286961784042
0.03880205961654893
-0.03985480489083389
-0.05132549601651524
-0.01755374123529888
-0.05678377865756547
0.11890260557087097
0.08530372220688050
-0.01219806119471305
0.08980333639940444
0.12048714233270361
-0.01660165082832008
0.07510787125682329
0.03625643017699703
0.10635237006297882
-0.08826403709433851
0.02465311409571524
0.05478118546832646
0.00265715939108850
0.00039611945218722
-0.04993314355838240
0.06167878824695775
0.04102844841950551
-0.06623045521642182
0.08167709340589581
0.02607143394319733
0.02275807732498505
-0.04892370585300163
-0.08905365490282237
-0.05366021534111725
-0.12138354756784168
-0.02129729368563812
0.08160366523182928
-0.02842201267397500
-0.06202705600341481
-0.11376026365266320
0.04512945102123116
-0.02225290784350865
-0.04981074883577948
0.03658288795727601
0.02816222367702816
-0.12787218082131316
0.03353107786620312
-0.02267097506655567
0.08927949024453373
0.02155329882103117
-0.11478466072273089
-0.02465310498446256
-0.09062172605272120
-0.04097973615170264
0.08206078180548156
0.00141991383713088
0.10728593857975947
0.06084296845823062
-0.07555089728830126
-0.04313155766612625
0.05048754607994388
-0.18799896956197709
0.00612943252440483
0.05685571188965505
-0.01106069291710123
-0.11062769526180780
0.05613764021944363
-0.07514266381939291
0.16674825869045470
-0.13809874956668755
-0.09269187973828619
0.04710772516699613
-0.02853868683248359
-0.10719827081129703
0.02554964945455821
-0.00060696454320811
-0.00325487856714789
-0.02651677685046313
0.05349057513292976
0.01408411772672344
-0.07739027214701016
-0.03077249199122516
0.00498729632630269
0.04948441243186691
-0.08953652523692299
0.05293493996511699
0.04723843791665946
-0.05544568849759322
-0.00613714111804935
0.09138175748504641
-0.02027505188398099
0.01958136343427450
-0.03296350821814611
0.02661420903984919
0.02988175954927985
-0.03290531048282140
0.01073238193359624
-0.05967745039714960
-0.07081986260082895
0.04892444749928641
0.04768096356071413
0.04516912684092573
0.04687837734621685
0.05626377513070818
-0.00102360652467562
-0.09476531136657020
0.02750646266886865
-0.05506166056492479
0.08448397596378542
-0.04695324897581706
0.04850564962305025
-0.00079692114765098
0.00544099916593109
0.00347792252309504
0.02786900492137456
0.02982783687570166
-0.05685562344428521
0.04487087964624986
0.01892547749784301
0.11512131429189466
0.06586133078264252
0.02322641345355133
0.15114304497905098
0.07765253468663971
0.08105895859415534
0.07137112293595566
0.00677303042254921
-0.07434696819321210
-0.05449061941256389
-0.04549811608214085
0.03025509396228185
0.01291280044556056
-0.08066828609131775
0.07906451022296690
-0.00317915750607337
0.07705328118433347
-0.08923784360696460
0.00227669234807011
-0.03594136376613592
-0.09221763988774302
-0.05432077364262349
-0.01613746491524984
0.04224183567599073
-0.07542885752897290
0.05695964991602802
-0.03956065465606529
-0.01093117343543267
-0.08070339368499642
0.06046046854122043
-0.05057555598222321
-0.02181172275145165
0.02253624542964878
-0.03871424282974679
0.03636159016080730
0.00901160885893642
-0.01865768882225823
-0.00108713043290215
0.02121151863799449
-0.05529663852727751
-0.02377357190485873
0.06537322032571680
0.04649379296366790
-0.02009015045314749
-0.05895403413509198
0.07726609457075521
0.07249589276278023
0.05726202340824742
0.00247353622549286
0.09732900028249061
0.08125529239866462
-0.16665883756037675
0.00300378095161260
0.06424791798052033
-0.04085426582289656
-0.05612943302157497
0.01716182998102329
-0.01904196690814392
0.00347874431218346
-0.04008365793868732
0.03821024849476022
-0.06959622011320256
-0.00155010949424759
-0.06255748082689684
-0.01748293629213898
0.09094395480243037
-0.06086351451771997
-0.03899739212779849
0.03702546955922095
-0.03149923307263049
-0.04651951118091540
-0.01366410927792790
0.07678964146018354
-0.05023956358389545
0.03618271874665516
-0.07251911298187456
0.01660200837869006
-0.03292975746282441
0.00876819166406092
-0.00492818426633335
-0.04654715106222208
0.05848148400071170
-0.01292570584094222
0.08927443249303421
0.08786067904562327
-0.05122793657072599
-0.00703750643130062
0.03676142723950260
0.04325312400671501
-0.05631501522571589
-0.07461674889458526
-0.01479320843953926
0.05072675787776589
-0.08197143353293962
0.00518268741549921
-0.00993151928283671
-0.09285527269662158
0.02527080595046848
-0.10354821521598373
-0.07305625971071826
0.09149088788982361
0.05067438435195504
0.02482147152371878
-0.10207686991660710
-0.03990155880212020
0.05842426788452218
-0.09790851669256449
-0.09435440980011005
-0.06095277126274266
-0.08123539281729981
-0.05820874087122126
-0.07889502042191926
-0.02323356689045592
-0.00112436847955682
0.01955521317237928
-0.17740003896564385
-0.04899937151229949
0.06777089660819617
0.00753849424219476
0.07696113707209574
-0.09234735518221533
0.01575445863677251
-0.05134464677284641
-0.04394666056083081
0.10500591094334764
-0.05099009334408315
0.04098976720535488
-0.04116088676565523
0.01621636214809384
0.02796935712117635
0.03693795658066445
-0.05571343837539817
-0.06404437633659042
-0.00454301988836141
0.02847631767858270
-0.02210613994294030
0.05907342030516045
-0.02415847090781073
0.01686701496516451
-0.01984378325362975
-0.06987057626984408
-0.02315214686109086
0.07815947682412111
-0.02579327952083748
0.03757461985482659
0.03614084989206055
0.15283589119318983
-0.00511430918825044
0.06386092697780059
0.08639585833207028
-0.07738205619370132
0.10669506074504735
0.01550674675350235
0.07194908678426153
-0.03112909401321770
0.02672844858341117
0.02914275573050276
-0.01410619526083777
-0.05332626550754808
-0.05794904649257595
-0.02722875823778017
0.12456314900466973
0.12570426708088822
0.03572730841593208
0.03188709147136319
-0.03635508806051272
-0.03183169607390814
0.00043139313693074
0.11562981895949742
0.03609300676764138
-0.06861146042729238
-0.03019593378719234
-0.08756756707622428
-0.08574372849657227
0.04574781661884753
0.00363259821983196
-0.03004250544978469
0.10096357821528025
-0.05437732673631868
-0.10885893029109736
0.11387367015086700
0.02330641841414466
-0.01667633359906666
-0.07993505315790932
-0.01348675497799104
0.06126298296296040
0.03419760983513190
-0.02097010308970051
0.08819062717104904
0.04847161933712735
-0.04848227935736864
-0.19196463278533457
0.12047473164470167
-0.08569654059778993
0.06395560262275661
-0.01287721963579012
0.01469307903176737
0.06999864283835741
0.07018854521104770
0.06205045758337797
0.03859415015494754
-0.11585740499726524
-0.08032065987665675
-0.05523235884128413
-0.06167437876566169
-0.00808349723115159
-0.05653648713907190
0.00247082896202627
0.06216485848250271
-0.04505421529375726
-0.05696769576405251
0.04702343716118342
0.00557267950074228
-0.03557093522532224
0.00673823031131942
-0.02691666536962374
0.00614807408769422
-0.07714140711430356
-0.03375070820817080
0.11727209074705519
-0.03213068235665983
0.01587575773870732
0.01640449089082983
0.12027295614282646
0.08404167058033958
-0.11242268681112273
0.06938630038421910
-0.07945838114819609
-0.00157337182168954
-0.09641922057222301
-0.08289606300339530
0.02527338084990092
-0.03156107591848473
-0.00041957425241575
0.11664789918869246
-0.07937572338851778
0.01307322815847554
-0.03126014051717950
-0.09683787412626554
0.04597942191952482
0.00148692651984570
-0.06100838139665291
0.03757163370107463
0.04651335433698933
-0.07428268570080956
-0.02027362906037413
-0.02844196357982683
-0.08807718225285763
0.08421651319215975
-0.07497782704273576
0.09523495094252016
-0.02762048909582352
-0.12725665590537147
0.07612419228840767
-0.06679727649245276
-0.02435308344000904
0.00255703533002484
0.15590241653221856
0.01993869167686867
-0.11856375367582898
0.10611101264778290
-0.02884564348221741
0.03115546115367302
0.00551116477370766
-0.04417557744685335
-0.01737857819615166
-0.05515531876527424
-0.09127871853474326
0.14758890185014031
-0.08880283598870431
-0.03452081363286846
0.00662482399409552
0.03255877165999160
0.00325298923871717
-0.04963415960238523
0.04231197719106488
0.09741586144132511
0.01380133691900106
-0.02545805615608900
0.02026723546083827
0.00782894968305294
0.06811667123706425
0.10210974786509494
-0.06672887231726778
0.02614075795183675
0.02596718210181697
-0.00368724092298836
-0.06214112925645503
0.07255230232502646
-0.00166531740991936
0.03493112579358473
0.00207103043643095
0.02887171952919664
-0.00247534628631458
-0.02752568900052938
-0.02065675027480183
-0.03454489845335657
0.13223710544404457
0.01340499952475022
-0.01165829576883065
0.07058471226701055
0.01075081315544373
0.02695610671831176
0.02528328273259155
-0.09183653088273619
-0.03736746679392457
0.04761576824396622
-0.05378530416407375
-0.02580074671154624
0.09353719445407428
0.00588794391903563
-0.05409517564240633
-0.07135360869753417
0.09121282607027856
0.01355558883342282
0.03100562338721389
0.04096482130572950
0.02479760151738750
0.03064832840939169
-0.00713134017403666
-0.02569914613089698
-0.08080527506374313
-0.03831810996170506
0.03814909868133433
0.12799210041059467
-0.02841586860444036
0.05635390756357999
-0.01852174500502864
0.07256947147675961
0.00530096957606260
0.08737339168299142
0.01221211705883408
0.03650852196754121
0.01838625627647764
0.03562336747157041
0.02809450840757814
0.17076879424980063
0.12542912424572866
-0.04703963433369401
-0.01321790431446119
0.06710084314940602
-0.09024275868035700
0.06646868510690504
-0.00323679830254768
0.04716604206578580
0.02652540196026325
-0.03637685969954445
-0.00304732518649183
-0.02580958736284273
-0.02353565675795001
-0.03362336524403435
-0.00322267940086036
0.05306063022197568
0.01450514063707270
-0.04544905381343364
0.02150811861290566
-0.00804945450444856
-0.08656153754917324
-0.10696881630094976
-0.01060643706007560
-0.11956822635222990
0.02117428086389137
0.10584148629432280
-0.02557219174980684
0.00855891018797676
-0.00636493184220839
-0.06321219269187532
0.12248449942175139
-0.11778691369025990
0.00631217132819259
0.06917850374831271
-0.06179342206200245
0.03731825049164250
-0.01947681305646410
-0.01536113242755449
0.05768283314316729
-0.05512903747472560
-0.04791714164462092
0.01215887728283019
0.01859423221610322
0.04895525996005332
0.00478289152930519
0.00936661757451743
0.13582265495873780
0.02557496504653577
-0.10122336584019276
0.00251895683035145
-0.06346787060244488
0.07433716826796780
-0.02449634284996476
0.04684809159731902
-0.05134123295118836
0.09981020831113500
-0.00272462192807817
-0.03411141412132710
0.09406153632840543
0.03467130627335188
0.00600497719248138
-0.10035715203065702
-0.05588935855896860
-0.03268849074458011
-0.10699248740339520
-0.14012579872780570
-0.02592191860023869
-0.06167916614322252
-0.07100010140998277
-0.03488704055257671
-0.04555715465493157
0.14308850317442706
-0.06940364397430937
0.05121499513482521
0.03109021479307757
0.03023503397074322
-0.05138821863462820
-0.05004134736172318
-0.08840733897579661
-0.02398652404954453
0.04758839250302257
0.05214365261074203
-0.05192711113517993
0.06031204228967751
-0.05967005584614558
0.01863903611550275
-0.00928921539692785
-0.09046931808585605
0.01876623907660191
-0.03404270460706739
-0.00040347085034187
0.08912643432797111
0.02625916271434383
0.13129307842565979
0.04698547645174248
0.07232188298874330
-0.05705102338972797
0.04027156997356966
-0.02432945116696033
-0.01482723313091867
0.00378302877214496
0.03917401422203391
-0.01105719209318710
0.02850128480813465
0.02117267824296389
-0.00335284351258870
0.11612132333308456
-0.02215401318435600
0.03666493934468554
-0.06726689446894291
-0.02287145175601141
-0.06927988469126779
-0.08806440849983835
-0.08221375208474715
0.00060031861004036
0.04525528008401845
-0.02268796545785819
-0.03337699788781306
-0.01369896642578894
0.13306134158086724
-0.06386401311379182
0.03619108773837413
-0.09563740632204148
-0.06254624971790725
-0.03391140713643842
-0.02397338951875960
0.11601494440078196
-0.02806978534492312
-0.03218734858759976
-0.00652311754474137
-0.00110081657933399
0.00864595230712558
0.06232882880243181
-0.01253079825811553
0.05243785971921852
0.08071039405074731
0.14948753700467951
-0.04290679339475876
0.02945837781889140
0.04469488868228403
-0.02476519827575892
-0.04989535712177417
-0.03410009886715685
0.06133430824392614
0.00990770026279414
-0.14390537991993785
0.00946496516573437
0.16140021321574760
-0.04187230982787726
0.05978499736195609
0.11308646477774886
0.06337640968283788
-0.00930094280704323
-0.04453568982777586
0.03651874039236891
0.03964991881112537
0.01392422397283538
-0.05976781949587678
0.06986739597675658
-0.01366756263654526
-0.04306137840307755
0.03087630647636756
-0.02265284197165894
-0.09405319779249390
0.00274106375181824
-0.16782397446078642
0.10319015012240124
-0.00351706890011153
0.01455847625363929
-0.01117467542375774
0.00924003302903570
-0.02049947250334906
-0.05015071815265527
-0.02580642730179315
-0.08941272946435827
-0.02402506086221638
-0.00409458301259279
0.09627868758847363
-0.04954819723354521
-0.08387406855937332
-0.03694367550834197
0.12445243723579213
-0.07049281947729959
-0.02763825652813177
0.09571254850549175
0.06041368917979258
0.01136716812739582
-0.03889937066098535
-0.04506945302980114
-0.05351552010879836
-0.02743220042840172
0.00928716084557243
-0.09877439672694668
0.07099043992062694
-0.06837912189053454
0.01846892633343876
-0.07185517949565814
-0.02048361876042215
0.06311444775317805
-0.01562805671741487
0.00292685786800231
0.04699798365071006
-0.10180702032317868
-0.08352962064913265
-0.13465352696962157
0.05086538465469909
0.06024447228747306
0.04971255765476785
-0.09559887644318084
-0.03311754154016659
0.01628383258899824
-0.12899010272259612
-0.10815176720289600
-0.08940178589231626
0.01545810207844013
-0.04896056008366582
0.06134432591492460
0.03261095853093961
0.04469036541363887
-0.07676652993594900
0.00744347637174589
0.03663503649840395
0.13948944098695454
-0.04723762503533405
0.00696392715033332
0.06281551119533225
0.03282836775943856
-0.00610224290439964
-0.15265170908228004
-0.00789178045128908
0.05057513419733628
-0.03130136497259567
-0.01855358763077226
-0.08543049970823208
-0.03966627104014313
-0.04107103446680036
-0.04304666632628939
0.00201321333885494
-0.07395001691868014
-0.11087927975246606
-0.10961488329830431
-0.04838953141988828
0.06302560806351687
0.01499424026109072
-0.00506013953750948
0.08891525194656293
-0.04372657477095795
0.01509098599443676
0.06313292927524429
0.04050147339165439
-0.00110465190459804
-0.05961437242958901
-0.01681293579559344
0.03276442276216874
-0.06751191828862758
-0.00777377313595367
-0.00362749532646119
-0.00035024922652857
-0.08530785539549485
-0.05680475888866231
0.03665749959598268
-0.01989908695243576
0.01522645944282777
0.02002352124295526
-0.05435869057233605
0.04614278600222847
-0.04170122836839738
-0.04559946876446727
-0.02606227690252778
0.11098145621553300
0.04829203853203522
-0.01942889445295506
-0.01881459109354791
0.02379781298373493
-0.00214046767102550
-0.03190483153698224
-0.04507379264215464
-0.01280686739140499
-0.02479111917237539
-0.03451996830588094
0.11514416959391341
-0.03332726983096556
0.09970162179677977
-0.00962011018126456
0.04832059537355125
0.09783661112594430
-0.02256226925263192
-0.00665633496839897
-0.00600290827667505
0.02769632144129861
-0.01113456529329885
0.08705334138106482
0.06016541241223909
0.01231279728147812
0.02154425358879968
0.00655766355408438
-0.09287007184487890
0.04308854010703179
-0.00605177001527798
-0.07632489043556644
-0.09908580271488061
0.00157108353446798
-0.07824909013981118
0.06152017948183827
-0.01694511706010850
-0.02121385419506203
-0.05016952193400433
-0.01213769351833891
0.04886425089280779
0.01237262205332333
0.11862090662526903
-0.02218417025216335
0.05848132468745944
0.02951028163432057
-0.07437218996791765
0.02198375957283255
0.01376195118806985
0.03155552892735745
0.02222216497920881
-0.05917726367017879
0.08596998340891568
0.01723886314754876
0.05846879551455174
-0.07568512308024546
-0.12490957656631700
0.04956327197654347
-0.03322400644659130
-0.07171011210100207
0.04298324211682840
0.08334256879508614
-0.05107429689307377
-0.07926182018241307
0.10086294666791858
-0.01527886097656582
0.03784550145435139
-0.02693422300224807
0.13186773399810006
-0.04215454021856492
-0.04448503962139035
-0.07519088609105978
-0.03277148910883691
0.00254455528955359
-0.00058858944153066
0.02344936834285160
-0.08709171194911590
0.05725558902966706
-0.03304131692660159
0.06891513740574361
-0.07380028359972192
-0.10422390920893325
-0.00007252620025247
0.11257156797460786
-0.11560025904004953
0.05842157539566124
-0.00609214583954835
0.01970639929381042
0.06441287344729371
-0.06926706667590714
-0.03267217716754594
0.00437350417621284
0.02632515712276213
-0.09833154006511619
-0.00501118001781333
0.03980786067850806
-0.15724371505336451
-0.05622837761730420
0.03009645065474345
0.02618796848765686
0.01248059303994080
0.05113698359229325
-0.09236255503528194
0.09810723996524340
0.02093317372370511
0.06784192778420091
0.07453031230205266
-0.05108828663725850
0.01131838556865647
-0.01410701941496851
0.10020673957455040
-0.07381901134931880
-0.07167598952563856
-0.04045182941504107
0.01042683809003869
-0.01463695164799692
-0.06272720475176334
0.01069786652894499
-0.03332041846350436
-0.08360535300191632
0.10661550708664724
-0.08889699951164731
0.03823000594570008
0.01968913164533311
0.06517210657350286
-0.16045329155115381
-0.14156609066812981
0.05391030451378637
0.02824521070171157
-0.07977110071444725
0.06919580517104336
-0.01396870423741568
0.12630214012231306
-0.05786738640353081
-0.08472423920660575
0.13476546271703294
-0.00467523054386198
0.10709351871905562
-0.04604936815542470
-0.01731204440465869
0.01648225802903873
0.03418539690452994
0.00195668669205667
-0.05637490004782669
-0.07579113149951015
-0.11790491110350422
0.02425089559834843
0.06265369632866856
0.03127331147452052
-0.00632523298062984
0.05240499295293877
0.03880121583653021
0.00697148535989842
0.02773811338697492
-0.04953201947477334
-0.03976043609701125
0.00472734737826503
0.02026544421986567
-0.04569588245827029
-0.04401611120560533
0.07351281188357665
0.00052238327616656
0.08242418123756681
-0.05527044359072917
-0.02710580757409434
-0.01337385877308113
-0.03932473841396112
-0.00557585244507247
0.10853349304151297
-0.06348898922907011
-0.03393398205478611
0.04673385574049747
0.01726808723547006
-0.03569909648434846
-0.09365114122200713
-0.13419328980871945
-0.02883131599654789
0.02897668363511195
0.00906169658139696
-0.04566287889056407
-0.02199034347182788
-0.07194466315430616
-0.03398460395906996
-0.01260276978237747
0.10038634744577564
-0.05391562863343480
0.02486435785561724
0.03269950161319991
-0.02267766620394739
0.01675648471720792
0.06295129443751506
-0.00008687443969732
0.08293936868619374
-0.08021762689071887
0.09376725209294520
0.01587717691256032
-0.07341910586072488
-0.05238679043630603
0.06611368656117472
-0.00707812041337898
0.03153601852079768
-0.02598182373268133
-0.04453091044227827
0.04473207483129900
-0.04533435718414912
0.05890327666923021
0.02084760965472919
0.14264391341912935
0.06862638304207189
-0.03553616008883237
0.07217807513728418
0.00328177466421293
-0.04613684663363293
-0.11677950823459433
0.05861247319299993
0.07681711887442931
-0.04157317967488717
0.10909940062256365
0.03025637281503089
0.00193252476562182
-0.02961104079174177
-0.00965239202976083
-0.15793068003919766
0.05535292262226017
0.02171513984016567
-0.05040780332108488
-0.10199591214331938
-0.06666765455120052
-0.03073411011142163
-0.04827545632710499
0.01841396631470480
0.00393889644705948
-0.10278524098179542
-0.00377063163512194
0.18776353381616448
-0.00650492022247008
0.04807878143853891
-0.15526959946315724
-0.03933924935232304
-0.01731421977357924
-0.03464333158156188
-0.05722803330071458
-0.04844664626921482
-0.00283713735850112
-0.01560646276392681
0.02404707692572757
-0.07422295809221904
0.03846543362482214
-0.15806300518418970
-0.00451085572539957
-0.07268170035874896
0.01046256053341224
-0.03285446937208628
0.12183604020075195
-0.02687294172866850
-0.01837691413377354
-0.07172502685992198
-0.05369815313496547
0.07608633630603233
-0.08109902413295711
-0.00482228068008518
0.00246642708689033
-0.03827481978892728
0.04698981892104835
-0.01690777324306526
-0.09526742778199218
-0.06189260241797939
0.06668310186198147
0.08288068648246684
-0.02898365288887920
0.05431861599677629
0.02663480152621655
0.04182156707542942
-0.05372486123575283
-0.12530125819786281
-0.04573122752025065
-0.00282178202254272
-0.15139250838287704
-0.03730726620445571
0.03547130248304380
-0.00151740196846350
0.02090810787814134
-0.08326953438552016
-0.11681018162370341
-0.05450595715208895
0.06091632613383313
-0.09926146185344986
-0.03581757850668518
0.06525090285874960
-0.02397574317685975
0.02189403493035940
-0.02124457520158165
0.08338849816802361
0.07691580118512284
0.02318792723021668
-0.04254675697803950
0.00651854862830532
0.02440550621486800
-0.03482597407637212
-0.09445229014773625
-0.11222142845900908
0.07376860799825957
-0.02238851603746430
0.01129624653400819
-0.08826623270706727
-0.13540350178961519
0.01449540298765432
-0.05113747802562716
0.09430616487538485
-0.01403706626042782
0.11758611563613999
0.11467538263984327
0.01377039394042923
0.08507969285074463
0.03513458737939450
0.13595442389017184
0.12102540514292567
0.07893774947534538
-0.05295343975652322
0.06303597972158678
0.00546651290991752
0.04879385649006401
-0.00991063649306193
-0.06301955702948422
-0.01140127662857975
-0.07117812627197793
0.09544182205321841
0.11190948704753509
0.03659346754030535
0.04869356721895891
0.02273446935169037
-0.06342748979834439
-0.01346091091407432
-0.04924567062011753
0.08815171972199709
-0.05570323397285932
-0.09147689020124898
0.12371551306658227
0.10221356981653902
0.05729146054355443
-0.12814307287033391
0.00270073638252639
0.03748110026034916
-0.04093782704292866
0.09825827121033485
0.03370701094344931
-0.03992494555585445
0.01020208115980475
-0.02012370694473532
-0.14394297499976219
-0.04661792021694009
0.01708172727633898
0.02088332415600409
-0.01869575071718184
0.02771629886205496
0.13684656769317938
0.04113001652941800
-0.00694077683628327
-0.06158669913287568
-0.10626267565543704
-0.03155129594370890
-0.07831353527261245
0.02694704196511114
0.01567896840561572
-0.05531873598704817
0.00838837692763372
-0.01433930334571444
0.01315143561093034
0.09660981680345442
0.09424514548686505
-0.01682876401724934
0.02209805521434566
0.00659578839661142
-0.04944563153955750
0.05870278846899298
0.05943691886103382
0.13925519585417692
-0.04391610606915330
-0.07567334428461658
-0.00502602739572250
0.05689444179019582
-0.04591159507946501
0.13815017900220739
-0.03024731661747565
0.03910668955909302
-0.08768723675960852
0.03529709998056782
-0.03549768668828897
0.02785888418670079
0.06034925161162590
0.01972439721391238
0.00473488310949143
-0.01500669864883798
0.00244236511859304
-0.04580903069495396
0.03347203110285098
-0.12087829430860933
-0.05094302461144244
0.16649266397809628
-0.07327389435743450
-0.02933461149523239
0.04931686730171199
-0.01601003736149617
0.10285586399708310
0.00565715284189517
-0.06118084076386954
0.16902354505602693
-0.04258438165787254
0.00249966605567655
0.08143512893870121
0.00712593865676444
-0.06802800643502989
0.08830703259037027
-0.04134013231498023
0.05160956972176521
0.07094299907153923
-0.06060392209551183
0.10666383864592292
0.08259246411452698
-0.03814607025252958
-0.02258183605426799
-0.07958358761852015
-0.00511671653338157
0.03109191775431017
0.02864654258452843
-0.00416061090951251
-0.03997692497821779
0.13183818512904380
0.01083278134863155
0.11172626852239240
-0.07441456677650216
-0.12933254269415304
0.00368303762386682
-0.09330710533402549
0.00009300531789128
0.10245136677659851
-0.03100194598150723
0.03372244294254783
0.08166179676000175
-0.02484463852552363
0.01111460324379739
-0.08022130505612841
-0.11011244099969936
-0.15194376254493167
0.09222791668507159
-0.08064128688519506
-0.08991206898279537
0.07763452871914069
0.00104305874551971
0.06929244028937588
-0.01798729865068566
-0.10414687038426515
-0.09194202232148255
0.04257835482224381
-0.03286907192230226
0.15366280868021212
0.03183787463845160
-0.05222515735681353
-0.02765519282202390
0.13917386657954395
-0.02497947938505666
-0.04490069215601183
-0.02048538426197754
0.06596780738602936
-0.07523459110573370
0.10926591855899492
-0.03599722795333903
0.07085669086917237
0.02840349072898622
-0.08729938355324419
-0.06683248171231312
-0.00973439059628665
-0.10362640881166045
0.05599748424462617
-0.01747614784255846
-0.03002750373796471
-0.03394865203740953
-0.01445830335545289
-0.05973793376111088
0.01904603394707104
0.02989275194032422
-0.11331874647497836
0.00396289944694777
0.02873985079330637
-0.06654372057561514
-0.05080178815406471
-0.04175488879963523
-0.11139564577362544
-0.02844565465743595
0.10382462069219422
0.03635792339644557
0.10085208695343688
0.02523955369761285
-0.04449448041884755
-0.00498483062966277
0.04855457185389689
0.04548939615180730
0.03867195221768079
0.05551547374423037
-0.00630485088167503
0.08084390139960504
0.05842048964163540
0.12696459632173682
0.03275220454817229
0.03376503688334514
-0.03183838107103337
0.06587481028934102
-0.08326397857182247
0.10862136935374389
0.01183625189868981
0.04699040306182321
0.00368747709286930
-0.01871008058586790
-0.07197052218737875
0.05285619344666721
0.00863092572327646
0.03686774642252089
-0.10307367847888461
-0.02243918591971242
-0.02860463525179888
0.07415433486699360
-0.02807797055944838
-0.05013609961683549
0.07679986953725658
-0.11313620489527929
0.01351107969866297
0.07294789639096262
-0.10354387254023380
0.06167670211970749
-0.08199722806265970
-0.01926114986644014
0.06779144271776012
-0.05810077543809039
-0.10624224815365944
-0.06754767740638233
0.06052626639389454
0.01791773901440457
0.08675740128716650
-0.05616526590873681
-0.13779536772003767
0.05578352609518505
-0.00275185702679212
0.09251437045376985
-0.07006790397746364
-0.03774805423288145
-0.09052684276110259
0.03268397389455723
-0.11386559946081576
0.09791638031853273
-0.14244175848494844
-0.04153665337162207
-0.02641521708869842
0.03629565298058686
-0.08289760753604346
-0.07687136176178419
0.01393373564250870
-0.04758528160248249
-0.01047081970722627
-0.00521381783674049
0.06474124357990049
-0.03003570370695929
0.00275986217456433
-0.12972987923403781
0.11586507240360112
-0.08769841284984960
-0.08242590374921550
-0.03769356234534887
0.02385936238399433
0.13904947557828726
0.02184362232708803
0.07990541053688960
-0.04217524509318087
0.01039824106918287
0.02092957930235013
0.09513913741068680
-0.05310080090522289
0.00542153703674744
-0.05790647295150774
0.04904042876959553
-0.08309464023840339
0.02654521596442090
0.02410001405206502
0.00230097739240273
0.06479780598278628
0.03444630249459205
-0.03152885970917906
0.01489371843262674
0.01921042824842529
0.04041453533002706
-0.09984860662898200
-0.11841277908564521
0.08217525766630021
-0.01324774896397782
-0.13938825076535319
-0.01734382872447657
-0.04812737756761491
0.07174943230104419
-0.08620641683397222
0.04590103671177186
0.08444488546234633
-0.10819168320348971
0.03735329722980529
0.04082859622659916
-0.00995853050235925
0.04941792073270177
0.05257072564811326
0.12069691734646369
-0.08890901050283588
0.06630754797617991
-0.01188607637341781
-0.01627943667837747
0.05478830978554063
-0.06638838712118982
0.08061414855751113
0.01253346067399732
0.03630631063370368
0.02659635178761715
-0.03020569577249080
0.02828844736105505
0.02175530026813316
0.09132467668383730
-0.01263642740635796
0.01591932204478113
-0.01552266034111794
0.06545644686433101
-0.01193013947563408
0.01237038695053637
0.13632732862815430
-0.04453277590056707
-0.01069376032570661
0.00069625254934641
0.08411587411377378
-0.06470868044265880
0.02241018892818115
0.04617956692073900
-0.02720453729139080
0.10221205223084386
-0.09911271691361270
0.04731249072214643
-0.11547126528718896
-0.04507917731203134
-0.16190260557542671
0.06282501487466846
-0.05623203118601835
0.09941739277886569
-0.02974237002096482
-0.06273946876930787
-0.00190715577421071
-0.00251591896570073
-0.00567721586025614
-0.04455289019588062
0.07192585828920481
0.02798339630607374
0.04937744474749631
0.02412492458922089
0.08864274256197034
0.08888622181013993
0.02175083581688733
0.06887282701496544
-0.02342323930788134
-0.10939911159337953
-0.04072486134130987
-0.05959707831882581
-0.05428460392092922
-0.02800121601952198
0.05131554061472142
-0.06451759075242250
-0.03759733104266230
-0.00555871773221750
-0.03016497151757922
-0.03861482457278109
0.10915142164786595
0.10390016680602909
-0.01507923634742593
-0.02203404298766238
0.02985976149487587
0.04375692004942842
0.11634906471749508
-0.02633612733525307
-0.00303867834132687
0.05140829196085547
0.03391371821455565
-0.01089107568992888
-0.03319222849839680
-0.02990536525761659
-0.00434348305819936
0.06620907201413168
-0.04961044531879540
-0.13113923435185668
0.00859083099979298
-0.04344748139252217
0.00001885985982762
0.06345273624706042
0.01583932781153517
-0.09039854944906436
0.02412540643099268
-0.02065156203090126
-0.02691870861036352
-0.00113965680118269
0.01523638465036556
-0.03496979788834990
0.12402401313669763
0.06058738881564782
0.00669790395311356
-0.03233456472487206
-0.02267599893421113
-0.01501110586442991
-0.11656543887458246
-0.00255555458851305
-0.01192180316345991
-0.05718548367468029
0.00258802285254380
0.02197462316620468
0.03033782917806145
0.01268099031776749
-0.04762195705496074
-0.01243697674742845
-0.12024217451179503
0.04453562024818174
0.15526661510615081
-0.05833142811490678
-0.00222485107848899
0.02467159010048569
-0.04797800468483537
0.04438022053988773
0.07858954914284723
0.02638151246606979
0.02781791810341577
-0.00994539281849958
0.02961470374781212
0.11350471846669141
-0.05758975987485895
-0.01515347863945795
-0.01166567296779528
0.03663753053007036
-0.09540814535986962
0.00409439519354044
-0.02002484577366083
-0.02473074641858980
-0.12850124552196518
-0.07301204525207332
0.00772873117410899
0.03721789887571204
-0.07087000528158813
-0.01023164574451136
0.06583596863622780
0.01113742628666109
-0.01175279923034359
-0.08663034901208794
-0.08888702502220118
-0.02786081038350719
0.03726343562622869
-0.03359320642272173
0.11226758694863648
0.03739172115161755
-0.00446013982666901
-0.09018936545343427
-0.00683053578063554
-0.11032590487585459
0.08521095892341843
0.07450349961508150
-0.05391337874201402
-0.09630873518977047
-0.06357646133101098
-0.02667716449421964
0.05154775084054574
-0.01907343679812394
0.01367574974664526
0.07389660375612006
0.01050868270951520
0.10298445504424944
-0.00696383494016427
-0.04904228499107273
-0.04912249869304655
-0.06435701064557023
0.00603574256467625
0.13321771074655231
0.06468185289194398
0.06171831104749807
0.00564486913119888
0.03862515594048867
-0.08478676919129166
0.04323447810165312
0.00190426591065842
-0.09728227269662465
0.05540029728987977
0.06928992860677655
0.09275427259182951
0.03338054667757793
-0.00954810271112039
0.00601154404296245
0.00646821775548910
0.06049765972477437
0.10619543756066908
0.05487243073261045
0.20245257135716563
-0.02796927164709791
-0.03091101475554025
-0.07844453133892634
0.10037364283691179
-0.08430285794107562
-0.00259091108203987
0.04312773712887623
-0.06581473416182679
-0.03440733237028579
0.01783268362492758
0.02539723195497061
0.15834110936280688
-0.04213353070920572
-0.08425025423036214
-0.08372852827351089
-0.13810265721003581
0.01048529793625775
0.05624732541003678
0.03795427399209212
-0.03977044388387022
-0.00278660148341645
-0.12551258438069715
-0.02043193403256413
0.05844132410822559
0.03168227203971656
-0.02345257015536490
-0.00943110421157025
0.02648675157167730
-0.01533578702165720
0.03040505636041109
0.09941382838620233
0.03860218795868130
0.03650251706713275
-0.01384411276908191
-0.06765487836920002
0.01434971372829622
0.00398736751169204
-0.05818007406049988
0.05864633175559023
0.05003312015024027
0.03464078999568156
-0.01682932594535567
-0.03119879976008898
-0.08333561790544830
0.00690316338796850
-0.04197900996721426
-0.07867676444199999
0.04664416672428166
0.03752748235297543
0.10890565376821189
-0.12043330374478775
-0.01701583116373155
0.00557935608874316
-0.05717977151057560
0.05740955436725806
-0.02507465833711466
0.08270126837232085
0.01582964188081853
0.05248901582957637
0.04937296049590898
0.09419622899175642
0.10894608474383130
0.05779582436302282
-0.00330049327223447
-0.02905814087634833
0.00261659148907837
-0.08411428108005871
-0.08513809085660559
0.12351902766973667
-0.05869462820333836
-0.03669279605126528
-0.02940523636611526
-0.11792701588219595
-0.02546674684486920
0.04018615524238922
0.12894126690739507
0.04896733862824776
0.00112020051565801
0.02887617191979159
-0.01458964360173389
-0.10470622217114434
0.05821106951522681
0.02060245856181483
-0.14615456904744362
-0.05465829427919827
0.02284756544278143
-0.08099382754496001
0.11713157782860967
-0.03897388053454713
0.11865359317005840
0.10453064303912549
-0.04951306924964557
0.04893021563781872
0.01516193551047759
0.06312208497586923
0.03349945838461975
-0.14236258964582663
0.06280240440461288
0.01243123803646791
-0.02045525496137316
0.07644034543622301
0.11246654201603631
-0.05564926110773603
-0.05554635623258417
0.01199813819465252
-0.04319885288825011
-0.02015333274316842
-0.04431315832748692
-0.00661912029754836
0.08877711615865699
-0.01579976989803104
-0.03972938879071230
0.01809285710306787
0.01840177369034105
-0.03760533013318917
0.12168677312425835
0.01371038107938295
0.01960754029134835
0.00213705634356268
0.11246255543405263
-0.02278166334185413
-0.03048645798121980
-0.08531617963742101
-0.00854415311191065
0.15255614799630243
-0.01329212975591488
0.09914524178345427
-0.02843896703798460
-0.03532064781604134
0.00157211467067695
0.07003001555067524
0.08718275033270848
0.02220636856620436
0.04750255381301300
-0.05478609849210148
0.05730911700314284
0.05537825657471212
-0.00202003708119282
-0.00505548464492563
-0.01918751808659738
0.09101022665962982
-0.04542691870640858
0.03066816762175509
-0.09210666637228435
-0.04128107447201673
-0.02499078751722131
-0.02486140262719284
0.05416761342445438
-0.03724608979381816
0.07299957956450917
-0.02838347538552776
0.04898675580048323
-0.05763290728422275
0.03252657142577407
0.00778679222629343
-0.04222832767174031
-0.02586399114737499
0.07355961802775603
-0.07862388209212630
-0.00404401524543534
0.01751494230433682
-0.00592748266382564
0.02703682377176207
-0.02397669687842567
-0.01343630291957052
-0.00093056519084072
0.07603256617088792
-0.04776166142723756
-0.10513858712587666
-0.07925281797435522
0.02241510584166657
0.07289455723350029
-0.06857863703416260
-0.04296358535156051
-0.04419812125442627
0.04786131783156448
-0.01514147972355375
-0.12892837947597541
-0.12168085349777007
-0.03389690945508923
0.07756911621537381
-0.00585117350295219
0.05101616388751963
0.00568426788687191
-0.02430562882119687
0.07024706748892146
0.07743588169903658
-0.14051174870858210
0.00130601529602240
0.11305619635800356
0.01285423012619035
-0.01806827092588669
-0.07570272163816108
-0.02939379404081659
0.01635771067819444
0.04917217018665154
-0.05776530733205623
-0.07177198959955039
-0.07727035688642749
0.02522856863832116
0.07008245940785388
-0.01055449798893301
0.00455321295089596
0.00760650829391714
-0.10536163942870748
0.04112219341311023
0.03718851585762512
-0.00672158510056906
-0.00376681740205559
-0.10518271602329413
0.04658263738543456
0.00529563693518135
-0.08746129804223110
0.02296029274025329
-0.06386815945161819
0.02779795330444305
-0.04802265998465245
0.02149900422820873
0.04886634773020937
-0.00742511880665457
0.02086259769497333
-0.00921973747054207
-0.07876289886984326
-0.10200921909507339
-0.11772479781642524
-0.05829629957557395
0.00884598929635940
0.02220198614519726
-0.12954192238484780
0.01812654366709650
-0.14373098701482631
-0.08343660539028343
-0.03885413273673013
-0.05073702165441295
-0.07033742428855115
-0.05774691741977803
-0.01690493631703915
0.02846136385905680
-0.05285243834155668
0.00011051875975329
-0.03378988682923913
0.00649572409212833
0.04555332921345248
0.02723650387563319
-0.03266093767011403
0.17223945384739503
0.03800116366920626
0.12348846757125283
0.02024393124376925
-0.03742976621633611
0.07540821121497918
0.01509439818651978
-0.05226165864896273
-0.03207784729234896
0.00772783548568049
0.04235448914607177
-0.03049695795243217
-0.01251427833553041
-0.14707590026082651
-0.00864641584441367
0.08236079480764062
-0.04677234915846867
0.02230309839320481
0.15191693044933877
0.03249317680788308
-0.16494675727091676
0.02195218797025466
-0.08873227267486941
0.07353954434834638
0.04779038179489504
0.02505061620859600
0.15298021231531339
0.06472758032106264
-0.02301734062116115
-0.02060919422979947
-0.00790778218355998
0.08562317068466190
0.05023046296555386
0.02225598529340338
-0.06416867187829854
-0.15226130204548030
-0.04031902336961659
0.01620432513573191
-0.02571460036552970
0.11557238246052262
0.12285500398093684
0.02901086931423171
0.08548040672164894
-0.04136201255337463
0.08498194128568587
-0.11509365035798882
-0.00509442519817820
0.02436279673930178
0.10669593571275365
-0.06701382298584613
-0.14089675682719502
-0.11011399445165942
0.10350556749755699
0.06028600341945591
-0.01472768601091839
-0.06779532995376542
0.04288202828612989
-0.03079704642545088
-0.00502496589450957
-0.03441033455647963
-0.03053455430836085
-0.01524903944600471
-0.04305238789470274
0.02960466819078622
0.02929457722704926
0.03436089569404349
-0.01225565054933840
-0.03845888941799601
0.00610484310316707
0.01145385687476762
-0.05091524953587245
0.01981441507228457
-0.03592968248773905
-0.07773842119074070
-0.09179546783833843
-0.13807666621272538
0.15718008093175809
-0.17892843310181347
-0.06320739482852150
0.01007181828963075
0.02231333510057361
-0.14471886109969490
0.03168669287860461
0.04970748061427907
-0.00019440960740508
0.02365962134979340
-0.04252408320798351
-0.04256416864966839
0.04754967975713616
-0.05322802066266191
0.03948347869676502
0.00568041907630165
0.03561700010958085
-0.00024799495664036
0.00413454601794700
0.07194913480084793
0.01587721823053179
-0.01344942658086428
-0.07658723513086370
0.01101761354220505
-0.03463921775046357
0.03784435438099524
-0.00290598821116262
-0.10597464892313163
-0.03767695693355065
-0.01611724131901836
-0.07742926501818931
0.01226349447729096
0.10588839057737962
-0.04623710726300939
-0.02671861756681203
-0.01343462668361658
-0.04080783871298534
-0.01327066018651552
-0.03618614664022734
-0.00426530356348846
-0.00939277473678709
0.02057149382124575
-0.03863501849161689
0.09146634418756799
0.04127098189472583
-0.08094035725156451
0.03967650320977028
-0.08086388475154131
-0.01907759671807177
0.00533070903704086
-0.05143192166601169
0.00434712935774639
-0.02886180629604816
-0.08694431214910470
-0.03498874972515961
0.00225930786666540
0.00104082380087879
0.10662581556427979
-0.09787660865757375
-0.10403277487363893
0.07518485118612361
-0.04139070329827505
-0.06315097802039686
0.10335411697847845
0.01989620567990603
0.03482810534249293
0.02475430864628408
0.07526491209974190
0.02871045185446695
-0.03078865397252668
-0.03677295002289385
0.04801238358561637
0.03461793954275631
0.01896211194687395
-0.08597843175614750
0.01827430951518393
0.02276060903882386
-0.00684829609900939
-0.04940769338617553
0.01859102535021230
-0.05704811563511452
0.02688680332313900
0.09412956279553532
-0.00197242565524071
0.02343543476656391
0.03619561413170798
0.07514833547266843
-0.01991995563854114
0.07430659703896242
-0.00688323534567482
-0.02108235035472214
-0.03733127194466687
0.07467014174474883
-0.13773881100106786
0.02395046503788324
0.00937155639283541
0.14297040213001264
-0.16302591656551785
-0.04886812158000391
0.05146633433243857
0.03576600520807622
0.07317357092428024
-0.07909842593796795
-0.13504472587934524
0.06750417836329184
0.04162873380748709
0.02095021674192762
0.06945131312878250
0.09827947591174288
-0.01377653819432530
-0.01345524786107981
-0.01408078144044812
0.07415797114216074
0.08767387972295519
0.06246075283132731
-0.02713138424220932
0.01211299755758436
-0.05398869494335341
-0.05010639577771271
0.19962304368506739
0.15551331957482209
0.00223089712859027
0.01205362311373355
0.10688930648748625
0.04242184246741899
0.01423955730172852
0.04487927908506129
0.01196332548242784
0.00107380538459496
0.01077230000356196
-0.06931577727044856
-0.04671681289426836
0.06959187218858640
-0.06418418924326810
0.12772456560867942
-0.03049673934795401
0.01748003854709315
-0.03733693479948213
0.01805369041863329
-0.04954980488879086
-0.00559815868035200
0.06118424141347423
0.02751304018530026
-0.04014335955937067
-0.08253644701550875
0.04147751805386805
0.08929248358237084
0.02190041936965968
0.02150142231314320
0.05957677760044371
0.01574725499683098
0.09396908834093738
-0.10751854265544956
-0.00603530771686365
-0.12559980536282120
0.05622224281644106
0.04038571285965627
-0.03664121145637405
0.05837069778308217
-0.00834682853457505
-0.01898389385335402
-0.07349956669623352
0.02641716734979717
-0.02914773807417836
0.01892760184292225
-0.05452837515148146
-0.01055000804752621
-0.05997123097377422
0.01717961938569852
-0.01760853289574788
-0.06838566240699216
-0.02522558202748830
0.05222791826632479
0.12956072806082369
0.01186194691519618
0.01447629578623125
-0.07268236597327295
0.04863269897510545
0.06605557956032461
0.05469928041267533
0.01002128076828380
0.11982382444076377
-0.02351624863316512
-0.00359710306049359
0.01557403644774206
0.01589844632496473
0.07139245025564078
0.11749555522582392
0.00761213597054045
-0.04958730368987586
-0.07421850320156037
0.11703086089565196
-0.06626905265749786
-0.04147665047728952
-0.08218878146600793
0.05578185758603851
0.00282834032204266
0.12626106036719945
-0.10864889562927772
0.07060765489510669
0.11415720698239870
-0.05451222975790102
-0.07320074727631364
-0.05342904117808626
0.02357797758121055
0.04671052713801541
0.09281625366608787
0.00017666012986263
-0.03043005553771801
-0.05882877090639643
0.06214773141128004
0.01520715190508145
-0.04589264835907475
0.02434392243343506
-0.02958181146744403
0.03432297806928387
0.06803589321061225
-0.08888410859025951
-0.05225654273962718
-0.05264555174721525
-0.07665609265279229
-0.02987431455793368
0.01626217594060675
0.06946339817231716
-0.07781707060001102
-0.02843788715654313
-0.00140638442409652
-0.00915843255961882
0.02945926064299065
0.20985392454319535
0.04907907586390203
-0.05140475624889788
0.01430016552762510
0.02773856426066007
-0.10769898778174133
-0.04684147308315090
0.09134589084565826
0.02274374641200338
-0.02159113094745985
0.06117301953660383
0.03421852809010026
-0.07435874416511963
0.03049167784214285
0.06884749492153669
0.02193726915684027
0.01668864387931287
0.00994953198260278
0.10870600231987732
0.08466936122811403
0.04946898963668647
-0.04913519655469528
0.01926445445800497
0.07922185805108312
0.02617557654588371
-0.04911862092359838
-0.00256734525152701
-0.01128049456881496
0.01281997981610153
-0.03989143816072208
0.03821201869032424
0.06136363249798731
0.01558363323406774
0.02133857951235786
-0.01757835410454402
-0.00587542538882555
0.00983160586815868
0.02183608875098647
0.09063373778869366
-0.01118739912632445
0.00126277077698923
0.18905009965987943
-0.12198890686428160
-0.10035919688824799
-0.01286246323398994
-0.06214776098297693
-0.04398168695172985
-0.04435361334447076
0.07201591219807710
-0.01537536975414207
0.03308044999977455
-0.04286626672476226
-0.03684174028320857
-0.01496627684333983
-0.06789158361442126
0.05696269587611617
0.06978295844067701
-0.01330853230775443
0.10271230514014996
-0.04697336643705484
-0.04182647024040777
-0.03014161237214636
0.00975093848781947
0.09609457832766230
-0.05723108986573777
0.06836732539904052
0.11165514936706242
-0.00670971910298654
0.01902159462718754
-0.01467470129113538
-0.14181168311818806
-0.13838977725418108
-0.06454321599298286
-0.11859528906080972
0.07282408518947889
0.01960476345957427
-0.00282561351677006
-0.00841399297190216
-0.05511099205166064
0.01257108757606734
-0.00536464238391268
0.01299707991424366
-0.04826222202659376
-0.03851284832709288
-0.08677421228205967
0.04933922020254386
0.02280376130979438
0.08439828980751814
-0.08977639176732477
0.07948735800066406
0.04819083420470946
-0.10208617506518296
-0.06256028502470483
0.12830688739987806
0.07065287854723967
-0.04081216047908373
-0.09432106517744808
-0.01243429709280611
0.03665248948280034
0.00873419573094474
-0.04803537090855074
0.11440117889845418
-0.00727932045973754
-0.01942093673793185
-0.14724861075247653
-0.00156790825474062
-0.09643878624163262
-0.12460161244094485
0.08041923363004273
0.04415559876207992
0.05285449703617213
-0.01179601580002561
0.07843880831400228
-0.01666138661685540
0.01688878839567278
0.02028248169832648
-0.09698280631526059
0.03365775741612658
-0.08246819126211465
-0.09913631095342346
-0.02785230454517658
-0.04471671315879903
0.00859153018251389
0.06912488924887633
-0.01385470015905517
0.00385931877444301
0.01412447507469974
0.03752270563634800
-0.03603314585704132
0.06175121408697479
-0.00783373289073584
-0.02658317424523894
-0.06785373474473616
-0.06776554692798967
0.05210562861882177
-0.05825846300384047
0.04608685516735283
-0.08704517268100985
-0.03329013004261026
0.00606917641953260
-0.09906888642703529
-0.07343306783105742
0.00304853098418967
0.05301787152761558
-0.02712803748196512
-0.04056807411412208
0.03679199746010874
-0.08167426612145591
0.08523834786967800
0.07376234822437634
0.01169987471543377
-0.11249553467924821
-0.02029242795835003
-0.02622272465448118
0.00505875936302911
0.18228698229683399
0.01013699883904870
-0.02166436315100534
0.12374297793644905
0.00203223000649975
-0.13567513059649955
0.01464002563380259
-0.11129752694659267
0.02772231625173700
-0.04029114417679906
-0.03567548531069124
0.08369084973196760
-0.03132045195663880
0.10463534010934397
0.01947215436172748
-0.01259322062110170
-0.00749572194455312
-0.09896725550000575
0.00989237880934277
0.03199263410889077
-0.03157847562628170
0.08015585364040322
0.06040656716766419
0.07752038936197017
0.12637168511858779
-0.01321053971472170
-0.06555962143916594
-0.07357943413792917
0.01210851547307828
0.00396124206757590
-0.05045771432126439
-0.06477513386259576
-0.03892796096598315
0.07899116312332979
-0.02410352929874074
0.03479033834646329
-0.02237624152338041
0.08038355708201360
-0.03452471612721676
0.12412883061031001
0.02237245446474113
0.00277856553285226
0.01935218401925896
-0.11661430350408770
0.04626331020478634
-0.07523406947730753
0.07315162230234232
0.00805395066364170
0.06068817792803936
-0.11881025641686944
0.01028533982168373
0.06716813836848216
0.07811789754049915
-0.01014509877818012
-0.06663974150936615
0.03396172908049017
-0.00863378467461936
0.08655770452329127
-0.14189136038310562
0.03566884247457431
0.02725749800778839
-0.00943830025607230
-0.03062584636012414
0.01042427869575353
-0.00869715433422589
-0.01655013462193193
0.03284173999572057
-0.04254982216358155
-0.01524252190128893
-0.07685585278576737
-0.02334825322808544
0.03161319279411874
-0.03054843542359172
0.05821339235688783
0.07715138515041720
0.08517213712692905
-0.01996727289915035
-0.02949092638337405
-0.00423843038516898
-0.04851360928064705
-0.06754538754012031
-0.08735321782633665
-0.05847120716647979
0.00471253126288461
-0.04707439403675628
0.04054831692774144
-0.01718578855402259
0.09493317280629525
0.03676987226810553
-0.09953852038087409
-0.07012985422104619
0.02906335464295860
0.07503038826550711
-0.04273356211801607
-0.10532866160034568
-0.00965163033635485
0.11283924330819721
-0.04439816857261530
-0.03028054768807269
0.02241218398795731
0.06222974960210989
0.06802581425891337
0.04617732539996112
-0.05991332778026665
0.00474539353708025
0.02161271073869961
0.04378354734708149
-0.00088307036468937
0.02385989736025810
0.01584105270179235
-0.06352528151060374
-0.04315572242005426
0.09510153812178143
-0.01209069485152832
0.08796646846284939
-0.00170428973521404
0.00569473017158213
0.07201472285031960
0.01870961442366248
0.04145778312396672
0.02104498238406918
0.06530219409332816
-0.07994987701874566
-0.00338916725691170
0.08811594959160868
0.02138987941656239
-0.06248988733501483
-0.09482461230891240
-0.01802390965026791
0.04921623909003001
0.03654116735974535
-0.04125158275598052
-0.02445118935758442
0.07835732922395149
0.07369795131720877
0.01379834569931704
-0.14526709124035381
-0.01890491114156297
-0.04201337468883554
0.04605385881472505
-0.05582371500885136
-0.00709067381095530
0.00901347386973941
-0.05772032957747592
0.02817465071994407
0.03460348079402392
0.01439898403244374
-0.03754222996283207
0.10341554276279756
-0.06747999312893094
0.01853629295242571
-0.03910577438302584
0.10111867797113072
-0.01138908882845694
-0.02566228965473296
-0.08926833476755013
-0.04190056294009256
-0.01480434662724767
-0.02454411575726353
-0.00378870082014383
-0.07057270185492880
0.03475823987018385
-0.04234572407743644
-0.01219760694692124
-0.03081142496232588
0.10135776831421779
-0.06194869978175545
-0.04625852708041328
-0.02324298427033706
-0.00740785784162145
0.00851652126472017
0.00783299438481006
0.09110850320856641
-0.00107294817352145
0.05747468599181737
0.02235976365843002
0.10313550921478237
-0.00446125540006982
0.07684338004517732
0.04205779104277014
0.01188698774552019
-0.05556420394876817
0.07551097264941781
-0.06033387090111097
-0.02498167272249431
0.03751550293763176
-0.05056449396113157
-0.05268644331587150
-0.04374730844406233
0.12058674339511809
-0.15335037898143694
-0.07286134142739319
-0.10681071464224776
-0.01898170844278140
0.02075010861686193
0.01076412486864453
0.05661533735488224
0.02048879503053980
-0.11960406784713210
-0.03013131149597799
0.01904972209797540
0.06871662649967909
0.05173146302956195
0.04652108466692673
-0.02180153618615471
-0.00485217296836135
-0.08000826690501887
-0.02261484669938617
0.08594904725512387
-0.00398243413574006
-0.07605553467683743
0.01184396108174354
-0.05997618212991794
0.07830436584267929
0.19925190123265912
-0.00276585865223139
0.01154359698764337
-0.13531701978746880
-0.01569413804268344
-0.08133256118425768
-0.05594344387478183
0.00978072042237102
0.02156467657240164
0.09112662735626063
-0.01789100178997035
0.01184438773322139
0.01543861582642603
-0.02405980406090390
-0.04197450895565853
-0.03366995505318134
-0.04933890440929126
-0.01910200599995162
-0.10327646124661322
-0.02062492878905351
0.01138226809781533
0.01402431132232258
-0.06074864434411194
-0.00553411046505496
0.00239492431138868
0.12507573554836002
0.01694840204314843
-0.01074644980401582
-0.04233343326712105
-0.05264523384408245
0.00366551444897717
0.05479301278453996
-0.07400363836859258
-0.06453307232613406
0.14664215342526332
-0.05661852810065055
-0.01838760466463699
-0.03944560505162856
-0.02074543570572519
-0.05547815250087418
-0.00120086962388412
-0.05306395050533884
0.00241396666409475
-0.00775626612208096
0.00008490506384561
-0.03210209849940703
-0.02848347205730687
-0.04315142719407079
-0.00086150525319837
0.02903085554715154
-0.02326508751470665
0.04228039867855796
-0.01334545321573590
0.05163516949626714
0.01144230733956286
-0.03668736145263018
-0.08062481682036683
0.07023130577902501
-0.01080837417049070
0.06020390147651006
-0.05045442134804659
0.05949161645893232
-0.01970317122581244
0.08898606331347420
-0.02603087173796354
0.03221177025004028
-0.07686827091811385
0.04744746744597974
0.08542965598483027
0.06761506371250973
0.01966822123496510
-0.06496085013964933
0.03351343702954284
0.00179177165658468
0.00995154584479048
0.03719148662388867
-0.01612452262964379
-0.06907473692400296
0.02951712176215922
-0.09417203875725547
0.07267257532746564
-0.08490547270554735
-0.00771321791628125
0.03875241226186799
0.12097411018326561
0.03401068915927843
0.06387976998101386
0.00212087185331634
-0.05200266879282377
0.01735982628491223
0.04747263322801994
-0.03376122034003163
-0.04731556057567253
-0.03900085616341956
0.06317564676085520
-0.03296755551452002
-0.00261354006331009
-0.01472747507416883
0.06874958174557533
0.01249199454566597
0.13253799934137878
-0.07441208037870206
-0.04518891516680430
0.01259956433737225
-0.01558318318786581
-0.09186301627348133
-0.06295976805432722
-0.00376138695559186
-0.11246212599146291
0.10685163339373857
-0.01614680954753693
0.03786774088716068
-0.03156869309761585
0.06708104015427734
0.05461271837992817
0.01791884461187041
-0.10652064694584641
-0.02466017915636847
-0.10745990611913726
0.01382406901590077
-0.03170346205441800
-0.05987376873111084
-0.08292961931118392
0.05243619428545464
-0.01913545069334393
-0.01931000976873484
0.08826377825982475
0.09892041903676678
-0.02573274946874389
-0.01776282034797299
0.06435363402038682
0.01300298624066599
0.09361874492547011
-0.02480885313535468
0.02865302282776893
-0.01721511476564637
0.00654235727194763
0.04272346213721208
-0.01870190024230221
0.03152355988395540
-0.02313956080317486
-0.01148464525780104
-0.04174526829722241
0.00278898998174175
-0.04358361016360759
0.16269937678481752
-0.04786620269714718
0.03201457918744763
0.00953210682640565
-0.07701758138130060
-0.01339409950117022
0.01310070957933090
-0.04293288263634175
0.02628998842329723
0.04543811499974699
-0.01223358796747085
-0.04243244604462030
0.00118691955407540
-0.04281725630629866
-0.00786332721117692
-0.15424356103201273
-0.02725367780929895
0.01393076855484015
-0.01388489775103658
-0.10475709221023602
-0.00404082048145412
-0.01373913236945010
-0.04489589669185894
-0.00185491770276007
0.00986482576348757
0.06270964865362882
0.02705952202470954
-0.02194459078019682
-0.02590765441031728
0.00270392506494839
0.07607778810364177
0.10384626155971381
-0.03676873769644009
-0.02991010118411893
-0.02191158775159774
-0.11193606829049786
-0.07837289935867392
-0.14118531232859199
-0.01927227761660698
0.08856471296042882
-0.03390950736200986
0.00981151821501252
-0.00814230485206237
0.04796378367892589
0.06867462665350736
0.00978936377327456
0.02032434102329824
0.05249695190404866
0.08131092679960820
0.03125047849993669
0.02554605629507441
-0.00806968082071877
0.03617230975850382
0.10399556256003106
0.14712605076458143
0.00563498442062209
-0.02804232620675970
0.01807679673539484
0.09895197699523137
-0.00458882816855694
-0.02881230484435884
0.02343136860414466
-0.00799491547879707
-0.05272488756986107
0.18958635787460273
-0.03899945717368247
0.01059492036257523
0.05234907614411150
0.07860397587107500
0.15045174716601933
0.02805020032744493
0.06057912911409388
0.19652053107759213
0.09182513491943135
-0.08223973633147150
0.09118240291631695
0.11410891346418293
0.08764181138715886
-0.03159333295365939
0.03421218702823551
0.00134930687942153
-0.03174173869477982
0.03378635110627412
-0.04169804249614513
-0.03687159689719925
-0.02838327730901604
-0.00639146624794048
0.16816432608810231
0.04494360723877878
-0.03350188772069012
-0.01377149317392604
-0.04596681955866522
0.05782756423119836
0.06118712204233272
-0.01795901840001400
0.02901679226435454
-0.00271882256983064
0.02882726412439260
-0.06389208583570313
0.02024420594867186
0.02839341474228358
-0.10413279004803097
0.06809911294492715
0.01294006638928161
0.09454564442214342
0.07994529151036232
-0.01704299447730294
-0.10048312733141078
0.13262185461099082
0.02907361342539145
0.08951595108095582
0.01745522826059183
-0.04490240162663021
-0.05787312499382097
-0.05384326639710519
-0.03358738421915397
-0.01250306347893463
-0.08992976307422904
0.09190473309833629
-0.05786991137807898
0.10935682873819659
-0.02806006570461609
0.02288652572277411
0.00682530200516409
-0.13263290649122891
0.08288598926873117
0.08708012191381183
-0.00542509546117514
0.05514261305414273
0.04580161768134820
0.05001032910872487
-0.04973904715817788
-0.02892488693426263
-0.05222770790201794
0.00472636665835165
-0.09815914093344884
0.06134152686885803
-0.02991473868309102
0.05480485676853405
0.03108117434363492
0.03219417052876206
0.04443999336654621
-0.07528790952666885
0.05514761072412648
0.07117858118891641
0.07765917704732496
-0.08305220167102866
0.04841731953498176
0.05054361529692798
-0.06476415056506125
0.05606382354005335
-0.02903857925169829
-0.01354154439060170
0.07451037611070739
0.00692758912346030
-0.03784943173832748
0.00683827416539305
-0.03144596536800561
-0.08983395062940916
-0.02441785959860922
-0.00544216215039247
-0.01904523163573159
-0.06757660601681420
-0.03326764296538953
-0.04697859816287862
-0.06503154978186945
-0.01958390213965970
0.04218167588711595
0.01925173648783156
0.11088721967766890
0.10058592726588647
0.05964178054407796
0.04879337558171179
0.09045142823117033
-0.01081931202485579
0.03752609903022187
-0.00100749190179471
-0.07556458888403690
0.04678530593010148
-0.02044879979333250
-0.05907743976598369
0.04066808350565183
0.05258597501414267
-0.09288937974123120
-0.06074246778303869
0.01297024712124062
0.00117820921336686
0.06579434118968668
0.02774185492448710
-0.01221954938412449
-0.13066224879537988
0.01461714246592611
0.05952336193610205
-0.03073649834387400
-0.05467362477252666
0.03491092649509411
0.06794624660475675
-0.14192915973421019
0.06864722351791568
-0.05660188255544742
-0.05614197867083989
0.07130717305431820
-0.00129732632472728
0.03929567443833475
0.01841722390433941
0.02049596043142958
0.08038037513804683
-0.09976623060295171
-0.04032347808980890
-0.13691235915361721
0.02865944386893098
0.00012319254980329
-0.02041248637327664
0.06367311288235908
0.05533396081065705
-0.08565098968668144
-0.02778258684057257
-0.04667058753552962
-0.08253818212485831
-0.00258763633935881
-0.04038417444814607
0.06376277255646427
0.01496602075874270
-0.10516220719037209
0.02521613718257771
0.13311551144505393
0.11878663691788968
-0.01161303639492336
0.00504538470366555
0.04792919405853144
0.05301821141696417
0.00166427363354814
0.01076499642036444
0.03788868848467464
0.00655304218407614
-0.11420163663489817
-0.01393976903643341
-0.05388978485386876
-0.04560665255048558
-0.01849485084219635
0.02780290140950054
0.03087699312113363
-0.08543490915522976
-0.02549418460007342
-0.04874065100392981
-0.00039552323199261
-0.03130542043953281
0.17046934190808335
-0.01907777526780846
-0.00295029471438670
-0.13122940001069733
0.09947482071211253
0.01028230758413384
-0.13089399013825939
0.04945289350458709
0.00132765426876005
-0.15074789461841381
0.07355883845450549
-0.05224968705428858
-0.00830594391600865
-0.02640237520616532
-0.01830531321983517
-0.02841343768656132
0.04660462988125935
-0.04274111789372622
-0.03842087636991765
-0.01640800881033285
-0.03622163689346757
0.03328717997045050
0.09813949951545672
-0.08769647180332567
0.07539963510367165
0.07844480491560432
0.08138355550034078
-0.00776837184342657
-0.04590604843626184
0.01749905769360898
0.07249386265294809
-0.04568994962727126
0.03745227834027060
-0.03925227727894947
-0.10845259733766964
0.07890545971856029
0.01888845786897829
-0.06025334164942905
-0.06801322467688484
-0.07961457030609104
0.04645496610545222
-0.00981644491731469
-0.09680027704077357
-0.06002014921927178
0.06085825484022914
0.04107690493185547
-0.04837387827830681
0.02915041842798205
-0.00699535363405456
0.12241917450899660
0.04020299512259055
0.01453024315146806
-0.00080241795974836
-0.03245561553305054
-0.03012956525933773
0.00241914469605656
-0.02504883186883911
-0.01421533090182354
-0.11175459164935932
0.04348784198205967
-0.01446317333912937
-0.04361921788867328
0.08129421521580407
0.02231475476426268
0.01285129950510294
0.06184778849925401
-0.07990850434324556
0.11023630854846471
-0.06366011527784633
-0.07068682449018533
0.02459810168246791
0.10176267715209425
-0.05036154367974219
-0.04087533701158471
0.06181056513059411
-0.02816413707152720
-0.04610496774585297
0.02362516429639526
0.04935135150464758
-0.06905159320208591
0.07259599381030163
-0.00977395594071548
0.07956589278623237
0.10709679259618278
-0.11154708772516553
-0.03412009863767117
-0.02282744772412284
-0.02987498647243508
0.07202741445975319
0.04633371374914245
0.08992846959638449
-0.00702321436582055
-0.00004149713776423
0.01891687405938399
-0.03709195957608624
-0.00435488237849624
0.03352494215272047
-0.01386349341331498
0.01757921296587615
-0.04594468291653172
0.04755798062534756
0.00179072679494587
0.01489663209734546
0.04604149877574470
-0.09426254679481137
0.04295955354173046
-0.02644543149574602
-0.11616370514506660
0.06763294310529899
-0.04501262061230320
-0.08182547500432548
-0.00614812845864325
-0.10579490977519763
-0.00226711005329063
0.05869325913168386
0.09081654978330711
-0.09797501529102831
0.05202686953648337
-0.01950202720119973
-0.00426667309811110
-0.00874953127384238
-0.00648323478300852
0.01096779266797138
-0.02461872719911284
-0.06438322469575565
-0.12955917984296011
-0.00502522191989377
0.00428054515235470
-0.03167211090724025
0.14704865487895361
0.06243093337684254
-0.04153766044328783
-0.08100805300344388
-0.05858895991362472
-0.02055257678891079
0.11059608898253286
0.02472752062019273
-0.04706814262761849
-0.03513333431858429
0.11741711895291959
-0.05411897165990164
-0.12181675085436036
-0.10886670430928930
0.00010983605941551
-0.05250096771875745
-0.08721766730800873
-0.05211074005469375
0.09900510732545713
0.03580049299024558
0.06121523764806253
-0.02749210070647625
0.07028048584444586
-0.08749464438811150
0.02439928941159588
-0.00354170649234486
-0.05421991694417991
0.04785711805549816
0.01394534529973682
0.18201683185383938
-0.08928438839707949
-0.02084280325960845
0.11743089145318621
-0.06471586774000998
-0.01517896935121416
-0.05447474188889844
-0.04717747036797175
-0.04361134493299081
-0.00563105110179910
-0.02656040038791408
0.01319749899058868
-0.00853302887677412
0.01514904037014959
-0.00240347103597316
0.02680871027409739
0.04639514065305487
-0.01067993484808696
-0.01898922604195034
0.09418749148040488
-0.03879289637528680
0.03801902066827999
-0.00026778728206834
-0.03187527255187560
-0.09334311192831145
-0.05674472279505943
-0.04815768406305683
-0.05423603067019745
0.02765177569890359
0.02432782056292565
-0.01778987934782787
0.00823202055382101
0.04080861422124502
-0.10273967093320353
0.06356236248701805
-0.00085602816690716
0.10870493226217795
-0.00475022794477162
-0.01377325730141609
0.03681586901914599
-0.02373326398117814
0.02956020344770846
0.04320571031968002
-0.06275752273289088
-0.07305231533277529
0.05032692331388321
0.06709176105308415
-0.16390828167138666
0.09418737841312892
-0.10710959261675793
0.02742605827594070
0.13585798562637233
0.08443233425160587
-0.00566307479927040
0.09299912432864586
0.04240818406870477
0.01832195995742984
-0.05394842736775140
-0.01533096504200336
0.01437140193618852
-0.11510582023471018
-0.05503653192097349
-0.02824626902754049
-0.10721406691568665
0.06039833724639489
0.05046998736891482
-0.01523620056756637
0.06289292544891609
0.14188310950864563
-0.01687134150918574
0.05079563084558734
0.05028678963619514
-0.07053907323808237
0.08090592065765742
0.05659651933244290
-0.09118005898114839
0.04462292990211365
-0.09736743557423912
0.00137037588738949
0.16402781877544598
0.03979641239055400
-0.03602473876075035
0.06608040985964174
-0.04825564518300635
0.00807475004361777
0.01646442841836466
-0.00348319120894568
-0.07884292522210909
0.15381802671105174
-0.05676694746293993
-0.01997028444734286
-0.01569316804421877
-0.01731550199570521
0.05482416050283188
0.02055670712486441
0.00134693019940100
0.01767710467839333
-0.03949633041176724
-0.09459539371840110
0.00896717460795521
-0.03516195121123348
-0.00566297143727885
-0.05898420435180599
0.04997301542271082
0.03240694173582936
-0.06732251940352063
-0.00465771433270239
0.03618733628606621
-0.05478759073893572
-0.04170440720876079
-0.07890936847560551
-0.04501211995144782
0.02193994872481678
0.00891424302382992
0.10462651325455927
0.06275168443716080
0.03476731411463329
0.03089036123171109
-0.00541199115854190
-0.04652192809173830
-0.04686261533669882
-0.02689191066802705
-0.04705765890137428
-0.13742435511021400
0.06647110957075955
0.04961752641609028
-0.04681396054452311
-0.03216555224599601
0.07798977923378084
0.09111016161890609
-0.05600299400993265
0.09520908474082629
-0.09294432134483153
0.03713499700616968
0.05402587249517213
0.04695983539509023
0.07399082864406821
-0.12712870554129690
0.00802967947933040
-0.02322885735329198
0.10265091814935513
-0.05241342477480432
0.01029656314415332
-0.03166700876031636
0.02468891412635174
0.11182429917932500
-0.00858616892374609
0.00587176614608819
-0.04379088029521458
0.05001895873894187
0.01594429993932071
0.03912015535955509
0.12048881368901990
-0.02800055224260164
-0.00458556262108417
-0.05815420000288913
-0.06784622669908577
0.00778820583813893
0.00568041806955681
0.09262656592272935
0.05106142506189667
0.07467768775370064
-0.06658359871592055
-0.00295986386532951
-0.07766729142622070
0.09432068849056865
0.04559369458600088
0.09545536033169283
-0.01208492273268081
0.00331778975054103
-0.11312222064480948
-0.01123609737317254
0.04504498655075600
-0.01565529274256612
0.10130383365656064
-0.01218686302606399
-0.22634771870962717
0.02294561638767296
-0.01695284698456075
-0.01027174794129444
0.00358429026164379
0.03223593297696686
0.10957677615593417
0.06334206784224854
-0.13409243564515036
-0.03107985993357345
0.00584965907716219
0.03298071157143051
-0.02659518450272567
0.00837481562025831
-0.04405129441179914
-0.18718551928788202
0.06278573426707559
-0.18032685440063340
-0.12408715726220963
0.04923153479992180
0.08490231012099334
0.04165197059686922
-0.01565873251893838
0.02879651028649153
0.06504318093212699
-0.00723616525790838
-0.11160506673520076
-0.01521676317252243
0.10131374606728297
-0.01362611331527243
-0.12059062892288737
-0.01895395299155207
-0.05588817381288454
-0.07463505507698685
-0.05880254975538829
0.05825063114596329
0.01472370815401026
-0.03698371741605247
0.14495947484636026
0.08066984074924663
-0.01858948277293967
-0.04728461004594559
-0.02281259309252189
0.01778831573062872
-0.01191150270281631
0.02232678298463672
0.09117091243952882
-0.06978584257160252
0.02039893379632799
0.09101408683638322
0.02569538323369074
-0.04457405380047580
-0.02076936815942862
0.05707719321745377
-0.03165856569028732
0.09264121950656327
0.00501099636799394
0.05258536337925620
0.12578225268553411
-0.06325467629146858
0.05564760743113425
-0.05204249306750102
0.00428797851125678
0.08608079788453585
0.01061854302951766
-0.00973888271242382
0.04430489256320314
-0.06702532579517398
0.11578358001568657
-0.07186415577755742
0.03751799684252880
-0.06625639005349292
0.08541776627765581
0.14294473319051848
-0.08975797523805558
0.07306200957067359
-0.07033551704352468
-0.04369927510181328
-0.02584714319514868
-0.01408954906695776
0.06048105333519936
-0.09862960866354326
-0.08084846620824578
-0.00611814073365135
-0.11910217307193251
0.07602605438347505
-0.00777158248332621
0.05099102713048056
-0.04141440709187905
0.06699160548911437
0.05892157528711353
0.02954405077269417
-0.03411991250018337
-0.08181660024197536
-0.02360599619571209
0.04691772906202757
0.08261599829265276
-0.05050819355102308
-0.03655069397404122
0.02970122298817110
-0.00268202303219221
0.02778904379106388
-0.00622475570275497
0.06582036352067326
0.01101382773933042
0.00657084014751759
-0.02670334241862748
0.08861475830503368
-0.09537130272222162
-0.06150076639953134
0.02542477209430101
0.05524163368723817
0.05999519194210775
0.01318948930607195
-0.09608025848301943
0.00898588463678407
0.05502387807841944
0.07753149557704161
0.01947688995031639
-0.02412449053547860
0.09218349501335336
0.07518176590337365
-0.01225101570835715
0.01116381539008176
-0.00490562500391542
-0.04099661322335757
0.07234229380814555
0.08034604681180346
0.01905414958243052
0.02690826574252424
0.05959637525527359
-0.08545139604687185
0.00123487543840959
0.01839365782565629
-0.05863711608797442
0.04248462544566689
0.01143921246175971
0.02179295805175060
-0.00183859348828946
0.06832243551386463
-0.07062606759446730
-0.02481659913131020
0.11553671199356785
-0.04350638651935754
0.08607571556338581
0.12833455654044276
0.01283259650577144
0.09702646929907922
-0.03504831252813718
-0.08601648662613705
-0.03995554452925894
0.01329766480895227
-0.10461722379871193
0.00730809855048244
0.06027174902961003
-0.01149894650867018
0.03977098063166133
0.00458079544063697
-0.09895285378243399
0.07590190640251783
0.04359692585028772
0.06933243939913207
0.01358735940502636
-0.00052939825793499
-0.10533996518022785
-0.06673793188828130
0.06377539122989249
-0.03930995728820241
0.06251972179541196
-0.08545853694093002
0.03670782695844001
0.11586453849023645
0.03318355162919989
-0.03567485338971745
-0.06079721092261191
0.01676016215674300
0.05844768383015177
0.07636117723324494
-0.02847105921942160
0.01785091610905444
-0.07072213706872424
-0.05230962022636823
0.01754411338751466
-0.09312132459565768
-0.01824748664746310
-0.00023251965132564
0.07317336899530892
-0.11527159018570902
0.02945936566762471
-0.09741364675821916
0.00976994417940846
0.01941358607503917
0.06996880962927225
-0.02980376493950472
0.05773519447223140
0.02886419616418805
0.01117047307037235
-0.06152360710207683
0.05413962034362720
-0.03474041222869692
-0.01952005667126223
0.05941235051245412
0.09355204365112076
0.07822828794619456
-0.00199823840817725
0.00384866015946964
0.06523551725160089
-0.11232715915460223
-0.03032263502931274
-0.10120065700120695
-0.03160582942058585
-0.02203896533064720
0.13008659530843178
-0.08008513052059896
-0.02083881741249409
-0.07101404005707342
0.05847206738377140
-0.03765755795826629
-0.05082184396497749
0.08606700576427428
0.03423885041810491
0.05517057627189255
0.00574376675124803
-0.01662202358836026
0.05584742141176386
0.01027649107168512
0.08322726269245370
0.12905372065243120
-0.01944556775533694
0.10365115823199671
-0.02112405477222715
0.04002016982812383
-0.04871006950357901
0.07828606569929578
-0.00997431054635035
-0.06672266173214392
0.08491986342814889
0.01659892712912175
-0.00670262487293030
-0.03450677434384183
-0.07250741392963361
-0.01688294684699517
0.12602879640984335
-0.09414946376614959
-0.01348093548747381
0.00270364833096440
0.01145007396604315
0.03847417114417905
0.02001062968441744
0.09574983389587234
-0.11991088111941151
0.03366904102382071
0.00663165552249434
0.00174893078838492
-0.01850086896367523
-0.05302898295220474
0.03583563011000498
-0.09620395465006897
0.00109849717671750
0.00818880397396257
0.02252894248860345
-0.06094470407213735
0.14729989958951131
-0.04525237375333711
-0.08394024082109086
-0.00358978020891301
0.06295191798324141
0.07790416834067923
0.04624055977882364
0.00282473653409343
0.02438608903303258
0.00298555747960985
-0.01473903987105835
-0.03001163282801903
-0.04217106480200526
0.14078049681305393
-0.04588915147393068
0.03534107626606904
0.01484385696690654
0.03772885219774953
0.10094069485436723
-0.04724634205319551
-0.06043386724163097
-0.01898942907151930
-0.12259054703402905
-0.03305825861277262
-0.01626916479697737
0.04760568283402269
0.04478481722411266
0.01622014576727978
-0.01027379589314173
-0.07253556636970185
0.01458619267627929
-0.07206798485515536
0.13866324022334248
-0.01426719837163491
0.01353189695541256
0.02072464704690381
0.06499380007609498
0.03306795912020370
-0.05545644566141576
0.06370983571513009
0.08932842982325695
-0.09028078132676377
0.02215935243627670
-0.04205306204699361
-0.04685916754964375
-0.02185533266598678
0.03686600334920563
0.02217315621399757
-0.06374840136446759
-0.09974173768852451
0.13219081721776862
0.00597002137819607
-0.07602758778966302
0.00813136382803498
-0.13055166740576468
-0.05134283360961973
-0.04421603457990335
0.09162100853258326
0.01465364555608995
0.09398819651960404
-0.04931631177363699
0.01336517847273619
-0.06910238194661006
0.03191863677265278
0.00468176876256018
-0.00407392643100131
-0.02348239287423482
0.07576985038873804
0.06804953846890459
-0.06233773702999762
0.10271002859935656
-0.08584817525231579
-0.05909313454320842
0.02196038427515540
-0.13127374941529699
0.00267352712716966
0.07923181802169878
0.02045701779001964
0.04438788569730379
0.04756829570656852
-0.01035273681418421
-0.07935900374246099
-0.11072690230882333
-0.05879526842210187
-0.02789401109486947
-0.02894391199690511
0.11800086189866633
0.00568218114853870
0.09613268681726587
0.06350821706623962
0.04211186609374707
-0.11864658738728331
0.02871374919583015
-0.03839471686727321
0.02703636410869282
0.09939581202435133
-0.05912002951042312
0.02452497849231941
0.01539491033054372
0.03204404474428364
-0.01766951688755995
-0.03953112193345090
-0.00327435824657561
-0.01799675730424660
-0.02727084716706128
-0.03523105484757810
-0.06949895839726020
0.05840581455597701
0.05928372077879056
-0.13350576738203970
-0.02713680245136408
0.03962048266259096
-0.03301512993783106
0.17269425303090719
-0.01364646634354255
0.02350100882132184
0.04145029423052822
-0.03697952349553825
-0.01413939215277966
-0.06916161869760092
0.02516115296075741
0.00512868651624826
0.03749595528037539
-0.01218030661449370
-0.00701239369537853
-0.10687804697144723
-0.03643761330095591
0.07739588818233287
0.01872025135432577
0.02120138065860557
0.02353884450417795
-0.04793161962823253
-0.02954295381224704
-0.04062036141137386
0.00505393053838171
-0.01852968742143991
0.04466536713361650
0.09710314528920251
0.04931846944693850
-0.03560492869732646
0.02619971200265043
-0.03157793187384477
-0.03011724681979196
-0.07198551535087026
-0.06294290049898442
0.04655366185584069
-0.03034413916887124
0.03219939522934995
0.03456183236143435
0.00276224653336124
-0.01872454721251942
-0.01642720139655995
-0.00915593536976586
-0.09946212304866404
-0.07915110041082438
-0.01515795378105751
-0.01608181326270056
0.07292583531577169
-0.11231253807172824
0.00072265237228785
0.07870442349529512
0.02171067846491751
0.04404508105296650
-0.01004989324916554
-0.10388746101261083
0.06652087083125742
-0.04545837833793786
0.01737559622210158
0.02164694077045285
0.15636471075807060
0.04608644933320293
0.04120806758265385
-0.01195720083979881
0.07942232297719851
-0.09573399190023213
0.04565834580380033
-0.05146590857798591
0.08632945689094566
0.10619461431304270
-0.01190933106991441
0.03972284254499612
0.01438203718220521
-0.04013823339839089
0.06949242234390982
-0.00379724673414041
-0.09899865484307982
-0.02241409475699195
-0.02982559101270775
0.02103509712283863
-0.04175782028740514
0.04639945413026133
0.10936421912466207
-0.04071886935284974
0.09501724550422877
0.08835138194273444
0.02511931168699966
-0.01482460305630434
-0.02379213326385504
-0.04775620072246840
-0.03841466250083604
0.00559923384559435
-0.02435422172547963
0.05808934337549496
-0.05725480273687859
0.02704757420425545
-0.03207370175872532
-0.04317475977170696
0.06303521110706428
0.09788537884158810
-0.01475482230686181
0.06322875911619251
0.06212991123866274
0.01579714036018399
0.01862478639512708
0.10622026998541512
0.06350762542649024
-0.03216661356774375
-0.04824602312935971
0.11821123907909221
0.02678288304519529
-0.04354304244647692
-0.03764030058340338
-0.05851863298093001
-0.05052020530003277
0.01335088873009760
-0.01433462769154815
